Phase,Duration (s),Start,End,Gapped
?,12,2026-02-25T00:00:00+13:00[Pacific/Auckland],2026-02-25T00:00:12+13:00[Pacific/Auckland],
B,16,2026-02-25T00:00:12+13:00[Pacific/Auckland],2026-02-25T00:00:28+13:00[Pacific/Auckland],Yes
C,17,2026-02-25T00:00:28+13:00[Pacific/Auckland],2026-02-25T00:00:45+13:00[Pacific/Auckland],Yes
D,16,2026-02-25T00:00:45+13:00[Pacific/Auckland],2026-02-25T00:01:01+13:00[Pacific/Auckland],Yes
<A>,11,2026-02-25T00:01:01+13:00[Pacific/Auckland],2026-02-25T00:01:12+13:00[Pacific/Auckland],Yes
B,16,2026-02-25T00:01:12+13:00[Pacific/Auckland],2026-02-25T00:01:28+13:00[Pacific/Auckland],Yes
<A>,77,2026-02-25T00:01:28+13:00[Pacific/Auckland],2026-02-25T00:02:45+13:00[Pacific/Auckland],Yes
C,13,2026-02-25T00:02:45+13:00[Pacific/Auckland],2026-02-25T00:02:58+13:00[Pacific/Auckland],Yes
<A>,33,2026-02-25T00:02:58+13:00[Pacific/Auckland],2026-02-25T00:03:31+13:00[Pacific/Auckland],
B,16,2026-02-25T00:03:31+13:00[Pacific/Auckland],2026-02-25T00:03:47+13:00[Pacific/Auckland],Yes
<A>,34,2026-02-25T00:03:47+13:00[Pacific/Auckland],2026-02-25T00:04:21+13:00[Pacific/Auckland],Yes
B,16,2026-02-25T00:04:21+13:00[Pacific/Auckland],2026-02-25T00:04:37+13:00[Pacific/Auckland],Yes
<A>,234,2026-02-25T00:04:37+13:00[Pacific/Auckland],2026-02-25T00:08:31+13:00[Pacific/Auckland],
B,16,2026-02-25T00:08:31+13:00[Pacific/Auckland],2026-02-25T00:08:47+13:00[Pacific/Auckland],Yes
<A>,11,2026-02-25T00:08:47+13:00[Pacific/Auckland],2026-02-25T00:08:58+13:00[Pacific/Auckland],Yes
C,15,2026-02-25T00:08:58+13:00[Pacific/Auckland],2026-02-25T00:09:13+13:00[Pacific/Auckland],Yes
<A>,204,2026-02-25T00:09:13+13:00[Pacific/Auckland],2026-02-25T00:12:37+13:00[Pacific/Auckland],
B,16,2026-02-25T00:12:37+13:00[Pacific/Auckland],2026-02-25T00:12:53+13:00[Pacific/Auckland],Yes
D,16,2026-02-25T00:12:53+13:00[Pacific/Auckland],2026-02-25T00:13:09+13:00[Pacific/Auckland],Yes
<A>,52,2026-02-25T00:13:09+13:00[Pacific/Auckland],2026-02-25T00:14:01+13:00[Pacific/Auckland],Yes
C,12,2026-02-25T00:14:01+13:00[Pacific/Auckland],2026-02-25T00:14:13+13:00[Pacific/Auckland],Yes
<A>,23,2026-02-25T00:14:13+13:00[Pacific/Auckland],2026-02-25T00:14:36+13:00[Pacific/Auckland],
B,16,2026-02-25T00:14:36+13:00[Pacific/Auckland],2026-02-25T00:14:52+13:00[Pacific/Auckland],Yes
<A>,23,2026-02-25T00:14:52+13:00[Pacific/Auckland],2026-02-25T00:15:15+13:00[Pacific/Auckland],Yes
C,13,2026-02-25T00:15:15+13:00[Pacific/Auckland],2026-02-25T00:15:28+13:00[Pacific/Auckland],Yes
<A>,13,2026-02-25T00:15:28+13:00[Pacific/Auckland],2026-02-25T00:15:41+13:00[Pacific/Auckland],Yes
B,16,2026-02-25T00:15:41+13:00[Pacific/Auckland],2026-02-25T00:15:57+13:00[Pacific/Auckland],Yes
C,16,2026-02-25T00:15:57+13:00[Pacific/Auckland],2026-02-25T00:16:13+13:00[Pacific/Auckland],Yes
D,16,2026-02-25T00:16:13+13:00[Pacific/Auckland],2026-02-25T00:16:29+13:00[Pacific/Auckland],Yes
<A>,106,2026-02-25T00:16:29+13:00[Pacific/Auckland],2026-02-25T00:18:15+13:00[Pacific/Auckland],
B,16,2026-02-25T00:18:15+13:00[Pacific/Auckland],2026-02-25T00:18:31+13:00[Pacific/Auckland],Yes
<A>,13,2026-02-25T00:18:31+13:00[Pacific/Auckland],2026-02-25T00:18:44+13:00[Pacific/Auckland],Yes
C,12,2026-02-25T00:18:44+13:00[Pacific/Auckland],2026-02-25T00:18:56+13:00[Pacific/Auckland],Yes
<A>,161,2026-02-25T00:18:56+13:00[Pacific/Auckland],2026-02-25T00:21:37+13:00[Pacific/Auckland],
B,16,2026-02-25T00:21:37+13:00[Pacific/Auckland],2026-02-25T00:21:53+13:00[Pacific/Auckland],Yes
C,17,2026-02-25T00:21:53+13:00[Pacific/Auckland],2026-02-25T00:22:10+13:00[Pacific/Auckland],Yes
<A>,208,2026-02-25T00:22:10+13:00[Pacific/Auckland],2026-02-25T00:25:38+13:00[Pacific/Auckland],Yes
C,16,2026-02-25T00:25:38+13:00[Pacific/Auckland],2026-02-25T00:25:54+13:00[Pacific/Auckland],Yes
<A>,54,2026-02-25T00:25:54+13:00[Pacific/Auckland],2026-02-25T00:26:48+13:00[Pacific/Auckland],Yes
D,18,2026-02-25T00:26:48+13:00[Pacific/Auckland],2026-02-25T00:27:06+13:00[Pacific/Auckland],Yes
<A>,11,2026-02-25T00:27:06+13:00[Pacific/Auckland],2026-02-25T00:27:17+13:00[Pacific/Auckland],Yes
B,16,2026-02-25T00:27:17+13:00[Pacific/Auckland],2026-02-25T00:27:33+13:00[Pacific/Auckland],Yes
<A>,63,2026-02-25T00:27:33+13:00[Pacific/Auckland],2026-02-25T00:28:36+13:00[Pacific/Auckland],Yes
C,13,2026-02-25T00:28:36+13:00[Pacific/Auckland],2026-02-25T00:28:49+13:00[Pacific/Auckland],Yes
<A>,152,2026-02-25T00:28:49+13:00[Pacific/Auckland],2026-02-25T00:31:21+13:00[Pacific/Auckland],
B,16,2026-02-25T00:31:21+13:00[Pacific/Auckland],2026-02-25T00:31:37+13:00[Pacific/Auckland],Yes
<A>,127,2026-02-25T00:31:37+13:00[Pacific/Auckland],2026-02-25T00:33:44+13:00[Pacific/Auckland],
B,16,2026-02-25T00:33:44+13:00[Pacific/Auckland],2026-02-25T00:34:00+13:00[Pacific/Auckland],Yes
<A>,61,2026-02-25T00:34:00+13:00[Pacific/Auckland],2026-02-25T00:35:01+13:00[Pacific/Auckland],Yes
C,14,2026-02-25T00:35:01+13:00[Pacific/Auckland],2026-02-25T00:35:15+13:00[Pacific/Auckland],Yes
<A>,139,2026-02-25T00:35:15+13:00[Pacific/Auckland],2026-02-25T00:37:34+13:00[Pacific/Auckland],
B,16,2026-02-25T00:37:34+13:00[Pacific/Auckland],2026-02-25T00:37:50+13:00[Pacific/Auckland],Yes
<A>,14,2026-02-25T00:37:50+13:00[Pacific/Auckland],2026-02-25T00:38:04+13:00[Pacific/Auckland],Yes
D,17,2026-02-25T00:38:04+13:00[Pacific/Auckland],2026-02-25T00:38:21+13:00[Pacific/Auckland],Yes
<A>,115,2026-02-25T00:38:21+13:00[Pacific/Auckland],2026-02-25T00:40:16+13:00[Pacific/Auckland],Yes
C,13,2026-02-25T00:40:16+13:00[Pacific/Auckland],2026-02-25T00:40:29+13:00[Pacific/Auckland],Yes
<A>,225,2026-02-25T00:40:29+13:00[Pacific/Auckland],2026-02-25T00:44:14+13:00[Pacific/Auckland],
B,16,2026-02-25T00:44:14+13:00[Pacific/Auckland],2026-02-25T00:44:30+13:00[Pacific/Auckland],Yes
<A>,11,2026-02-25T00:44:30+13:00[Pacific/Auckland],2026-02-25T00:44:41+13:00[Pacific/Auckland],Yes
C,14,2026-02-25T00:44:41+13:00[Pacific/Auckland],2026-02-25T00:44:55+13:00[Pacific/Auckland],Yes
<A>,533,2026-02-25T00:44:55+13:00[Pacific/Auckland],2026-02-25T00:53:48+13:00[Pacific/Auckland],
B,16,2026-02-25T00:53:48+13:00[Pacific/Auckland],2026-02-25T00:54:04+13:00[Pacific/Auckland],Yes
C,17,2026-02-25T00:54:04+13:00[Pacific/Auckland],2026-02-25T00:54:21+13:00[Pacific/Auckland],Yes
<A>,32,2026-02-25T00:54:21+13:00[Pacific/Auckland],2026-02-25T00:54:53+13:00[Pacific/Auckland],Yes
C,13,2026-02-25T00:54:53+13:00[Pacific/Auckland],2026-02-25T00:55:06+13:00[Pacific/Auckland],Yes
<A>,48,2026-02-25T00:55:06+13:00[Pacific/Auckland],2026-02-25T00:55:54+13:00[Pacific/Auckland],
B,16,2026-02-25T00:55:54+13:00[Pacific/Auckland],2026-02-25T00:56:10+13:00[Pacific/Auckland],Yes
<A>,11,2026-02-25T00:56:10+13:00[Pacific/Auckland],2026-02-25T00:56:21+13:00[Pacific/Auckland],Yes
C,12,2026-02-25T00:56:21+13:00[Pacific/Auckland],2026-02-25T00:56:33+13:00[Pacific/Auckland],Yes
<A>,11,2026-02-25T00:56:33+13:00[Pacific/Auckland],2026-02-25T00:56:44+13:00[Pacific/Auckland],Yes
D,16,2026-02-25T00:56:44+13:00[Pacific/Auckland],2026-02-25T00:57:00+13:00[Pacific/Auckland],Yes
<A>,22,2026-02-25T00:57:00+13:00[Pacific/Auckland],2026-02-25T00:57:22+13:00[Pacific/Auckland],Yes
C,12,2026-02-25T00:57:22+13:00[Pacific/Auckland],2026-02-25T00:57:34+13:00[Pacific/Auckland],Yes
<A>,70,2026-02-25T00:57:34+13:00[Pacific/Auckland],2026-02-25T00:58:44+13:00[Pacific/Auckland],
B,17,2026-02-25T00:58:44+13:00[Pacific/Auckland],2026-02-25T00:59:01+13:00[Pacific/Auckland],Yes
D,15,2026-02-25T00:59:01+13:00[Pacific/Auckland],2026-02-25T00:59:16+13:00[Pacific/Auckland],Yes
<A>,52,2026-02-25T00:59:16+13:00[Pacific/Auckland],2026-02-25T01:00:08+13:00[Pacific/Auckland],Yes
C,13,2026-02-25T01:00:08+13:00[Pacific/Auckland],2026-02-25T01:00:21+13:00[Pacific/Auckland],Yes
<A>,20,2026-02-25T01:00:21+13:00[Pacific/Auckland],2026-02-25T01:00:41+13:00[Pacific/Auckland],
B,16,2026-02-25T01:00:41+13:00[Pacific/Auckland],2026-02-25T01:00:57+13:00[Pacific/Auckland],Yes
D,16,2026-02-25T01:00:57+13:00[Pacific/Auckland],2026-02-25T01:01:13+13:00[Pacific/Auckland],Yes
<A>,11,2026-02-25T01:01:13+13:00[Pacific/Auckland],2026-02-25T01:01:24+13:00[Pacific/Auckland],Yes
C,12,2026-02-25T01:01:24+13:00[Pacific/Auckland],2026-02-25T01:01:36+13:00[Pacific/Auckland],Yes
<A>,164,2026-02-25T01:01:36+13:00[Pacific/Auckland],2026-02-25T01:04:20+13:00[Pacific/Auckland],
B,16,2026-02-25T01:04:20+13:00[Pacific/Auckland],2026-02-25T01:04:36+13:00[Pacific/Auckland],Yes
<A>,17,2026-02-25T01:04:36+13:00[Pacific/Auckland],2026-02-25T01:04:53+13:00[Pacific/Auckland],Yes
C,12,2026-02-25T01:04:53+13:00[Pacific/Auckland],2026-02-25T01:05:05+13:00[Pacific/Auckland],Yes
<A>,386,2026-02-25T01:05:05+13:00[Pacific/Auckland],2026-02-25T01:11:31+13:00[Pacific/Auckland],
B,16,2026-02-25T01:11:31+13:00[Pacific/Auckland],2026-02-25T01:11:47+13:00[Pacific/Auckland],Yes
<A>,209,2026-02-25T01:11:47+13:00[Pacific/Auckland],2026-02-25T01:15:16+13:00[Pacific/Auckland],Yes
C,13,2026-02-25T01:15:16+13:00[Pacific/Auckland],2026-02-25T01:15:29+13:00[Pacific/Auckland],Yes
<A>,224,2026-02-25T01:15:29+13:00[Pacific/Auckland],2026-02-25T01:19:13+13:00[Pacific/Auckland],
B,16,2026-02-25T01:19:13+13:00[Pacific/Auckland],2026-02-25T01:19:29+13:00[Pacific/Auckland],Yes
C,17,2026-02-25T01:19:29+13:00[Pacific/Auckland],2026-02-25T01:19:46+13:00[Pacific/Auckland],Yes
<A>,18,2026-02-25T01:19:46+13:00[Pacific/Auckland],2026-02-25T01:20:04+13:00[Pacific/Auckland],Yes
C,12,2026-02-25T01:20:04+13:00[Pacific/Auckland],2026-02-25T01:20:16+13:00[Pacific/Auckland],Yes
<A>,255,2026-02-25T01:20:16+13:00[Pacific/Auckland],2026-02-25T01:24:31+13:00[Pacific/Auckland],
B,16,2026-02-25T01:24:31+13:00[Pacific/Auckland],2026-02-25T01:24:47+13:00[Pacific/Auckland],Yes
<A>,288,2026-02-25T01:24:47+13:00[Pacific/Auckland],2026-02-25T01:29:35+13:00[Pacific/Auckland],
B,16,2026-02-25T01:29:35+13:00[Pacific/Auckland],2026-02-25T01:29:51+13:00[Pacific/Auckland],Yes
C,17,2026-02-25T01:29:51+13:00[Pacific/Auckland],2026-02-25T01:30:08+13:00[Pacific/Auckland],Yes
<A>,419,2026-02-25T01:30:08+13:00[Pacific/Auckland],2026-02-25T01:37:07+13:00[Pacific/Auckland],Yes
B,16,2026-02-25T01:37:07+13:00[Pacific/Auckland],2026-02-25T01:37:23+13:00[Pacific/Auckland],Yes
C,17,2026-02-25T01:37:23+13:00[Pacific/Auckland],2026-02-25T01:37:40+13:00[Pacific/Auckland],Yes
<A>,108,2026-02-25T01:37:40+13:00[Pacific/Auckland],2026-02-25T01:39:28+13:00[Pacific/Auckland],Yes
C,13,2026-02-25T01:39:28+13:00[Pacific/Auckland],2026-02-25T01:39:41+13:00[Pacific/Auckland],Yes
<A>,37,2026-02-25T01:39:41+13:00[Pacific/Auckland],2026-02-25T01:40:18+13:00[Pacific/Auckland],
B,16,2026-02-25T01:40:18+13:00[Pacific/Auckland],2026-02-25T01:40:34+13:00[Pacific/Auckland],Yes
<A>,535,2026-02-25T01:40:34+13:00[Pacific/Auckland],2026-02-25T01:49:29+13:00[Pacific/Auckland],
B,17,2026-02-25T01:49:29+13:00[Pacific/Auckland],2026-02-25T01:49:46+13:00[Pacific/Auckland],Yes
<A>,12,2026-02-25T01:49:46+13:00[Pacific/Auckland],2026-02-25T01:49:58+13:00[Pacific/Auckland],Yes
C,16,2026-02-25T01:49:58+13:00[Pacific/Auckland],2026-02-25T01:50:14+13:00[Pacific/Auckland],Yes
<A>,470,2026-02-25T01:50:14+13:00[Pacific/Auckland],2026-02-25T01:58:04+13:00[Pacific/Auckland],
B,16,2026-02-25T01:58:04+13:00[Pacific/Auckland],2026-02-25T01:58:20+13:00[Pacific/Auckland],Yes
<A>,124,2026-02-25T01:58:20+13:00[Pacific/Auckland],2026-02-25T02:00:24+13:00[Pacific/Auckland],
B,17,2026-02-25T02:00:24+13:00[Pacific/Auckland],2026-02-25T02:00:41+13:00[Pacific/Auckland],Yes
<A>,64,2026-02-25T02:00:41+13:00[Pacific/Auckland],2026-02-25T02:01:45+13:00[Pacific/Auckland],Yes
C,13,2026-02-25T02:01:45+13:00[Pacific/Auckland],2026-02-25T02:01:58+13:00[Pacific/Auckland],Yes
<A>,13,2026-02-25T02:01:58+13:00[Pacific/Auckland],2026-02-25T02:02:11+13:00[Pacific/Auckland],Yes
C,13,2026-02-25T02:02:11+13:00[Pacific/Auckland],2026-02-25T02:02:24+13:00[Pacific/Auckland],Yes
<A>,49,2026-02-25T02:02:24+13:00[Pacific/Auckland],2026-02-25T02:03:13+13:00[Pacific/Auckland],Yes
C,13,2026-02-25T02:03:13+13:00[Pacific/Auckland],2026-02-25T02:03:26+13:00[Pacific/Auckland],Yes
<A>,269,2026-02-25T02:03:26+13:00[Pacific/Auckland],2026-02-25T02:07:55+13:00[Pacific/Auckland],
B,16,2026-02-25T02:07:55+13:00[Pacific/Auckland],2026-02-25T02:08:11+13:00[Pacific/Auckland],Yes
D,16,2026-02-25T02:08:11+13:00[Pacific/Auckland],2026-02-25T02:08:27+13:00[Pacific/Auckland],Yes
<A>,553,2026-02-25T02:08:27+13:00[Pacific/Auckland],2026-02-25T02:17:40+13:00[Pacific/Auckland],
B,16,2026-02-25T02:17:40+13:00[Pacific/Auckland],2026-02-25T02:17:56+13:00[Pacific/Auckland],Yes
C,17,2026-02-25T02:17:56+13:00[Pacific/Auckland],2026-02-25T02:18:13+13:00[Pacific/Auckland],Yes
<A>,54,2026-02-25T02:18:13+13:00[Pacific/Auckland],2026-02-25T02:19:07+13:00[Pacific/Auckland],Yes
C,13,2026-02-25T02:19:07+13:00[Pacific/Auckland],2026-02-25T02:19:20+13:00[Pacific/Auckland],Yes
<A>,128,2026-02-25T02:19:20+13:00[Pacific/Auckland],2026-02-25T02:21:28+13:00[Pacific/Auckland],
B,16,2026-02-25T02:21:28+13:00[Pacific/Auckland],2026-02-25T02:21:44+13:00[Pacific/Auckland],Yes
C,17,2026-02-25T02:21:44+13:00[Pacific/Auckland],2026-02-25T02:22:01+13:00[Pacific/Auckland],Yes
<A>,177,2026-02-25T02:22:01+13:00[Pacific/Auckland],2026-02-25T02:24:58+13:00[Pacific/Auckland],
B,16,2026-02-25T02:24:58+13:00[Pacific/Auckland],2026-02-25T02:25:14+13:00[Pacific/Auckland],Yes
<A>,48,2026-02-25T02:25:14+13:00[Pacific/Auckland],2026-02-25T02:26:02+13:00[Pacific/Auckland],Yes
C,14,2026-02-25T02:26:02+13:00[Pacific/Auckland],2026-02-25T02:26:16+13:00[Pacific/Auckland],Yes
<A>,348,2026-02-25T02:26:16+13:00[Pacific/Auckland],2026-02-25T02:32:04+13:00[Pacific/Auckland],
B,16,2026-02-25T02:32:04+13:00[Pacific/Auckland],2026-02-25T02:32:20+13:00[Pacific/Auckland],Yes
<A>,370,2026-02-25T02:32:20+13:00[Pacific/Auckland],2026-02-25T02:38:30+13:00[Pacific/Auckland],
B,16,2026-02-25T02:38:30+13:00[Pacific/Auckland],2026-02-25T02:38:46+13:00[Pacific/Auckland],Yes
D,16,2026-02-25T02:38:46+13:00[Pacific/Auckland],2026-02-25T02:39:02+13:00[Pacific/Auckland],Yes
<A>,138,2026-02-25T02:39:02+13:00[Pacific/Auckland],2026-02-25T02:41:20+13:00[Pacific/Auckland],
B,17,2026-02-25T02:41:20+13:00[Pacific/Auckland],2026-02-25T02:41:37+13:00[Pacific/Auckland],Yes
<A>,137,2026-02-25T02:41:37+13:00[Pacific/Auckland],2026-02-25T02:43:54+13:00[Pacific/Auckland],
B,16,2026-02-25T02:43:54+13:00[Pacific/Auckland],2026-02-25T02:44:10+13:00[Pacific/Auckland],Yes
<A>,204,2026-02-25T02:44:10+13:00[Pacific/Auckland],2026-02-25T02:47:34+13:00[Pacific/Auckland],
B,16,2026-02-25T02:47:34+13:00[Pacific/Auckland],2026-02-25T02:47:50+13:00[Pacific/Auckland],Yes
C,17,2026-02-25T02:47:50+13:00[Pacific/Auckland],2026-02-25T02:48:07+13:00[Pacific/Auckland],Yes
<A>,76,2026-02-25T02:48:07+13:00[Pacific/Auckland],2026-02-25T02:49:23+13:00[Pacific/Auckland],
B,16,2026-02-25T02:49:23+13:00[Pacific/Auckland],2026-02-25T02:49:39+13:00[Pacific/Auckland],Yes
C,17,2026-02-25T02:49:39+13:00[Pacific/Auckland],2026-02-25T02:49:56+13:00[Pacific/Auckland],Yes
<A>,182,2026-02-25T02:49:56+13:00[Pacific/Auckland],2026-02-25T02:52:58+13:00[Pacific/Auckland],
B,16,2026-02-25T02:52:58+13:00[Pacific/Auckland],2026-02-25T02:53:14+13:00[Pacific/Auckland],Yes
C,17,2026-02-25T02:53:14+13:00[Pacific/Auckland],2026-02-25T02:53:31+13:00[Pacific/Auckland],Yes
<A>,173,2026-02-25T02:53:31+13:00[Pacific/Auckland],2026-02-25T02:56:24+13:00[Pacific/Auckland],
B,16,2026-02-25T02:56:24+13:00[Pacific/Auckland],2026-02-25T02:56:40+13:00[Pacific/Auckland],Yes
<A>,48,2026-02-25T02:56:40+13:00[Pacific/Auckland],2026-02-25T02:57:28+13:00[Pacific/Auckland],Yes
C,14,2026-02-25T02:57:28+13:00[Pacific/Auckland],2026-02-25T02:57:42+13:00[Pacific/Auckland],Yes
<A>,493,2026-02-25T02:57:42+13:00[Pacific/Auckland],2026-02-25T03:05:55+13:00[Pacific/Auckland],
B,16,2026-02-25T03:05:55+13:00[Pacific/Auckland],2026-02-25T03:06:11+13:00[Pacific/Auckland],Yes
C,17,2026-02-25T03:06:11+13:00[Pacific/Auckland],2026-02-25T03:06:28+13:00[Pacific/Auckland],Yes
<A>,213,2026-02-25T03:06:28+13:00[Pacific/Auckland],2026-02-25T03:10:01+13:00[Pacific/Auckland],Yes
C,13,2026-02-25T03:10:01+13:00[Pacific/Auckland],2026-02-25T03:10:14+13:00[Pacific/Auckland],Yes
<A>,130,2026-02-25T03:10:14+13:00[Pacific/Auckland],2026-02-25T03:12:24+13:00[Pacific/Auckland],
B,16,2026-02-25T03:12:24+13:00[Pacific/Auckland],2026-02-25T03:12:40+13:00[Pacific/Auckland],Yes
<A>,111,2026-02-25T03:12:40+13:00[Pacific/Auckland],2026-02-25T03:14:31+13:00[Pacific/Auckland],Yes
C,13,2026-02-25T03:14:31+13:00[Pacific/Auckland],2026-02-25T03:14:44+13:00[Pacific/Auckland],Yes
<A>,20,2026-02-25T03:14:44+13:00[Pacific/Auckland],2026-02-25T03:15:04+13:00[Pacific/Auckland],Yes
D,17,2026-02-25T03:15:04+13:00[Pacific/Auckland],2026-02-25T03:15:21+13:00[Pacific/Auckland],Yes
<A>,64,2026-02-25T03:15:21+13:00[Pacific/Auckland],2026-02-25T03:16:25+13:00[Pacific/Auckland],
B,16,2026-02-25T03:16:25+13:00[Pacific/Auckland],2026-02-25T03:16:41+13:00[Pacific/Auckland],Yes
C,17,2026-02-25T03:16:41+13:00[Pacific/Auckland],2026-02-25T03:16:58+13:00[Pacific/Auckland],Yes
<A>,45,2026-02-25T03:16:58+13:00[Pacific/Auckland],2026-02-25T03:17:43+13:00[Pacific/Auckland],Yes
C,15,2026-02-25T03:17:43+13:00[Pacific/Auckland],2026-02-25T03:17:58+13:00[Pacific/Auckland],Yes
<A>,41,2026-02-25T03:17:58+13:00[Pacific/Auckland],2026-02-25T03:18:39+13:00[Pacific/Auckland],
B,16,2026-02-25T03:18:39+13:00[Pacific/Auckland],2026-02-25T03:18:55+13:00[Pacific/Auckland],Yes
<A>,151,2026-02-25T03:18:55+13:00[Pacific/Auckland],2026-02-25T03:21:26+13:00[Pacific/Auckland],
B,16,2026-02-25T03:21:26+13:00[Pacific/Auckland],2026-02-25T03:21:42+13:00[Pacific/Auckland],Yes
C,17,2026-02-25T03:21:42+13:00[Pacific/Auckland],2026-02-25T03:21:59+13:00[Pacific/Auckland],Yes
<A>,335,2026-02-25T03:21:59+13:00[Pacific/Auckland],2026-02-25T03:27:34+13:00[Pacific/Auckland],
B,16,2026-02-25T03:27:34+13:00[Pacific/Auckland],2026-02-25T03:27:50+13:00[Pacific/Auckland],Yes
C,17,2026-02-25T03:27:50+13:00[Pacific/Auckland],2026-02-25T03:28:07+13:00[Pacific/Auckland],Yes
<A>,108,2026-02-25T03:28:07+13:00[Pacific/Auckland],2026-02-25T03:29:55+13:00[Pacific/Auckland],Yes
D,18,2026-02-25T03:29:55+13:00[Pacific/Auckland],2026-02-25T03:30:13+13:00[Pacific/Auckland],Yes
<A>,277,2026-02-25T03:30:13+13:00[Pacific/Auckland],2026-02-25T03:34:50+13:00[Pacific/Auckland],
B,16,2026-02-25T03:34:50+13:00[Pacific/Auckland],2026-02-25T03:35:06+13:00[Pacific/Auckland],Yes
<A>,269,2026-02-25T03:35:06+13:00[Pacific/Auckland],2026-02-25T03:39:35+13:00[Pacific/Auckland],
B,16,2026-02-25T03:39:35+13:00[Pacific/Auckland],2026-02-25T03:39:51+13:00[Pacific/Auckland],Yes
C,17,2026-02-25T03:39:51+13:00[Pacific/Auckland],2026-02-25T03:40:08+13:00[Pacific/Auckland],Yes
<A>,115,2026-02-25T03:40:08+13:00[Pacific/Auckland],2026-02-25T03:42:03+13:00[Pacific/Auckland],Yes
C,13,2026-02-25T03:42:03+13:00[Pacific/Auckland],2026-02-25T03:42:16+13:00[Pacific/Auckland],Yes
<A>,164,2026-02-25T03:42:16+13:00[Pacific/Auckland],2026-02-25T03:45:00+13:00[Pacific/Auckland],
B,16,2026-02-25T03:45:00+13:00[Pacific/Auckland],2026-02-25T03:45:16+13:00[Pacific/Auckland],Yes
D,16,2026-02-25T03:45:16+13:00[Pacific/Auckland],2026-02-25T03:45:32+13:00[Pacific/Auckland],Yes
<A>,173,2026-02-25T03:45:32+13:00[Pacific/Auckland],2026-02-25T03:48:25+13:00[Pacific/Auckland],
B,16,2026-02-25T03:48:25+13:00[Pacific/Auckland],2026-02-25T03:48:41+13:00[Pacific/Auckland],Yes
D,16,2026-02-25T03:48:41+13:00[Pacific/Auckland],2026-02-25T03:48:57+13:00[Pacific/Auckland],Yes
<A>,50,2026-02-25T03:48:57+13:00[Pacific/Auckland],2026-02-25T03:49:47+13:00[Pacific/Auckland],Yes
C,13,2026-02-25T03:49:47+13:00[Pacific/Auckland],2026-02-25T03:50:00+13:00[Pacific/Auckland],Yes
<A>,203,2026-02-25T03:50:00+13:00[Pacific/Auckland],2026-02-25T03:53:23+13:00[Pacific/Auckland],
B,16,2026-02-25T03:53:23+13:00[Pacific/Auckland],2026-02-25T03:53:39+13:00[Pacific/Auckland],Yes
<A>,16,2026-02-25T03:53:39+13:00[Pacific/Auckland],2026-02-25T03:53:55+13:00[Pacific/Auckland],Yes
C,13,2026-02-25T03:53:55+13:00[Pacific/Auckland],2026-02-25T03:54:08+13:00[Pacific/Auckland],Yes
<A>,74,2026-02-25T03:54:08+13:00[Pacific/Auckland],2026-02-25T03:55:22+13:00[Pacific/Auckland],
B,16,2026-02-25T03:55:22+13:00[Pacific/Auckland],2026-02-25T03:55:38+13:00[Pacific/Auckland],Yes
<A>,376,2026-02-25T03:55:38+13:00[Pacific/Auckland],2026-02-25T04:01:54+13:00[Pacific/Auckland],
B,16,2026-02-25T04:01:54+13:00[Pacific/Auckland],2026-02-25T04:02:10+13:00[Pacific/Auckland],Yes
<A>,143,2026-02-25T04:02:10+13:00[Pacific/Auckland],2026-02-25T04:04:33+13:00[Pacific/Auckland],
B,16,2026-02-25T04:04:33+13:00[Pacific/Auckland],2026-02-25T04:04:49+13:00[Pacific/Auckland],Yes
C,17,2026-02-25T04:04:49+13:00[Pacific/Auckland],2026-02-25T04:05:06+13:00[Pacific/Auckland],Yes
<A>,68,2026-02-25T04:05:06+13:00[Pacific/Auckland],2026-02-25T04:06:14+13:00[Pacific/Auckland],
B,16,2026-02-25T04:06:14+13:00[Pacific/Auckland],2026-02-25T04:06:30+13:00[Pacific/Auckland],Yes
<A>,160,2026-02-25T04:06:30+13:00[Pacific/Auckland],2026-02-25T04:09:10+13:00[Pacific/Auckland],
B,17,2026-02-25T04:09:10+13:00[Pacific/Auckland],2026-02-25T04:09:27+13:00[Pacific/Auckland],Yes
C,16,2026-02-25T04:09:27+13:00[Pacific/Auckland],2026-02-25T04:09:43+13:00[Pacific/Auckland],Yes
<A>,346,2026-02-25T04:09:43+13:00[Pacific/Auckland],2026-02-25T04:15:29+13:00[Pacific/Auckland],
B,16,2026-02-25T04:15:29+13:00[Pacific/Auckland],2026-02-25T04:15:45+13:00[Pacific/Auckland],Yes
<A>,38,2026-02-25T04:15:45+13:00[Pacific/Auckland],2026-02-25T04:16:23+13:00[Pacific/Auckland],Yes
C,12,2026-02-25T04:16:23+13:00[Pacific/Auckland],2026-02-25T04:16:35+13:00[Pacific/Auckland],Yes
<A>,148,2026-02-25T04:16:35+13:00[Pacific/Auckland],2026-02-25T04:19:03+13:00[Pacific/Auckland],
B,16,2026-02-25T04:19:03+13:00[Pacific/Auckland],2026-02-25T04:19:19+13:00[Pacific/Auckland],Yes
C,17,2026-02-25T04:19:19+13:00[Pacific/Auckland],2026-02-25T04:19:36+13:00[Pacific/Auckland],Yes
<A>,59,2026-02-25T04:19:36+13:00[Pacific/Auckland],2026-02-25T04:20:35+13:00[Pacific/Auckland],Yes
C,13,2026-02-25T04:20:35+13:00[Pacific/Auckland],2026-02-25T04:20:48+13:00[Pacific/Auckland],Yes
<A>,108,2026-02-25T04:20:48+13:00[Pacific/Auckland],2026-02-25T04:22:36+13:00[Pacific/Auckland],Yes
C,12,2026-02-25T04:22:36+13:00[Pacific/Auckland],2026-02-25T04:22:48+13:00[Pacific/Auckland],Yes
<A>,166,2026-02-25T04:22:48+13:00[Pacific/Auckland],2026-02-25T04:25:34+13:00[Pacific/Auckland],
B,17,2026-02-25T04:25:34+13:00[Pacific/Auckland],2026-02-25T04:25:51+13:00[Pacific/Auckland],Yes
<A>,213,2026-02-25T04:25:51+13:00[Pacific/Auckland],2026-02-25T04:29:24+13:00[Pacific/Auckland],Yes
D,17,2026-02-25T04:29:24+13:00[Pacific/Auckland],2026-02-25T04:29:41+13:00[Pacific/Auckland],Yes
<A>,301,2026-02-25T04:29:41+13:00[Pacific/Auckland],2026-02-25T04:34:42+13:00[Pacific/Auckland],
B,16,2026-02-25T04:34:42+13:00[Pacific/Auckland],2026-02-25T04:34:58+13:00[Pacific/Auckland],Yes
D,16,2026-02-25T04:34:58+13:00[Pacific/Auckland],2026-02-25T04:35:14+13:00[Pacific/Auckland],Yes
<A>,154,2026-02-25T04:35:14+13:00[Pacific/Auckland],2026-02-25T04:37:48+13:00[Pacific/Auckland],
B,16,2026-02-25T04:37:48+13:00[Pacific/Auckland],2026-02-25T04:38:04+13:00[Pacific/Auckland],Yes
<A>,55,2026-02-25T04:38:04+13:00[Pacific/Auckland],2026-02-25T04:38:59+13:00[Pacific/Auckland],Yes
C,13,2026-02-25T04:38:59+13:00[Pacific/Auckland],2026-02-25T04:39:12+13:00[Pacific/Auckland],Yes
<A>,354,2026-02-25T04:39:12+13:00[Pacific/Auckland],2026-02-25T04:45:06+13:00[Pacific/Auckland],
B,16,2026-02-25T04:45:06+13:00[Pacific/Auckland],2026-02-25T04:45:22+13:00[Pacific/Auckland],Yes
C,17,2026-02-25T04:45:22+13:00[Pacific/Auckland],2026-02-25T04:45:39+13:00[Pacific/Auckland],Yes
<A>,170,2026-02-25T04:45:39+13:00[Pacific/Auckland],2026-02-25T04:48:29+13:00[Pacific/Auckland],
B,16,2026-02-25T04:48:29+13:00[Pacific/Auckland],2026-02-25T04:48:45+13:00[Pacific/Auckland],Yes
C,17,2026-02-25T04:48:45+13:00[Pacific/Auckland],2026-02-25T04:49:02+13:00[Pacific/Auckland],Yes
<A>,47,2026-02-25T04:49:02+13:00[Pacific/Auckland],2026-02-25T04:49:49+13:00[Pacific/Auckland],Yes
C,34,2026-02-25T04:49:49+13:00[Pacific/Auckland],2026-02-25T04:50:23+13:00[Pacific/Auckland],Yes
<A>,43,2026-02-25T04:50:23+13:00[Pacific/Auckland],2026-02-25T04:51:06+13:00[Pacific/Auckland],Yes
C,12,2026-02-25T04:51:06+13:00[Pacific/Auckland],2026-02-25T04:51:18+13:00[Pacific/Auckland],Yes
<A>,127,2026-02-25T04:51:18+13:00[Pacific/Auckland],2026-02-25T04:53:25+13:00[Pacific/Auckland],
B,16,2026-02-25T04:53:25+13:00[Pacific/Auckland],2026-02-25T04:53:41+13:00[Pacific/Auckland],Yes
C,19,2026-02-25T04:53:41+13:00[Pacific/Auckland],2026-02-25T04:54:00+13:00[Pacific/Auckland],Yes
<A>,22,2026-02-25T04:54:00+13:00[Pacific/Auckland],2026-02-25T04:54:22+13:00[Pacific/Auckland],Yes
C,13,2026-02-25T04:54:22+13:00[Pacific/Auckland],2026-02-25T04:54:35+13:00[Pacific/Auckland],Yes
<A>,437,2026-02-25T04:54:35+13:00[Pacific/Auckland],2026-02-25T05:01:52+13:00[Pacific/Auckland],
B,19,2026-02-25T05:01:52+13:00[Pacific/Auckland],2026-02-25T05:02:11+13:00[Pacific/Auckland],Yes
D,19,2026-02-25T05:02:11+13:00[Pacific/Auckland],2026-02-25T05:02:30+13:00[Pacific/Auckland],Yes
<A>,11,2026-02-25T05:02:30+13:00[Pacific/Auckland],2026-02-25T05:02:41+13:00[Pacific/Auckland],Yes
B,17,2026-02-25T05:02:41+13:00[Pacific/Auckland],2026-02-25T05:02:58+13:00[Pacific/Auckland],Yes
C,16,2026-02-25T05:02:58+13:00[Pacific/Auckland],2026-02-25T05:03:14+13:00[Pacific/Auckland],Yes
D,16,2026-02-25T05:03:14+13:00[Pacific/Auckland],2026-02-25T05:03:30+13:00[Pacific/Auckland],Yes
<A>,13,2026-02-25T05:03:30+13:00[Pacific/Auckland],2026-02-25T05:03:43+13:00[Pacific/Auckland],Yes
D,17,2026-02-25T05:03:43+13:00[Pacific/Auckland],2026-02-25T05:04:00+13:00[Pacific/Auckland],Yes
<A>,115,2026-02-25T05:04:00+13:00[Pacific/Auckland],2026-02-25T05:05:55+13:00[Pacific/Auckland],Yes
C,13,2026-02-25T05:05:55+13:00[Pacific/Auckland],2026-02-25T05:06:08+13:00[Pacific/Auckland],Yes
<A>,131,2026-02-25T05:06:08+13:00[Pacific/Auckland],2026-02-25T05:08:19+13:00[Pacific/Auckland],
B,16,2026-02-25T05:08:19+13:00[Pacific/Auckland],2026-02-25T05:08:35+13:00[Pacific/Auckland],Yes
C,17,2026-02-25T05:08:35+13:00[Pacific/Auckland],2026-02-25T05:08:52+13:00[Pacific/Auckland],Yes
<A>,368,2026-02-25T05:08:52+13:00[Pacific/Auckland],2026-02-25T05:15:00+13:00[Pacific/Auckland],
B,16,2026-02-25T05:15:00+13:00[Pacific/Auckland],2026-02-25T05:15:16+13:00[Pacific/Auckland],Yes
C,17,2026-02-25T05:15:16+13:00[Pacific/Auckland],2026-02-25T05:15:33+13:00[Pacific/Auckland],Yes
D,16,2026-02-25T05:15:33+13:00[Pacific/Auckland],2026-02-25T05:15:49+13:00[Pacific/Auckland],Yes
<A>,19,2026-02-25T05:15:49+13:00[Pacific/Auckland],2026-02-25T05:16:08+13:00[Pacific/Auckland],Yes
C,12,2026-02-25T05:16:08+13:00[Pacific/Auckland],2026-02-25T05:16:20+13:00[Pacific/Auckland],Yes
<A>,94,2026-02-25T05:16:20+13:00[Pacific/Auckland],2026-02-25T05:17:54+13:00[Pacific/Auckland],
B,16,2026-02-25T05:17:54+13:00[Pacific/Auckland],2026-02-25T05:18:10+13:00[Pacific/Auckland],Yes
<A>,98,2026-02-25T05:18:10+13:00[Pacific/Auckland],2026-02-25T05:19:48+13:00[Pacific/Auckland],
B,16,2026-02-25T05:19:48+13:00[Pacific/Auckland],2026-02-25T05:20:04+13:00[Pacific/Auckland],Yes
<A>,53,2026-02-25T05:20:04+13:00[Pacific/Auckland],2026-02-25T05:20:57+13:00[Pacific/Auckland],Yes
C,20,2026-02-25T05:20:57+13:00[Pacific/Auckland],2026-02-25T05:21:17+13:00[Pacific/Auckland],Yes
<A>,21,2026-02-25T05:21:17+13:00[Pacific/Auckland],2026-02-25T05:21:38+13:00[Pacific/Auckland],
B,16,2026-02-25T05:21:38+13:00[Pacific/Auckland],2026-02-25T05:21:54+13:00[Pacific/Auckland],Yes
C,17,2026-02-25T05:21:54+13:00[Pacific/Auckland],2026-02-25T05:22:11+13:00[Pacific/Auckland],Yes
<A>,13,2026-02-25T05:22:11+13:00[Pacific/Auckland],2026-02-25T05:22:24+13:00[Pacific/Auckland],Yes
C,12,2026-02-25T05:22:24+13:00[Pacific/Auckland],2026-02-25T05:22:36+13:00[Pacific/Auckland],Yes
<A>,12,2026-02-25T05:22:36+13:00[Pacific/Auckland],2026-02-25T05:22:48+13:00[Pacific/Auckland],Yes
C,14,2026-02-25T05:22:48+13:00[Pacific/Auckland],2026-02-25T05:23:02+13:00[Pacific/Auckland],Yes
<A>,33,2026-02-25T05:23:02+13:00[Pacific/Auckland],2026-02-25T05:23:35+13:00[Pacific/Auckland],Yes
C,12,2026-02-25T05:23:35+13:00[Pacific/Auckland],2026-02-25T05:23:47+13:00[Pacific/Auckland],Yes
<A>,80,2026-02-25T05:23:47+13:00[Pacific/Auckland],2026-02-25T05:25:07+13:00[Pacific/Auckland],
B,16,2026-02-25T05:25:07+13:00[Pacific/Auckland],2026-02-25T05:25:23+13:00[Pacific/Auckland],Yes
C,17,2026-02-25T05:25:23+13:00[Pacific/Auckland],2026-02-25T05:25:40+13:00[Pacific/Auckland],Yes
<A>,16,2026-02-25T05:25:40+13:00[Pacific/Auckland],2026-02-25T05:25:56+13:00[Pacific/Auckland],Yes
C,13,2026-02-25T05:25:56+13:00[Pacific/Auckland],2026-02-25T05:26:09+13:00[Pacific/Auckland],Yes
<A>,11,2026-02-25T05:26:09+13:00[Pacific/Auckland],2026-02-25T05:26:20+13:00[Pacific/Auckland],Yes
B,17,2026-02-25T05:26:20+13:00[Pacific/Auckland],2026-02-25T05:26:37+13:00[Pacific/Auckland],Yes
D,15,2026-02-25T05:26:37+13:00[Pacific/Auckland],2026-02-25T05:26:52+13:00[Pacific/Auckland],Yes
<A>,28,2026-02-25T05:26:52+13:00[Pacific/Auckland],2026-02-25T05:27:20+13:00[Pacific/Auckland],Yes
C,14,2026-02-25T05:27:20+13:00[Pacific/Auckland],2026-02-25T05:27:34+13:00[Pacific/Auckland],Yes
<A>,24,2026-02-25T05:27:34+13:00[Pacific/Auckland],2026-02-25T05:27:58+13:00[Pacific/Auckland],
B,16,2026-02-25T05:27:58+13:00[Pacific/Auckland],2026-02-25T05:28:14+13:00[Pacific/Auckland],Yes
<A>,49,2026-02-25T05:28:14+13:00[Pacific/Auckland],2026-02-25T05:29:03+13:00[Pacific/Auckland],Yes
C,30,2026-02-25T05:29:03+13:00[Pacific/Auckland],2026-02-25T05:29:33+13:00[Pacific/Auckland],Yes
<A>,111,2026-02-25T05:29:33+13:00[Pacific/Auckland],2026-02-25T05:31:24+13:00[Pacific/Auckland],Yes
C,13,2026-02-25T05:31:24+13:00[Pacific/Auckland],2026-02-25T05:31:37+13:00[Pacific/Auckland],Yes
<A>,45,2026-02-25T05:31:37+13:00[Pacific/Auckland],2026-02-25T05:32:22+13:00[Pacific/Auckland],Yes
C,13,2026-02-25T05:32:22+13:00[Pacific/Auckland],2026-02-25T05:32:35+13:00[Pacific/Auckland],Yes
<A>,138,2026-02-25T05:32:35+13:00[Pacific/Auckland],2026-02-25T05:34:53+13:00[Pacific/Auckland],
B,16,2026-02-25T05:34:53+13:00[Pacific/Auckland],2026-02-25T05:35:09+13:00[Pacific/Auckland],Yes
<A>,14,2026-02-25T05:35:09+13:00[Pacific/Auckland],2026-02-25T05:35:23+13:00[Pacific/Auckland],Yes
C,12,2026-02-25T05:35:23+13:00[Pacific/Auckland],2026-02-25T05:35:35+13:00[Pacific/Auckland],Yes
<A>,13,2026-02-25T05:35:35+13:00[Pacific/Auckland],2026-02-25T05:35:48+13:00[Pacific/Auckland],Yes
C,13,2026-02-25T05:35:48+13:00[Pacific/Auckland],2026-02-25T05:36:01+13:00[Pacific/Auckland],Yes
<A>,21,2026-02-25T05:36:01+13:00[Pacific/Auckland],2026-02-25T05:36:22+13:00[Pacific/Auckland],Yes
C,14,2026-02-25T05:36:22+13:00[Pacific/Auckland],2026-02-25T05:36:36+13:00[Pacific/Auckland],Yes
<A>,39,2026-02-25T05:36:36+13:00[Pacific/Auckland],2026-02-25T05:37:15+13:00[Pacific/Auckland],Yes
C,12,2026-02-25T05:37:15+13:00[Pacific/Auckland],2026-02-25T05:37:27+13:00[Pacific/Auckland],Yes
<A>,67,2026-02-25T05:37:27+13:00[Pacific/Auckland],2026-02-25T05:38:34+13:00[Pacific/Auckland],
B,16,2026-02-25T05:38:34+13:00[Pacific/Auckland],2026-02-25T05:38:50+13:00[Pacific/Auckland],Yes
C,17,2026-02-25T05:38:50+13:00[Pacific/Auckland],2026-02-25T05:39:07+13:00[Pacific/Auckland],Yes
<A>,11,2026-02-25T05:39:07+13:00[Pacific/Auckland],2026-02-25T05:39:18+13:00[Pacific/Auckland],Yes
C,12,2026-02-25T05:39:18+13:00[Pacific/Auckland],2026-02-25T05:39:30+13:00[Pacific/Auckland],Yes
<A>,23,2026-02-25T05:39:30+13:00[Pacific/Auckland],2026-02-25T05:39:53+13:00[Pacific/Auckland],
B,16,2026-02-25T05:39:53+13:00[Pacific/Auckland],2026-02-25T05:40:09+13:00[Pacific/Auckland],Yes
D,16,2026-02-25T05:40:09+13:00[Pacific/Auckland],2026-02-25T05:40:25+13:00[Pacific/Auckland],Yes
<A>,11,2026-02-25T05:40:25+13:00[Pacific/Auckland],2026-02-25T05:40:36+13:00[Pacific/Auckland],Yes
B,17,2026-02-25T05:40:36+13:00[Pacific/Auckland],2026-02-25T05:40:53+13:00[Pacific/Auckland],Yes
C,16,2026-02-25T05:40:53+13:00[Pacific/Auckland],2026-02-25T05:41:09+13:00[Pacific/Auckland],Yes
<A>,48,2026-02-25T05:41:09+13:00[Pacific/Auckland],2026-02-25T05:41:57+13:00[Pacific/Auckland],Yes
C,13,2026-02-25T05:41:57+13:00[Pacific/Auckland],2026-02-25T05:42:10+13:00[Pacific/Auckland],Yes
<A>,31,2026-02-25T05:42:10+13:00[Pacific/Auckland],2026-02-25T05:42:41+13:00[Pacific/Auckland],
B,16,2026-02-25T05:42:41+13:00[Pacific/Auckland],2026-02-25T05:42:57+13:00[Pacific/Auckland],Yes
C,17,2026-02-25T05:42:57+13:00[Pacific/Auckland],2026-02-25T05:43:14+13:00[Pacific/Auckland],Yes
<A>,18,2026-02-25T05:43:14+13:00[Pacific/Auckland],2026-02-25T05:43:32+13:00[Pacific/Auckland],Yes
C,16,2026-02-25T05:43:32+13:00[Pacific/Auckland],2026-02-25T05:43:48+13:00[Pacific/Auckland],Yes
<A>,33,2026-02-25T05:43:48+13:00[Pacific/Auckland],2026-02-25T05:44:21+13:00[Pacific/Auckland],
B,16,2026-02-25T05:44:21+13:00[Pacific/Auckland],2026-02-25T05:44:37+13:00[Pacific/Auckland],Yes
D,16,2026-02-25T05:44:37+13:00[Pacific/Auckland],2026-02-25T05:44:53+13:00[Pacific/Auckland],Yes
<A>,32,2026-02-25T05:44:53+13:00[Pacific/Auckland],2026-02-25T05:45:25+13:00[Pacific/Auckland],Yes
C,19,2026-02-25T05:45:25+13:00[Pacific/Auckland],2026-02-25T05:45:44+13:00[Pacific/Auckland],Yes
<A>,15,2026-02-25T05:45:44+13:00[Pacific/Auckland],2026-02-25T05:45:59+13:00[Pacific/Auckland],Yes
C,13,2026-02-25T05:45:59+13:00[Pacific/Auckland],2026-02-25T05:46:12+13:00[Pacific/Auckland],Yes
<A>,42,2026-02-25T05:46:12+13:00[Pacific/Auckland],2026-02-25T05:46:54+13:00[Pacific/Auckland],Yes
B,16,2026-02-25T05:46:54+13:00[Pacific/Auckland],2026-02-25T05:47:10+13:00[Pacific/Auckland],Yes
<A>,58,2026-02-25T05:47:10+13:00[Pacific/Auckland],2026-02-25T05:48:08+13:00[Pacific/Auckland],Yes
B,16,2026-02-25T05:48:08+13:00[Pacific/Auckland],2026-02-25T05:48:24+13:00[Pacific/Auckland],Yes
<A>,13,2026-02-25T05:48:24+13:00[Pacific/Auckland],2026-02-25T05:48:37+13:00[Pacific/Auckland],Yes
C,13,2026-02-25T05:48:37+13:00[Pacific/Auckland],2026-02-25T05:48:50+13:00[Pacific/Auckland],Yes
<A>,11,2026-02-25T05:48:50+13:00[Pacific/Auckland],2026-02-25T05:49:01+13:00[Pacific/Auckland],Yes
D,17,2026-02-25T05:49:01+13:00[Pacific/Auckland],2026-02-25T05:49:18+13:00[Pacific/Auckland],Yes
<A>,11,2026-02-25T05:49:18+13:00[Pacific/Auckland],2026-02-25T05:49:29+13:00[Pacific/Auckland],Yes
C,18,2026-02-25T05:49:29+13:00[Pacific/Auckland],2026-02-25T05:49:47+13:00[Pacific/Auckland],Yes
<A>,33,2026-02-25T05:49:47+13:00[Pacific/Auckland],2026-02-25T05:50:20+13:00[Pacific/Auckland],Yes
C,16,2026-02-25T05:50:20+13:00[Pacific/Auckland],2026-02-25T05:50:36+13:00[Pacific/Auckland],Yes
<A>,45,2026-02-25T05:50:36+13:00[Pacific/Auckland],2026-02-25T05:51:21+13:00[Pacific/Auckland],
B,16,2026-02-25T05:51:21+13:00[Pacific/Auckland],2026-02-25T05:51:37+13:00[Pacific/Auckland],Yes
C,17,2026-02-25T05:51:37+13:00[Pacific/Auckland],2026-02-25T05:51:54+13:00[Pacific/Auckland],Yes
<A>,11,2026-02-25T05:51:54+13:00[Pacific/Auckland],2026-02-25T05:52:05+13:00[Pacific/Auckland],Yes
D,16,2026-02-25T05:52:05+13:00[Pacific/Auckland],2026-02-25T05:52:21+13:00[Pacific/Auckland],Yes
<A>,11,2026-02-25T05:52:21+13:00[Pacific/Auckland],2026-02-25T05:52:32+13:00[Pacific/Auckland],Yes
C,16,2026-02-25T05:52:32+13:00[Pacific/Auckland],2026-02-25T05:52:48+13:00[Pacific/Auckland],Yes
<A>,35,2026-02-25T05:52:48+13:00[Pacific/Auckland],2026-02-25T05:53:23+13:00[Pacific/Auckland],
B,16,2026-02-25T05:53:23+13:00[Pacific/Auckland],2026-02-25T05:53:39+13:00[Pacific/Auckland],Yes
C,17,2026-02-25T05:53:39+13:00[Pacific/Auckland],2026-02-25T05:53:56+13:00[Pacific/Auckland],Yes
<A>,18,2026-02-25T05:53:56+13:00[Pacific/Auckland],2026-02-25T05:54:14+13:00[Pacific/Auckland],Yes
B,20,2026-02-25T05:54:14+13:00[Pacific/Auckland],2026-02-25T05:54:34+13:00[Pacific/Auckland],Yes
<A>,17,2026-02-25T05:54:34+13:00[Pacific/Auckland],2026-02-25T05:54:51+13:00[Pacific/Auckland],Yes
B,16,2026-02-25T05:54:51+13:00[Pacific/Auckland],2026-02-25T05:55:07+13:00[Pacific/Auckland],Yes
<A>,11,2026-02-25T05:55:07+13:00[Pacific/Auckland],2026-02-25T05:55:18+13:00[Pacific/Auckland],Yes
C,12,2026-02-25T05:55:18+13:00[Pacific/Auckland],2026-02-25T05:55:30+13:00[Pacific/Auckland],Yes
<A>,34,2026-02-25T05:55:30+13:00[Pacific/Auckland],2026-02-25T05:56:04+13:00[Pacific/Auckland],Yes
C,12,2026-02-25T05:56:04+13:00[Pacific/Auckland],2026-02-25T05:56:16+13:00[Pacific/Auckland],Yes
<A>,28,2026-02-25T05:56:16+13:00[Pacific/Auckland],2026-02-25T05:56:44+13:00[Pacific/Auckland],
B,16,2026-02-25T05:56:44+13:00[Pacific/Auckland],2026-02-25T05:57:00+13:00[Pacific/Auckland],Yes
D,16,2026-02-25T05:57:00+13:00[Pacific/Auckland],2026-02-25T05:57:16+13:00[Pacific/Auckland],Yes
<A>,11,2026-02-25T05:57:16+13:00[Pacific/Auckland],2026-02-25T05:57:27+13:00[Pacific/Auckland],Yes
B,17,2026-02-25T05:57:27+13:00[Pacific/Auckland],2026-02-25T05:57:44+13:00[Pacific/Auckland],Yes
D,15,2026-02-25T05:57:44+13:00[Pacific/Auckland],2026-02-25T05:57:59+13:00[Pacific/Auckland],Yes
<A>,11,2026-02-25T05:57:59+13:00[Pacific/Auckland],2026-02-25T05:58:10+13:00[Pacific/Auckland],Yes
B,17,2026-02-25T05:58:10+13:00[Pacific/Auckland],2026-02-25T05:58:27+13:00[Pacific/Auckland],Yes
C,16,2026-02-25T05:58:27+13:00[Pacific/Auckland],2026-02-25T05:58:43+13:00[Pacific/Auckland],Yes
<A>,97,2026-02-25T05:58:43+13:00[Pacific/Auckland],2026-02-25T06:00:20+13:00[Pacific/Auckland],
B,16,2026-02-25T06:00:20+13:00[Pacific/Auckland],2026-02-25T06:00:36+13:00[Pacific/Auckland],Yes
D,16,2026-02-25T06:00:36+13:00[Pacific/Auckland],2026-02-25T06:00:52+13:00[Pacific/Auckland],Yes
<A>,11,2026-02-25T06:00:52+13:00[Pacific/Auckland],2026-02-25T06:01:03+13:00[Pacific/Auckland],Yes
B,17,2026-02-25T06:01:03+13:00[Pacific/Auckland],2026-02-25T06:01:20+13:00[Pacific/Auckland],Yes
C,16,2026-02-25T06:01:20+13:00[Pacific/Auckland],2026-02-25T06:01:36+13:00[Pacific/Auckland],Yes
<A>,50,2026-02-25T06:01:36+13:00[Pacific/Auckland],2026-02-25T06:02:26+13:00[Pacific/Auckland],Yes
C,12,2026-02-25T06:02:26+13:00[Pacific/Auckland],2026-02-25T06:02:38+13:00[Pacific/Auckland],Yes
<A>,85,2026-02-25T06:02:38+13:00[Pacific/Auckland],2026-02-25T06:04:03+13:00[Pacific/Auckland],
B,16,2026-02-25T06:04:03+13:00[Pacific/Auckland],2026-02-25T06:04:19+13:00[Pacific/Auckland],Yes
C,17,2026-02-25T06:04:19+13:00[Pacific/Auckland],2026-02-25T06:04:36+13:00[Pacific/Auckland],Yes
<A>,17,2026-02-25T06:04:36+13:00[Pacific/Auckland],2026-02-25T06:04:53+13:00[Pacific/Auckland],Yes
C,13,2026-02-25T06:04:53+13:00[Pacific/Auckland],2026-02-25T06:05:06+13:00[Pacific/Auckland],Yes
<A>,24,2026-02-25T06:05:06+13:00[Pacific/Auckland],2026-02-25T06:05:30+13:00[Pacific/Auckland],
B,16,2026-02-25T06:05:30+13:00[Pacific/Auckland],2026-02-25T06:05:46+13:00[Pacific/Auckland],Yes
<A>,20,2026-02-25T06:05:46+13:00[Pacific/Auckland],2026-02-25T06:06:06+13:00[Pacific/Auckland],Yes
C,17,2026-02-25T06:06:06+13:00[Pacific/Auckland],2026-02-25T06:06:23+13:00[Pacific/Auckland],Yes
<A>,17,2026-02-25T06:06:23+13:00[Pacific/Auckland],2026-02-25T06:06:40+13:00[Pacific/Auckland],Yes
C,13,2026-02-25T06:06:40+13:00[Pacific/Auckland],2026-02-25T06:06:53+13:00[Pacific/Auckland],Yes
<A>,20,2026-02-25T06:06:53+13:00[Pacific/Auckland],2026-02-25T06:07:13+13:00[Pacific/Auckland],Yes
D,17,2026-02-25T06:07:13+13:00[Pacific/Auckland],2026-02-25T06:07:30+13:00[Pacific/Auckland],Yes
<A>,30,2026-02-25T06:07:30+13:00[Pacific/Auckland],2026-02-25T06:08:00+13:00[Pacific/Auckland],
B,17,2026-02-25T06:08:00+13:00[Pacific/Auckland],2026-02-25T06:08:17+13:00[Pacific/Auckland],Yes
<A>,48,2026-02-25T06:08:17+13:00[Pacific/Auckland],2026-02-25T06:09:05+13:00[Pacific/Auckland],Yes
C,16,2026-02-25T06:09:05+13:00[Pacific/Auckland],2026-02-25T06:09:21+13:00[Pacific/Auckland],Yes
<A>,51,2026-02-25T06:09:21+13:00[Pacific/Auckland],2026-02-25T06:10:12+13:00[Pacific/Auckland],
B,16,2026-02-25T06:10:12+13:00[Pacific/Auckland],2026-02-25T06:10:28+13:00[Pacific/Auckland],Yes
C,17,2026-02-25T06:10:28+13:00[Pacific/Auckland],2026-02-25T06:10:45+13:00[Pacific/Auckland],Yes
<A>,14,2026-02-25T06:10:45+13:00[Pacific/Auckland],2026-02-25T06:10:59+13:00[Pacific/Auckland],Yes
C,16,2026-02-25T06:10:59+13:00[Pacific/Auckland],2026-02-25T06:11:15+13:00[Pacific/Auckland],Yes
<A>,34,2026-02-25T06:11:15+13:00[Pacific/Auckland],2026-02-25T06:11:49+13:00[Pacific/Auckland],
B,17,2026-02-25T06:11:49+13:00[Pacific/Auckland],2026-02-25T06:12:06+13:00[Pacific/Auckland],Yes
<A>,11,2026-02-25T06:12:06+13:00[Pacific/Auckland],2026-02-25T06:12:17+13:00[Pacific/Auckland],Yes
C,14,2026-02-25T06:12:17+13:00[Pacific/Auckland],2026-02-25T06:12:31+13:00[Pacific/Auckland],Yes
<A>,11,2026-02-25T06:12:31+13:00[Pacific/Auckland],2026-02-25T06:12:42+13:00[Pacific/Auckland],Yes
C,13,2026-02-25T06:12:42+13:00[Pacific/Auckland],2026-02-25T06:12:55+13:00[Pacific/Auckland],Yes
<A>,13,2026-02-25T06:12:55+13:00[Pacific/Auckland],2026-02-25T06:13:08+13:00[Pacific/Auckland],Yes
C,13,2026-02-25T06:13:08+13:00[Pacific/Auckland],2026-02-25T06:13:21+13:00[Pacific/Auckland],Yes
<A>,67,2026-02-25T06:13:21+13:00[Pacific/Auckland],2026-02-25T06:14:28+13:00[Pacific/Auckland],
B,16,2026-02-25T06:14:28+13:00[Pacific/Auckland],2026-02-25T06:14:44+13:00[Pacific/Auckland],Yes
C,17,2026-02-25T06:14:44+13:00[Pacific/Auckland],2026-02-25T06:15:01+13:00[Pacific/Auckland],Yes
<A>,74,2026-02-25T06:15:01+13:00[Pacific/Auckland],2026-02-25T06:16:15+13:00[Pacific/Auckland],
B,16,2026-02-25T06:16:15+13:00[Pacific/Auckland],2026-02-25T06:16:31+13:00[Pacific/Auckland],Yes
<A>,16,2026-02-25T06:16:31+13:00[Pacific/Auckland],2026-02-25T06:16:47+13:00[Pacific/Auckland],Yes
D,21,2026-02-25T06:16:47+13:00[Pacific/Auckland],2026-02-25T06:17:08+13:00[Pacific/Auckland],Yes
<A>,11,2026-02-25T06:17:08+13:00[Pacific/Auckland],2026-02-25T06:17:19+13:00[Pacific/Auckland],Yes
B,17,2026-02-25T06:17:19+13:00[Pacific/Auckland],2026-02-25T06:17:36+13:00[Pacific/Auckland],Yes
C,17,2026-02-25T06:17:36+13:00[Pacific/Auckland],2026-02-25T06:17:53+13:00[Pacific/Auckland],Yes
<A>,85,2026-02-25T06:17:53+13:00[Pacific/Auckland],2026-02-25T06:19:18+13:00[Pacific/Auckland],
B,16,2026-02-25T06:19:18+13:00[Pacific/Auckland],2026-02-25T06:19:34+13:00[Pacific/Auckland],Yes
C,17,2026-02-25T06:19:34+13:00[Pacific/Auckland],2026-02-25T06:19:51+13:00[Pacific/Auckland],Yes
<A>,35,2026-02-25T06:19:51+13:00[Pacific/Auckland],2026-02-25T06:20:26+13:00[Pacific/Auckland],Yes
C,13,2026-02-25T06:20:26+13:00[Pacific/Auckland],2026-02-25T06:20:39+13:00[Pacific/Auckland],Yes
<A>,24,2026-02-25T06:20:39+13:00[Pacific/Auckland],2026-02-25T06:21:03+13:00[Pacific/Auckland],
B,16,2026-02-25T06:21:03+13:00[Pacific/Auckland],2026-02-25T06:21:19+13:00[Pacific/Auckland],Yes
<A>,15,2026-02-25T06:21:19+13:00[Pacific/Auckland],2026-02-25T06:21:34+13:00[Pacific/Auckland],Yes
C,12,2026-02-25T06:21:34+13:00[Pacific/Auckland],2026-02-25T06:21:46+13:00[Pacific/Auckland],Yes
<A>,36,2026-02-25T06:21:46+13:00[Pacific/Auckland],2026-02-25T06:22:22+13:00[Pacific/Auckland],
B,16,2026-02-25T06:22:22+13:00[Pacific/Auckland],2026-02-25T06:22:38+13:00[Pacific/Auckland],Yes
<A>,16,2026-02-25T06:22:38+13:00[Pacific/Auckland],2026-02-25T06:22:54+13:00[Pacific/Auckland],Yes
D,17,2026-02-25T06:22:54+13:00[Pacific/Auckland],2026-02-25T06:23:11+13:00[Pacific/Auckland],Yes
<A>,25,2026-02-25T06:23:11+13:00[Pacific/Auckland],2026-02-25T06:23:36+13:00[Pacific/Auckland],Yes
B,16,2026-02-25T06:23:36+13:00[Pacific/Auckland],2026-02-25T06:23:52+13:00[Pacific/Auckland],Yes
C,17,2026-02-25T06:23:52+13:00[Pacific/Auckland],2026-02-25T06:24:09+13:00[Pacific/Auckland],Yes
<A>,52,2026-02-25T06:24:09+13:00[Pacific/Auckland],2026-02-25T06:25:01+13:00[Pacific/Auckland],Yes
C,13,2026-02-25T06:25:01+13:00[Pacific/Auckland],2026-02-25T06:25:14+13:00[Pacific/Auckland],Yes
<A>,44,2026-02-25T06:25:14+13:00[Pacific/Auckland],2026-02-25T06:25:58+13:00[Pacific/Auckland],
B,16,2026-02-25T06:25:58+13:00[Pacific/Auckland],2026-02-25T06:26:14+13:00[Pacific/Auckland],Yes
C,17,2026-02-25T06:26:14+13:00[Pacific/Auckland],2026-02-25T06:26:31+13:00[Pacific/Auckland],Yes
<A>,40,2026-02-25T06:26:31+13:00[Pacific/Auckland],2026-02-25T06:27:11+13:00[Pacific/Auckland],Yes
C,16,2026-02-25T06:27:11+13:00[Pacific/Auckland],2026-02-25T06:27:27+13:00[Pacific/Auckland],Yes
<A>,29,2026-02-25T06:27:27+13:00[Pacific/Auckland],2026-02-25T06:27:56+13:00[Pacific/Auckland],
B,16,2026-02-25T06:27:56+13:00[Pacific/Auckland],2026-02-25T06:28:12+13:00[Pacific/Auckland],Yes
<A>,15,2026-02-25T06:28:12+13:00[Pacific/Auckland],2026-02-25T06:28:27+13:00[Pacific/Auckland],Yes
C,16,2026-02-25T06:28:27+13:00[Pacific/Auckland],2026-02-25T06:28:43+13:00[Pacific/Auckland],Yes
<A>,11,2026-02-25T06:28:43+13:00[Pacific/Auckland],2026-02-25T06:28:54+13:00[Pacific/Auckland],Yes
C,25,2026-02-25T06:28:54+13:00[Pacific/Auckland],2026-02-25T06:29:19+13:00[Pacific/Auckland],Yes
D,16,2026-02-25T06:29:19+13:00[Pacific/Auckland],2026-02-25T06:29:35+13:00[Pacific/Auckland],Yes
<A>,11,2026-02-25T06:29:35+13:00[Pacific/Auckland],2026-02-25T06:29:46+13:00[Pacific/Auckland],Yes
B,16,2026-02-25T06:29:46+13:00[Pacific/Auckland],2026-02-25T06:30:02+13:00[Pacific/Auckland],Yes
C,16,2026-02-25T06:30:02+13:00[Pacific/Auckland],2026-02-25T06:30:18+13:00[Pacific/Auckland],Yes
<A>,33,2026-02-25T06:30:18+13:00[Pacific/Auckland],2026-02-25T06:30:51+13:00[Pacific/Auckland],Yes
C,15,2026-02-25T06:30:51+13:00[Pacific/Auckland],2026-02-25T06:31:06+13:00[Pacific/Auckland],Yes
<A>,20,2026-02-25T06:31:06+13:00[Pacific/Auckland],2026-02-25T06:31:26+13:00[Pacific/Auckland],
B,16,2026-02-25T06:31:26+13:00[Pacific/Auckland],2026-02-25T06:31:42+13:00[Pacific/Auckland],Yes
C,17,2026-02-25T06:31:42+13:00[Pacific/Auckland],2026-02-25T06:31:59+13:00[Pacific/Auckland],Yes
<A>,11,2026-02-25T06:31:59+13:00[Pacific/Auckland],2026-02-25T06:32:10+13:00[Pacific/Auckland],Yes
C,21,2026-02-25T06:32:10+13:00[Pacific/Auckland],2026-02-25T06:32:31+13:00[Pacific/Auckland],Yes
<A>,53,2026-02-25T06:32:31+13:00[Pacific/Auckland],2026-02-25T06:33:24+13:00[Pacific/Auckland],
B,16,2026-02-25T06:33:24+13:00[Pacific/Auckland],2026-02-25T06:33:40+13:00[Pacific/Auckland],Yes
<A>,22,2026-02-25T06:33:40+13:00[Pacific/Auckland],2026-02-25T06:34:02+13:00[Pacific/Auckland],Yes
C,12,2026-02-25T06:34:02+13:00[Pacific/Auckland],2026-02-25T06:34:14+13:00[Pacific/Auckland],Yes
<A>,12,2026-02-25T06:34:14+13:00[Pacific/Auckland],2026-02-25T06:34:26+13:00[Pacific/Auckland],Yes
D,16,2026-02-25T06:34:26+13:00[Pacific/Auckland],2026-02-25T06:34:42+13:00[Pacific/Auckland],Yes
<A>,11,2026-02-25T06:34:42+13:00[Pacific/Auckland],2026-02-25T06:34:53+13:00[Pacific/Auckland],Yes
C,26,2026-02-25T06:34:53+13:00[Pacific/Auckland],2026-02-25T06:35:19+13:00[Pacific/Auckland],Yes
<A>,13,2026-02-25T06:35:19+13:00[Pacific/Auckland],2026-02-25T06:35:32+13:00[Pacific/Auckland],Yes
C,19,2026-02-25T06:35:32+13:00[Pacific/Auckland],2026-02-25T06:35:51+13:00[Pacific/Auckland],Yes
<A>,30,2026-02-25T06:35:51+13:00[Pacific/Auckland],2026-02-25T06:36:21+13:00[Pacific/Auckland],
B,16,2026-02-25T06:36:21+13:00[Pacific/Auckland],2026-02-25T06:36:37+13:00[Pacific/Auckland],Yes
D,16,2026-02-25T06:36:37+13:00[Pacific/Auckland],2026-02-25T06:36:53+13:00[Pacific/Auckland],Yes
<A>,11,2026-02-25T06:36:53+13:00[Pacific/Auckland],2026-02-25T06:37:04+13:00[Pacific/Auckland],Yes
C,17,2026-02-25T06:37:04+13:00[Pacific/Auckland],2026-02-25T06:37:21+13:00[Pacific/Auckland],Yes
<A>,43,2026-02-25T06:37:21+13:00[Pacific/Auckland],2026-02-25T06:38:04+13:00[Pacific/Auckland],
B,16,2026-02-25T06:38:04+13:00[Pacific/Auckland],2026-02-25T06:38:20+13:00[Pacific/Auckland],Yes
C,17,2026-02-25T06:38:20+13:00[Pacific/Auckland],2026-02-25T06:38:37+13:00[Pacific/Auckland],Yes
<A>,40,2026-02-25T06:38:37+13:00[Pacific/Auckland],2026-02-25T06:39:17+13:00[Pacific/Auckland],Yes
C,15,2026-02-25T06:39:17+13:00[Pacific/Auckland],2026-02-25T06:39:32+13:00[Pacific/Auckland],Yes
<A>,36,2026-02-25T06:39:32+13:00[Pacific/Auckland],2026-02-25T06:40:08+13:00[Pacific/Auckland],
B,18,2026-02-25T06:40:08+13:00[Pacific/Auckland],2026-02-25T06:40:26+13:00[Pacific/Auckland],Yes
<A>,11,2026-02-25T06:40:26+13:00[Pacific/Auckland],2026-02-25T06:40:37+13:00[Pacific/Auckland],Yes
C,11,2026-02-25T06:40:37+13:00[Pacific/Auckland],2026-02-25T06:40:48+13:00[Pacific/Auckland],Yes
<A>,37,2026-02-25T06:40:48+13:00[Pacific/Auckland],2026-02-25T06:41:25+13:00[Pacific/Auckland],
B,21,2026-02-25T06:41:25+13:00[Pacific/Auckland],2026-02-25T06:41:46+13:00[Pacific/Auckland],Yes
<A>,15,2026-02-25T06:41:46+13:00[Pacific/Auckland],2026-02-25T06:42:01+13:00[Pacific/Auckland],Yes
D,17,2026-02-25T06:42:01+13:00[Pacific/Auckland],2026-02-25T06:42:18+13:00[Pacific/Auckland],Yes
<A>,11,2026-02-25T06:42:18+13:00[Pacific/Auckland],2026-02-25T06:42:29+13:00[Pacific/Auckland],Yes
C,17,2026-02-25T06:42:29+13:00[Pacific/Auckland],2026-02-25T06:42:46+13:00[Pacific/Auckland],Yes
<A>,30,2026-02-25T06:42:46+13:00[Pacific/Auckland],2026-02-25T06:43:16+13:00[Pacific/Auckland],
B,17,2026-02-25T06:43:16+13:00[Pacific/Auckland],2026-02-25T06:43:33+13:00[Pacific/Auckland],Yes
<A>,31,2026-02-25T06:43:33+13:00[Pacific/Auckland],2026-02-25T06:44:04+13:00[Pacific/Auckland],Yes
C,18,2026-02-25T06:44:04+13:00[Pacific/Auckland],2026-02-25T06:44:22+13:00[Pacific/Auckland],Yes
D,16,2026-02-25T06:44:22+13:00[Pacific/Auckland],2026-02-25T06:44:38+13:00[Pacific/Auckland],Yes
<A>,12,2026-02-25T06:44:38+13:00[Pacific/Auckland],2026-02-25T06:44:50+13:00[Pacific/Auckland],Yes
C,13,2026-02-25T06:44:50+13:00[Pacific/Auckland],2026-02-25T06:45:03+13:00[Pacific/Auckland],Yes
<A>,42,2026-02-25T06:45:03+13:00[Pacific/Auckland],2026-02-25T06:45:45+13:00[Pacific/Auckland],Yes
C,12,2026-02-25T06:45:45+13:00[Pacific/Auckland],2026-02-25T06:45:57+13:00[Pacific/Auckland],Yes
<A>,14,2026-02-25T06:45:57+13:00[Pacific/Auckland],2026-02-25T06:46:11+13:00[Pacific/Auckland],Yes
C,22,2026-02-25T06:46:11+13:00[Pacific/Auckland],2026-02-25T06:46:33+13:00[Pacific/Auckland],Yes
D,15,2026-02-25T06:46:33+13:00[Pacific/Auckland],2026-02-25T06:46:48+13:00[Pacific/Auckland],Yes
<A>,14,2026-02-25T06:46:48+13:00[Pacific/Auckland],2026-02-25T06:47:02+13:00[Pacific/Auckland],Yes
C,16,2026-02-25T06:47:02+13:00[Pacific/Auckland],2026-02-25T06:47:18+13:00[Pacific/Auckland],Yes
<A>,13,2026-02-25T06:47:18+13:00[Pacific/Auckland],2026-02-25T06:47:31+13:00[Pacific/Auckland],Yes
C,29,2026-02-25T06:47:31+13:00[Pacific/Auckland],2026-02-25T06:48:00+13:00[Pacific/Auckland],Yes
<A>,45,2026-02-25T06:48:00+13:00[Pacific/Auckland],2026-02-25T06:48:45+13:00[Pacific/Auckland],Yes
C,17,2026-02-25T06:48:45+13:00[Pacific/Auckland],2026-02-25T06:49:02+13:00[Pacific/Auckland],Yes
<A>,28,2026-02-25T06:49:02+13:00[Pacific/Auckland],2026-02-25T06:49:30+13:00[Pacific/Auckland],
B,17,2026-02-25T06:49:30+13:00[Pacific/Auckland],2026-02-25T06:49:47+13:00[Pacific/Auckland],Yes
C,16,2026-02-25T06:49:47+13:00[Pacific/Auckland],2026-02-25T06:50:03+13:00[Pacific/Auckland],Yes
<A>,15,2026-02-25T06:50:03+13:00[Pacific/Auckland],2026-02-25T06:50:18+13:00[Pacific/Auckland],Yes
B,16,2026-02-25T06:50:18+13:00[Pacific/Auckland],2026-02-25T06:50:34+13:00[Pacific/Auckland],Yes
D,16,2026-02-25T06:50:34+13:00[Pacific/Auckland],2026-02-25T06:50:50+13:00[Pacific/Auckland],Yes
<A>,14,2026-02-25T06:50:50+13:00[Pacific/Auckland],2026-02-25T06:51:04+13:00[Pacific/Auckland],Yes
C,22,2026-02-25T06:51:04+13:00[Pacific/Auckland],2026-02-25T06:51:26+13:00[Pacific/Auckland],Yes
<A>,14,2026-02-25T06:51:26+13:00[Pacific/Auckland],2026-02-25T06:51:40+13:00[Pacific/Auckland],Yes
C,17,2026-02-25T06:51:40+13:00[Pacific/Auckland],2026-02-25T06:51:57+13:00[Pacific/Auckland],Yes
<A>,11,2026-02-25T06:51:57+13:00[Pacific/Auckland],2026-02-25T06:52:08+13:00[Pacific/Auckland],Yes
C,31,2026-02-25T06:52:08+13:00[Pacific/Auckland],2026-02-25T06:52:39+13:00[Pacific/Auckland],Yes
<A>,55,2026-02-25T06:52:39+13:00[Pacific/Auckland],2026-02-25T06:53:34+13:00[Pacific/Auckland],
B,16,2026-02-25T06:53:34+13:00[Pacific/Auckland],2026-02-25T06:53:50+13:00[Pacific/Auckland],Yes
C,17,2026-02-25T06:53:50+13:00[Pacific/Auckland],2026-02-25T06:54:07+13:00[Pacific/Auckland],Yes
<A>,16,2026-02-25T06:54:07+13:00[Pacific/Auckland],2026-02-25T06:54:23+13:00[Pacific/Auckland],Yes
C,21,2026-02-25T06:54:23+13:00[Pacific/Auckland],2026-02-25T06:54:44+13:00[Pacific/Auckland],Yes
D,16,2026-02-25T06:54:44+13:00[Pacific/Auckland],2026-02-25T06:55:00+13:00[Pacific/Auckland],Yes
<A>,12,2026-02-25T06:55:00+13:00[Pacific/Auckland],2026-02-25T06:55:12+13:00[Pacific/Auckland],Yes
C,15,2026-02-25T06:55:12+13:00[Pacific/Auckland],2026-02-25T06:55:27+13:00[Pacific/Auckland],Yes
<A>,17,2026-02-25T06:55:27+13:00[Pacific/Auckland],2026-02-25T06:55:44+13:00[Pacific/Auckland],Yes
C,22,2026-02-25T06:55:44+13:00[Pacific/Auckland],2026-02-25T06:56:06+13:00[Pacific/Auckland],Yes
<A>,15,2026-02-25T06:56:06+13:00[Pacific/Auckland],2026-02-25T06:56:21+13:00[Pacific/Auckland],Yes
C,13,2026-02-25T06:56:21+13:00[Pacific/Auckland],2026-02-25T06:56:34+13:00[Pacific/Auckland],Yes
<A>,12,2026-02-25T06:56:34+13:00[Pacific/Auckland],2026-02-25T06:56:46+13:00[Pacific/Auckland],Yes
C,13,2026-02-25T06:56:46+13:00[Pacific/Auckland],2026-02-25T06:56:59+13:00[Pacific/Auckland],Yes
<A>,11,2026-02-25T06:56:59+13:00[Pacific/Auckland],2026-02-25T06:57:10+13:00[Pacific/Auckland],Yes
C,17,2026-02-25T06:57:10+13:00[Pacific/Auckland],2026-02-25T06:57:27+13:00[Pacific/Auckland],Yes
<A>,27,2026-02-25T06:57:27+13:00[Pacific/Auckland],2026-02-25T06:57:54+13:00[Pacific/Auckland],Yes
C,14,2026-02-25T06:57:54+13:00[Pacific/Auckland],2026-02-25T06:58:08+13:00[Pacific/Auckland],Yes
<A>,29,2026-02-25T06:58:08+13:00[Pacific/Auckland],2026-02-25T06:58:37+13:00[Pacific/Auckland],
B,16,2026-02-25T06:58:37+13:00[Pacific/Auckland],2026-02-25T06:58:53+13:00[Pacific/Auckland],Yes
C,18,2026-02-25T06:58:53+13:00[Pacific/Auckland],2026-02-25T06:59:11+13:00[Pacific/Auckland],Yes
D,16,2026-02-25T06:59:11+13:00[Pacific/Auckland],2026-02-25T06:59:27+13:00[Pacific/Auckland],Yes
<A>,16,2026-02-25T06:59:27+13:00[Pacific/Auckland],2026-02-25T06:59:43+13:00[Pacific/Auckland],Yes
C,14,2026-02-25T06:59:43+13:00[Pacific/Auckland],2026-02-25T06:59:57+13:00[Pacific/Auckland],Yes
D,16,2026-02-25T06:59:57+13:00[Pacific/Auckland],2026-02-25T07:00:13+13:00[Pacific/Auckland],Yes
<A>,19,2026-02-25T07:00:13+13:00[Pacific/Auckland],2026-02-25T07:00:32+13:00[Pacific/Auckland],Yes
C,15,2026-02-25T07:00:32+13:00[Pacific/Auckland],2026-02-25T07:00:47+13:00[Pacific/Auckland],Yes
<A>,19,2026-02-25T07:00:47+13:00[Pacific/Auckland],2026-02-25T07:01:06+13:00[Pacific/Auckland],Yes
C,15,2026-02-25T07:01:06+13:00[Pacific/Auckland],2026-02-25T07:01:21+13:00[Pacific/Auckland],Yes
<A>,31,2026-02-25T07:01:21+13:00[Pacific/Auckland],2026-02-25T07:01:52+13:00[Pacific/Auckland],
B,17,2026-02-25T07:01:52+13:00[Pacific/Auckland],2026-02-25T07:02:09+13:00[Pacific/Auckland],Yes
C,17,2026-02-25T07:02:09+13:00[Pacific/Auckland],2026-02-25T07:02:26+13:00[Pacific/Auckland],Yes
<A>,20,2026-02-25T07:02:26+13:00[Pacific/Auckland],2026-02-25T07:02:46+13:00[Pacific/Auckland],Yes
C,17,2026-02-25T07:02:46+13:00[Pacific/Auckland],2026-02-25T07:03:03+13:00[Pacific/Auckland],Yes
<A>,19,2026-02-25T07:03:03+13:00[Pacific/Auckland],2026-02-25T07:03:22+13:00[Pacific/Auckland],Yes
B,20,2026-02-25T07:03:22+13:00[Pacific/Auckland],2026-02-25T07:03:42+13:00[Pacific/Auckland],Yes
<A>,11,2026-02-25T07:03:42+13:00[Pacific/Auckland],2026-02-25T07:03:53+13:00[Pacific/Auckland],Yes
C,21,2026-02-25T07:03:53+13:00[Pacific/Auckland],2026-02-25T07:04:14+13:00[Pacific/Auckland],Yes
<A>,13,2026-02-25T07:04:14+13:00[Pacific/Auckland],2026-02-25T07:04:27+13:00[Pacific/Auckland],Yes
C,13,2026-02-25T07:04:27+13:00[Pacific/Auckland],2026-02-25T07:04:40+13:00[Pacific/Auckland],Yes
<A>,20,2026-02-25T07:04:40+13:00[Pacific/Auckland],2026-02-25T07:05:00+13:00[Pacific/Auckland],Yes
D,17,2026-02-25T07:05:00+13:00[Pacific/Auckland],2026-02-25T07:05:17+13:00[Pacific/Auckland],Yes
<A>,13,2026-02-25T07:05:17+13:00[Pacific/Auckland],2026-02-25T07:05:30+13:00[Pacific/Auckland],Yes
B,16,2026-02-25T07:05:30+13:00[Pacific/Auckland],2026-02-25T07:05:46+13:00[Pacific/Auckland],Yes
C,16,2026-02-25T07:05:46+13:00[Pacific/Auckland],2026-02-25T07:06:02+13:00[Pacific/Auckland],Yes
<A>,12,2026-02-25T07:06:02+13:00[Pacific/Auckland],2026-02-25T07:06:14+13:00[Pacific/Auckland],Yes
B,17,2026-02-25T07:06:14+13:00[Pacific/Auckland],2026-02-25T07:06:31+13:00[Pacific/Auckland],Yes
C,16,2026-02-25T07:06:31+13:00[Pacific/Auckland],2026-02-25T07:06:47+13:00[Pacific/Auckland],Yes
<A>,16,2026-02-25T07:06:47+13:00[Pacific/Auckland],2026-02-25T07:07:03+13:00[Pacific/Auckland],Yes
D,17,2026-02-25T07:07:03+13:00[Pacific/Auckland],2026-02-25T07:07:20+13:00[Pacific/Auckland],Yes
<A>,13,2026-02-25T07:07:20+13:00[Pacific/Auckland],2026-02-25T07:07:33+13:00[Pacific/Auckland],Yes
C,30,2026-02-25T07:07:33+13:00[Pacific/Auckland],2026-02-25T07:08:03+13:00[Pacific/Auckland],Yes
<A>,12,2026-02-25T07:08:03+13:00[Pacific/Auckland],2026-02-25T07:08:15+13:00[Pacific/Auckland],Yes
D,17,2026-02-25T07:08:15+13:00[Pacific/Auckland],2026-02-25T07:08:32+13:00[Pacific/Auckland],Yes
<A>,11,2026-02-25T07:08:32+13:00[Pacific/Auckland],2026-02-25T07:08:43+13:00[Pacific/Auckland],Yes
C,28,2026-02-25T07:08:43+13:00[Pacific/Auckland],2026-02-25T07:09:11+13:00[Pacific/Auckland],Yes
D,16,2026-02-25T07:09:11+13:00[Pacific/Auckland],2026-02-25T07:09:27+13:00[Pacific/Auckland],Yes
<A>,17,2026-02-25T07:09:27+13:00[Pacific/Auckland],2026-02-25T07:09:44+13:00[Pacific/Auckland],Yes
B,16,2026-02-25T07:09:44+13:00[Pacific/Auckland],2026-02-25T07:10:00+13:00[Pacific/Auckland],Yes
C,17,2026-02-25T07:10:00+13:00[Pacific/Auckland],2026-02-25T07:10:17+13:00[Pacific/Auckland],Yes
<A>,16,2026-02-25T07:10:17+13:00[Pacific/Auckland],2026-02-25T07:10:33+13:00[Pacific/Auckland],Yes
C,13,2026-02-25T07:10:33+13:00[Pacific/Auckland],2026-02-25T07:10:46+13:00[Pacific/Auckland],Yes
<A>,13,2026-02-25T07:10:46+13:00[Pacific/Auckland],2026-02-25T07:10:59+13:00[Pacific/Auckland],Yes
C,20,2026-02-25T07:10:59+13:00[Pacific/Auckland],2026-02-25T07:11:19+13:00[Pacific/Auckland],Yes
<A>,20,2026-02-25T07:11:19+13:00[Pacific/Auckland],2026-02-25T07:11:39+13:00[Pacific/Auckland],Yes
C,18,2026-02-25T07:11:39+13:00[Pacific/Auckland],2026-02-25T07:11:57+13:00[Pacific/Auckland],Yes
<A>,12,2026-02-25T07:11:57+13:00[Pacific/Auckland],2026-02-25T07:12:09+13:00[Pacific/Auckland],Yes
C,15,2026-02-25T07:12:09+13:00[Pacific/Auckland],2026-02-25T07:12:24+13:00[Pacific/Auckland],Yes
<A>,49,2026-02-25T07:12:24+13:00[Pacific/Auckland],2026-02-25T07:13:13+13:00[Pacific/Auckland],Yes
C,13,2026-02-25T07:13:13+13:00[Pacific/Auckland],2026-02-25T07:13:26+13:00[Pacific/Auckland],Yes
<A>,25,2026-02-25T07:13:26+13:00[Pacific/Auckland],2026-02-25T07:13:51+13:00[Pacific/Auckland],
B,16,2026-02-25T07:13:51+13:00[Pacific/Auckland],2026-02-25T07:14:07+13:00[Pacific/Auckland],Yes
C,20,2026-02-25T07:14:07+13:00[Pacific/Auckland],2026-02-25T07:14:27+13:00[Pacific/Auckland],Yes
<A>,29,2026-02-25T07:14:27+13:00[Pacific/Auckland],2026-02-25T07:14:56+13:00[Pacific/Auckland],Yes
C,12,2026-02-25T07:14:56+13:00[Pacific/Auckland],2026-02-25T07:15:08+13:00[Pacific/Auckland],Yes
<A>,11,2026-02-25T07:15:08+13:00[Pacific/Auckland],2026-02-25T07:15:19+13:00[Pacific/Auckland],Yes
C,27,2026-02-25T07:15:19+13:00[Pacific/Auckland],2026-02-25T07:15:46+13:00[Pacific/Auckland],Yes
<A>,18,2026-02-25T07:15:46+13:00[Pacific/Auckland],2026-02-25T07:16:04+13:00[Pacific/Auckland],Yes
C,14,2026-02-25T07:16:04+13:00[Pacific/Auckland],2026-02-25T07:16:18+13:00[Pacific/Auckland],Yes
<A>,11,2026-02-25T07:16:18+13:00[Pacific/Auckland],2026-02-25T07:16:29+13:00[Pacific/Auckland],Yes
B,16,2026-02-25T07:16:29+13:00[Pacific/Auckland],2026-02-25T07:16:45+13:00[Pacific/Auckland],Yes
C,17,2026-02-25T07:16:45+13:00[Pacific/Auckland],2026-02-25T07:17:02+13:00[Pacific/Auckland],Yes
D,16,2026-02-25T07:17:02+13:00[Pacific/Auckland],2026-02-25T07:17:18+13:00[Pacific/Auckland],Yes
<A>,22,2026-02-25T07:17:18+13:00[Pacific/Auckland],2026-02-25T07:17:40+13:00[Pacific/Auckland],Yes
C,35,2026-02-25T07:17:40+13:00[Pacific/Auckland],2026-02-25T07:18:15+13:00[Pacific/Auckland],Yes
D,16,2026-02-25T07:18:15+13:00[Pacific/Auckland],2026-02-25T07:18:31+13:00[Pacific/Auckland],Yes
<A>,13,2026-02-25T07:18:31+13:00[Pacific/Auckland],2026-02-25T07:18:44+13:00[Pacific/Auckland],Yes
B,17,2026-02-25T07:18:44+13:00[Pacific/Auckland],2026-02-25T07:19:01+13:00[Pacific/Auckland],Yes
<A>,14,2026-02-25T07:19:01+13:00[Pacific/Auckland],2026-02-25T07:19:15+13:00[Pacific/Auckland],Yes
C,27,2026-02-25T07:19:15+13:00[Pacific/Auckland],2026-02-25T07:19:42+13:00[Pacific/Auckland],Yes
D,15,2026-02-25T07:19:42+13:00[Pacific/Auckland],2026-02-25T07:19:57+13:00[Pacific/Auckland],Yes
<A>,15,2026-02-25T07:19:57+13:00[Pacific/Auckland],2026-02-25T07:20:12+13:00[Pacific/Auckland],Yes
C,20,2026-02-25T07:20:12+13:00[Pacific/Auckland],2026-02-25T07:20:32+13:00[Pacific/Auckland],Yes
<A>,31,2026-02-25T07:20:32+13:00[Pacific/Auckland],2026-02-25T07:21:03+13:00[Pacific/Auckland],Yes
C,19,2026-02-25T07:21:03+13:00[Pacific/Auckland],2026-02-25T07:21:22+13:00[Pacific/Auckland],Yes
<A>,11,2026-02-25T07:21:22+13:00[Pacific/Auckland],2026-02-25T07:21:33+13:00[Pacific/Auckland],Yes
B,16,2026-02-25T07:21:33+13:00[Pacific/Auckland],2026-02-25T07:21:49+13:00[Pacific/Auckland],Yes
C,25,2026-02-25T07:21:49+13:00[Pacific/Auckland],2026-02-25T07:22:14+13:00[Pacific/Auckland],Yes
D,16,2026-02-25T07:22:14+13:00[Pacific/Auckland],2026-02-25T07:22:30+13:00[Pacific/Auckland],Yes
<A>,19,2026-02-25T07:22:30+13:00[Pacific/Auckland],2026-02-25T07:22:49+13:00[Pacific/Auckland],Yes
C,22,2026-02-25T07:22:49+13:00[Pacific/Auckland],2026-02-25T07:23:11+13:00[Pacific/Auckland],Yes
<A>,14,2026-02-25T07:23:11+13:00[Pacific/Auckland],2026-02-25T07:23:25+13:00[Pacific/Auckland],Yes
C,21,2026-02-25T07:23:25+13:00[Pacific/Auckland],2026-02-25T07:23:46+13:00[Pacific/Auckland],Yes
<A>,18,2026-02-25T07:23:46+13:00[Pacific/Auckland],2026-02-25T07:24:04+13:00[Pacific/Auckland],Yes
C,28,2026-02-25T07:24:04+13:00[Pacific/Auckland],2026-02-25T07:24:32+13:00[Pacific/Auckland],Yes
<A>,17,2026-02-25T07:24:32+13:00[Pacific/Auckland],2026-02-25T07:24:49+13:00[Pacific/Auckland],Yes
C,24,2026-02-25T07:24:49+13:00[Pacific/Auckland],2026-02-25T07:25:13+13:00[Pacific/Auckland],Yes
D,15,2026-02-25T07:25:13+13:00[Pacific/Auckland],2026-02-25T07:25:28+13:00[Pacific/Auckland],Yes
<A>,26,2026-02-25T07:25:28+13:00[Pacific/Auckland],2026-02-25T07:25:54+13:00[Pacific/Auckland],Yes
C,13,2026-02-25T07:25:54+13:00[Pacific/Auckland],2026-02-25T07:26:07+13:00[Pacific/Auckland],Yes
<A>,13,2026-02-25T07:26:07+13:00[Pacific/Auckland],2026-02-25T07:26:20+13:00[Pacific/Auckland],Yes
B,16,2026-02-25T07:26:20+13:00[Pacific/Auckland],2026-02-25T07:26:36+13:00[Pacific/Auckland],Yes
C,16,2026-02-25T07:26:36+13:00[Pacific/Auckland],2026-02-25T07:26:52+13:00[Pacific/Auckland],Yes
<A>,19,2026-02-25T07:26:52+13:00[Pacific/Auckland],2026-02-25T07:27:11+13:00[Pacific/Auckland],Yes
C,12,2026-02-25T07:27:11+13:00[Pacific/Auckland],2026-02-25T07:27:23+13:00[Pacific/Auckland],Yes
<A>,14,2026-02-25T07:27:23+13:00[Pacific/Auckland],2026-02-25T07:27:37+13:00[Pacific/Auckland],Yes
C,22,2026-02-25T07:27:37+13:00[Pacific/Auckland],2026-02-25T07:27:59+13:00[Pacific/Auckland],Yes
<A>,31,2026-02-25T07:27:59+13:00[Pacific/Auckland],2026-02-25T07:28:30+13:00[Pacific/Auckland],Yes
C,13,2026-02-25T07:28:30+13:00[Pacific/Auckland],2026-02-25T07:28:43+13:00[Pacific/Auckland],Yes
<A>,13,2026-02-25T07:28:43+13:00[Pacific/Auckland],2026-02-25T07:28:56+13:00[Pacific/Auckland],Yes
C,18,2026-02-25T07:28:56+13:00[Pacific/Auckland],2026-02-25T07:29:14+13:00[Pacific/Auckland],Yes
<A>,13,2026-02-25T07:29:14+13:00[Pacific/Auckland],2026-02-25T07:29:27+13:00[Pacific/Auckland],Yes
C,12,2026-02-25T07:29:27+13:00[Pacific/Auckland],2026-02-25T07:29:39+13:00[Pacific/Auckland],Yes
D,16,2026-02-25T07:29:39+13:00[Pacific/Auckland],2026-02-25T07:29:55+13:00[Pacific/Auckland],Yes
<A>,12,2026-02-25T07:29:55+13:00[Pacific/Auckland],2026-02-25T07:30:07+13:00[Pacific/Auckland],Yes
B,16,2026-02-25T07:30:07+13:00[Pacific/Auckland],2026-02-25T07:30:23+13:00[Pacific/Auckland],Yes
C,18,2026-02-25T07:30:23+13:00[Pacific/Auckland],2026-02-25T07:30:41+13:00[Pacific/Auckland],Yes
D,16,2026-02-25T07:30:41+13:00[Pacific/Auckland],2026-02-25T07:30:57+13:00[Pacific/Auckland],Yes
<A>,23,2026-02-25T07:30:57+13:00[Pacific/Auckland],2026-02-25T07:31:20+13:00[Pacific/Auckland],Yes
C,21,2026-02-25T07:31:20+13:00[Pacific/Auckland],2026-02-25T07:31:41+13:00[Pacific/Auckland],Yes
<A>,15,2026-02-25T07:31:41+13:00[Pacific/Auckland],2026-02-25T07:31:56+13:00[Pacific/Auckland],Yes
C,25,2026-02-25T07:31:56+13:00[Pacific/Auckland],2026-02-25T07:32:21+13:00[Pacific/Auckland],Yes
<A>,24,2026-02-25T07:32:21+13:00[Pacific/Auckland],2026-02-25T07:32:45+13:00[Pacific/Auckland],Yes
C,17,2026-02-25T07:32:45+13:00[Pacific/Auckland],2026-02-25T07:33:02+13:00[Pacific/Auckland],Yes
<A>,24,2026-02-25T07:33:02+13:00[Pacific/Auckland],2026-02-25T07:33:26+13:00[Pacific/Auckland],
B,16,2026-02-25T07:33:26+13:00[Pacific/Auckland],2026-02-25T07:33:42+13:00[Pacific/Auckland],Yes
C,18,2026-02-25T07:33:42+13:00[Pacific/Auckland],2026-02-25T07:34:00+13:00[Pacific/Auckland],Yes
<A>,25,2026-02-25T07:34:00+13:00[Pacific/Auckland],2026-02-25T07:34:25+13:00[Pacific/Auckland],Yes
C,32,2026-02-25T07:34:25+13:00[Pacific/Auckland],2026-02-25T07:34:57+13:00[Pacific/Auckland],Yes
D,15,2026-02-25T07:34:57+13:00[Pacific/Auckland],2026-02-25T07:35:12+13:00[Pacific/Auckland],Yes
<A>,13,2026-02-25T07:35:12+13:00[Pacific/Auckland],2026-02-25T07:35:25+13:00[Pacific/Auckland],Yes
C,27,2026-02-25T07:35:25+13:00[Pacific/Auckland],2026-02-25T07:35:52+13:00[Pacific/Auckland],Yes
<A>,42,2026-02-25T07:35:52+13:00[Pacific/Auckland],2026-02-25T07:36:34+13:00[Pacific/Auckland],Yes
C,15,2026-02-25T07:36:34+13:00[Pacific/Auckland],2026-02-25T07:36:49+13:00[Pacific/Auckland],Yes
<A>,12,2026-02-25T07:36:49+13:00[Pacific/Auckland],2026-02-25T07:37:01+13:00[Pacific/Auckland],Yes
C,25,2026-02-25T07:37:01+13:00[Pacific/Auckland],2026-02-25T07:37:26+13:00[Pacific/Auckland],Yes
<A>,18,2026-02-25T07:37:26+13:00[Pacific/Auckland],2026-02-25T07:37:44+13:00[Pacific/Auckland],Yes
B,20,2026-02-25T07:37:44+13:00[Pacific/Auckland],2026-02-25T07:38:04+13:00[Pacific/Auckland],Yes
D,15,2026-02-25T07:38:04+13:00[Pacific/Auckland],2026-02-25T07:38:19+13:00[Pacific/Auckland],Yes
<A>,19,2026-02-25T07:38:19+13:00[Pacific/Auckland],2026-02-25T07:38:38+13:00[Pacific/Auckland],Yes
C,36,2026-02-25T07:38:38+13:00[Pacific/Auckland],2026-02-25T07:39:14+13:00[Pacific/Auckland],Yes
<A>,21,2026-02-25T07:39:14+13:00[Pacific/Auckland],2026-02-25T07:39:35+13:00[Pacific/Auckland],
C,17,2026-02-25T07:39:35+13:00[Pacific/Auckland],2026-02-25T07:39:52+13:00[Pacific/Auckland],Yes
<A>,15,2026-02-25T07:39:52+13:00[Pacific/Auckland],2026-02-25T07:40:07+13:00[Pacific/Auckland],Yes
C,28,2026-02-25T07:40:07+13:00[Pacific/Auckland],2026-02-25T07:40:35+13:00[Pacific/Auckland],Yes
D,17,2026-02-25T07:40:35+13:00[Pacific/Auckland],2026-02-25T07:40:52+13:00[Pacific/Auckland],Yes
<A>,19,2026-02-25T07:40:52+13:00[Pacific/Auckland],2026-02-25T07:41:11+13:00[Pacific/Auckland],Yes
C,37,2026-02-25T07:41:11+13:00[Pacific/Auckland],2026-02-25T07:41:48+13:00[Pacific/Auckland],Yes
<A>,16,2026-02-25T07:41:48+13:00[Pacific/Auckland],2026-02-25T07:42:04+13:00[Pacific/Auckland],Yes
C,23,2026-02-25T07:42:04+13:00[Pacific/Auckland],2026-02-25T07:42:27+13:00[Pacific/Auckland],Yes
<A>,18,2026-02-25T07:42:27+13:00[Pacific/Auckland],2026-02-25T07:42:45+13:00[Pacific/Auckland],Yes
B,16,2026-02-25T07:42:45+13:00[Pacific/Auckland],2026-02-25T07:43:01+13:00[Pacific/Auckland],Yes
<A>,12,2026-02-25T07:43:01+13:00[Pacific/Auckland],2026-02-25T07:43:13+13:00[Pacific/Auckland],Yes
C,28,2026-02-25T07:43:13+13:00[Pacific/Auckland],2026-02-25T07:43:41+13:00[Pacific/Auckland],Yes
<A>,12,2026-02-25T07:43:41+13:00[Pacific/Auckland],2026-02-25T07:43:53+13:00[Pacific/Auckland],Yes
C,13,2026-02-25T07:43:53+13:00[Pacific/Auckland],2026-02-25T07:44:06+13:00[Pacific/Auckland],Yes
<A>,12,2026-02-25T07:44:06+13:00[Pacific/Auckland],2026-02-25T07:44:18+13:00[Pacific/Auckland],Yes
C,24,2026-02-25T07:44:18+13:00[Pacific/Auckland],2026-02-25T07:44:42+13:00[Pacific/Auckland],Yes
<A>,23,2026-02-25T07:44:42+13:00[Pacific/Auckland],2026-02-25T07:45:05+13:00[Pacific/Auckland],Yes
C,17,2026-02-25T07:45:05+13:00[Pacific/Auckland],2026-02-25T07:45:22+13:00[Pacific/Auckland],Yes
<A>,11,2026-02-25T07:45:22+13:00[Pacific/Auckland],2026-02-25T07:45:33+13:00[Pacific/Auckland],Yes
C,26,2026-02-25T07:45:33+13:00[Pacific/Auckland],2026-02-25T07:45:59+13:00[Pacific/Auckland],Yes
D,16,2026-02-25T07:45:59+13:00[Pacific/Auckland],2026-02-25T07:46:15+13:00[Pacific/Auckland],Yes
<A>,21,2026-02-25T07:46:15+13:00[Pacific/Auckland],2026-02-25T07:46:36+13:00[Pacific/Auckland],Yes
B,16,2026-02-25T07:46:36+13:00[Pacific/Auckland],2026-02-25T07:46:52+13:00[Pacific/Auckland],Yes
C,34,2026-02-25T07:46:52+13:00[Pacific/Auckland],2026-02-25T07:47:26+13:00[Pacific/Auckland],Yes
<A>,21,2026-02-25T07:47:26+13:00[Pacific/Auckland],2026-02-25T07:47:47+13:00[Pacific/Auckland],Yes
C,21,2026-02-25T07:47:47+13:00[Pacific/Auckland],2026-02-25T07:48:08+13:00[Pacific/Auckland],Yes
D,15,2026-02-25T07:48:08+13:00[Pacific/Auckland],2026-02-25T07:48:23+13:00[Pacific/Auckland],Yes
<A>,13,2026-02-25T07:48:23+13:00[Pacific/Auckland],2026-02-25T07:48:36+13:00[Pacific/Auckland],Yes
C,12,2026-02-25T07:48:36+13:00[Pacific/Auckland],2026-02-25T07:48:48+13:00[Pacific/Auckland],Yes
<A>,21,2026-02-25T07:48:48+13:00[Pacific/Auckland],2026-02-25T07:49:09+13:00[Pacific/Auckland],Yes
C,30,2026-02-25T07:49:09+13:00[Pacific/Auckland],2026-02-25T07:49:39+13:00[Pacific/Auckland],Yes
<A>,18,2026-02-25T07:49:39+13:00[Pacific/Auckland],2026-02-25T07:49:57+13:00[Pacific/Auckland],Yes
C,20,2026-02-25T07:49:57+13:00[Pacific/Auckland],2026-02-25T07:50:17+13:00[Pacific/Auckland],Yes
<A>,15,2026-02-25T07:50:17+13:00[Pacific/Auckland],2026-02-25T07:50:32+13:00[Pacific/Auckland],Yes
B,28,2026-02-25T07:50:32+13:00[Pacific/Auckland],2026-02-25T07:51:00+13:00[Pacific/Auckland],Yes
<A>,24,2026-02-25T07:51:00+13:00[Pacific/Auckland],2026-02-25T07:51:24+13:00[Pacific/Auckland],Yes
C,19,2026-02-25T07:51:24+13:00[Pacific/Auckland],2026-02-25T07:51:43+13:00[Pacific/Auckland],Yes
D,16,2026-02-25T07:51:43+13:00[Pacific/Auckland],2026-02-25T07:51:59+13:00[Pacific/Auckland],Yes
<A>,11,2026-02-25T07:51:59+13:00[Pacific/Auckland],2026-02-25T07:52:10+13:00[Pacific/Auckland],Yes
B,27,2026-02-25T07:52:10+13:00[Pacific/Auckland],2026-02-25T07:52:37+13:00[Pacific/Auckland],Yes
<A>,19,2026-02-25T07:52:37+13:00[Pacific/Auckland],2026-02-25T07:52:56+13:00[Pacific/Auckland],Yes
C,22,2026-02-25T07:52:56+13:00[Pacific/Auckland],2026-02-25T07:53:18+13:00[Pacific/Auckland],Yes
D,15,2026-02-25T07:53:18+13:00[Pacific/Auckland],2026-02-25T07:53:33+13:00[Pacific/Auckland],Yes
<A>,12,2026-02-25T07:53:33+13:00[Pacific/Auckland],2026-02-25T07:53:45+13:00[Pacific/Auckland],Yes
C,23,2026-02-25T07:53:45+13:00[Pacific/Auckland],2026-02-25T07:54:08+13:00[Pacific/Auckland],Yes
<A>,13,2026-02-25T07:54:08+13:00[Pacific/Auckland],2026-02-25T07:54:21+13:00[Pacific/Auckland],Yes
C,21,2026-02-25T07:54:21+13:00[Pacific/Auckland],2026-02-25T07:54:42+13:00[Pacific/Auckland],Yes
D,16,2026-02-25T07:54:42+13:00[Pacific/Auckland],2026-02-25T07:54:58+13:00[Pacific/Auckland],Yes
<A>,16,2026-02-25T07:54:58+13:00[Pacific/Auckland],2026-02-25T07:55:14+13:00[Pacific/Auckland],Yes
C,30,2026-02-25T07:55:14+13:00[Pacific/Auckland],2026-02-25T07:55:44+13:00[Pacific/Auckland],Yes
D,17,2026-02-25T07:55:44+13:00[Pacific/Auckland],2026-02-25T07:56:01+13:00[Pacific/Auckland],Yes
<A>,20,2026-02-25T07:56:01+13:00[Pacific/Auckland],2026-02-25T07:56:21+13:00[Pacific/Auckland],Yes
B,19,2026-02-25T07:56:21+13:00[Pacific/Auckland],2026-02-25T07:56:40+13:00[Pacific/Auckland],Yes
C,25,2026-02-25T07:56:40+13:00[Pacific/Auckland],2026-02-25T07:57:05+13:00[Pacific/Auckland],Yes
D,18,2026-02-25T07:57:05+13:00[Pacific/Auckland],2026-02-25T07:57:23+13:00[Pacific/Auckland],Yes
<A>,25,2026-02-25T07:57:23+13:00[Pacific/Auckland],2026-02-25T07:57:48+13:00[Pacific/Auckland],Yes
C,38,2026-02-25T07:57:48+13:00[Pacific/Auckland],2026-02-25T07:58:26+13:00[Pacific/Auckland],Yes
<A>,20,2026-02-25T07:58:26+13:00[Pacific/Auckland],2026-02-25T07:58:46+13:00[Pacific/Auckland],Yes
B,17,2026-02-25T07:58:46+13:00[Pacific/Auckland],2026-02-25T07:59:03+13:00[Pacific/Auckland],Yes
C,34,2026-02-25T07:59:03+13:00[Pacific/Auckland],2026-02-25T07:59:37+13:00[Pacific/Auckland],Yes
D,17,2026-02-25T07:59:37+13:00[Pacific/Auckland],2026-02-25T07:59:54+13:00[Pacific/Auckland],Yes
<A>,14,2026-02-25T07:59:54+13:00[Pacific/Auckland],2026-02-25T08:00:08+13:00[Pacific/Auckland],Yes
C,31,2026-02-25T08:00:08+13:00[Pacific/Auckland],2026-02-25T08:00:39+13:00[Pacific/Auckland],Yes
D,15,2026-02-25T08:00:39+13:00[Pacific/Auckland],2026-02-25T08:00:54+13:00[Pacific/Auckland],Yes
<A>,15,2026-02-25T08:00:54+13:00[Pacific/Auckland],2026-02-25T08:01:09+13:00[Pacific/Auckland],Yes
C,26,2026-02-25T08:01:09+13:00[Pacific/Auckland],2026-02-25T08:01:35+13:00[Pacific/Auckland],Yes
D,16,2026-02-25T08:01:35+13:00[Pacific/Auckland],2026-02-25T08:01:51+13:00[Pacific/Auckland],Yes
<A>,14,2026-02-25T08:01:51+13:00[Pacific/Auckland],2026-02-25T08:02:05+13:00[Pacific/Auckland],Yes
B,17,2026-02-25T08:02:05+13:00[Pacific/Auckland],2026-02-25T08:02:22+13:00[Pacific/Auckland],Yes
C,25,2026-02-25T08:02:22+13:00[Pacific/Auckland],2026-02-25T08:02:47+13:00[Pacific/Auckland],Yes
D,15,2026-02-25T08:02:47+13:00[Pacific/Auckland],2026-02-25T08:03:02+13:00[Pacific/Auckland],Yes
<A>,31,2026-02-25T08:03:02+13:00[Pacific/Auckland],2026-02-25T08:03:33+13:00[Pacific/Auckland],Yes
B,16,2026-02-25T08:03:33+13:00[Pacific/Auckland],2026-02-25T08:03:49+13:00[Pacific/Auckland],Yes
C,38,2026-02-25T08:03:49+13:00[Pacific/Auckland],2026-02-25T08:04:27+13:00[Pacific/Auckland],
D,15,2026-02-25T08:04:27+13:00[Pacific/Auckland],2026-02-25T08:04:42+13:00[Pacific/Auckland],Yes
<A>,30,2026-02-25T08:04:42+13:00[Pacific/Auckland],2026-02-25T08:05:12+13:00[Pacific/Auckland],
B,16,2026-02-25T08:05:12+13:00[Pacific/Auckland],2026-02-25T08:05:28+13:00[Pacific/Auckland],Yes
C,26,2026-02-25T08:05:28+13:00[Pacific/Auckland],2026-02-25T08:05:54+13:00[Pacific/Auckland],Yes
D,16,2026-02-25T08:05:54+13:00[Pacific/Auckland],2026-02-25T08:06:10+13:00[Pacific/Auckland],Yes
<A>,18,2026-02-25T08:06:10+13:00[Pacific/Auckland],2026-02-25T08:06:28+13:00[Pacific/Auckland],Yes
B,16,2026-02-25T08:06:28+13:00[Pacific/Auckland],2026-02-25T08:06:44+13:00[Pacific/Auckland],Yes
C,32,2026-02-25T08:06:44+13:00[Pacific/Auckland],2026-02-25T08:07:16+13:00[Pacific/Auckland],Yes
D,16,2026-02-25T08:07:16+13:00[Pacific/Auckland],2026-02-25T08:07:32+13:00[Pacific/Auckland],Yes
<A>,15,2026-02-25T08:07:32+13:00[Pacific/Auckland],2026-02-25T08:07:47+13:00[Pacific/Auckland],Yes
B,17,2026-02-25T08:07:47+13:00[Pacific/Auckland],2026-02-25T08:08:04+13:00[Pacific/Auckland],Yes
C,37,2026-02-25T08:08:04+13:00[Pacific/Auckland],2026-02-25T08:08:41+13:00[Pacific/Auckland],Yes
D,16,2026-02-25T08:08:41+13:00[Pacific/Auckland],2026-02-25T08:08:57+13:00[Pacific/Auckland],Yes
<A>,27,2026-02-25T08:08:57+13:00[Pacific/Auckland],2026-02-25T08:09:24+13:00[Pacific/Auckland],Yes
C,34,2026-02-25T08:09:24+13:00[Pacific/Auckland],2026-02-25T08:09:58+13:00[Pacific/Auckland],Yes
<A>,19,2026-02-25T08:09:58+13:00[Pacific/Auckland],2026-02-25T08:10:17+13:00[Pacific/Auckland],Yes
B,17,2026-02-25T08:10:17+13:00[Pacific/Auckland],2026-02-25T08:10:34+13:00[Pacific/Auckland],Yes
C,31,2026-02-25T08:10:34+13:00[Pacific/Auckland],2026-02-25T08:11:05+13:00[Pacific/Auckland],Yes
D,16,2026-02-25T08:11:05+13:00[Pacific/Auckland],2026-02-25T08:11:21+13:00[Pacific/Auckland],Yes
<A>,13,2026-02-25T08:11:21+13:00[Pacific/Auckland],2026-02-25T08:11:34+13:00[Pacific/Auckland],Yes
C,40,2026-02-25T08:11:34+13:00[Pacific/Auckland],2026-02-25T08:12:14+13:00[Pacific/Auckland],Yes
<A>,22,2026-02-25T08:12:14+13:00[Pacific/Auckland],2026-02-25T08:12:36+13:00[Pacific/Auckland],Yes
C,21,2026-02-25T08:12:36+13:00[Pacific/Auckland],2026-02-25T08:12:57+13:00[Pacific/Auckland],Yes
D,17,2026-02-25T08:12:57+13:00[Pacific/Auckland],2026-02-25T08:13:14+13:00[Pacific/Auckland],Yes
<A>,17,2026-02-25T08:13:14+13:00[Pacific/Auckland],2026-02-25T08:13:31+13:00[Pacific/Auckland],Yes
B,16,2026-02-25T08:13:31+13:00[Pacific/Auckland],2026-02-25T08:13:47+13:00[Pacific/Auckland],Yes
C,25,2026-02-25T08:13:47+13:00[Pacific/Auckland],2026-02-25T08:14:12+13:00[Pacific/Auckland],Yes
<A>,16,2026-02-25T08:14:12+13:00[Pacific/Auckland],2026-02-25T08:14:28+13:00[Pacific/Auckland],Yes
B,16,2026-02-25T08:14:28+13:00[Pacific/Auckland],2026-02-25T08:14:44+13:00[Pacific/Auckland],Yes
C,17,2026-02-25T08:14:44+13:00[Pacific/Auckland],2026-02-25T08:15:01+13:00[Pacific/Auckland],Yes
D,15,2026-02-25T08:15:01+13:00[Pacific/Auckland],2026-02-25T08:15:16+13:00[Pacific/Auckland],Yes
<A>,14,2026-02-25T08:15:16+13:00[Pacific/Auckland],2026-02-25T08:15:30+13:00[Pacific/Auckland],Yes
B,17,2026-02-25T08:15:30+13:00[Pacific/Auckland],2026-02-25T08:15:47+13:00[Pacific/Auckland],Yes
C,25,2026-02-25T08:15:47+13:00[Pacific/Auckland],2026-02-25T08:16:12+13:00[Pacific/Auckland],Yes
D,16,2026-02-25T08:16:12+13:00[Pacific/Auckland],2026-02-25T08:16:28+13:00[Pacific/Auckland],Yes
<A>,13,2026-02-25T08:16:28+13:00[Pacific/Auckland],2026-02-25T08:16:41+13:00[Pacific/Auckland],Yes
C,32,2026-02-25T08:16:41+13:00[Pacific/Auckland],2026-02-25T08:17:13+13:00[Pacific/Auckland],Yes
D,16,2026-02-25T08:17:13+13:00[Pacific/Auckland],2026-02-25T08:17:29+13:00[Pacific/Auckland],Yes
<A>,19,2026-02-25T08:17:29+13:00[Pacific/Auckland],2026-02-25T08:17:48+13:00[Pacific/Auckland],Yes
B,19,2026-02-25T08:17:48+13:00[Pacific/Auckland],2026-02-25T08:18:07+13:00[Pacific/Auckland],Yes
C,38,2026-02-25T08:18:07+13:00[Pacific/Auckland],2026-02-25T08:18:45+13:00[Pacific/Auckland],
D,15,2026-02-25T08:18:45+13:00[Pacific/Auckland],2026-02-25T08:19:00+13:00[Pacific/Auckland],Yes
<A>,21,2026-02-25T08:19:00+13:00[Pacific/Auckland],2026-02-25T08:19:21+13:00[Pacific/Auckland],Yes
B,20,2026-02-25T08:19:21+13:00[Pacific/Auckland],2026-02-25T08:19:41+13:00[Pacific/Auckland],Yes
C,33,2026-02-25T08:19:41+13:00[Pacific/Auckland],2026-02-25T08:20:14+13:00[Pacific/Auckland],Yes
<A>,33,2026-02-25T08:20:14+13:00[Pacific/Auckland],2026-02-25T08:20:47+13:00[Pacific/Auckland],Yes
B,20,2026-02-25T08:20:47+13:00[Pacific/Auckland],2026-02-25T08:21:07+13:00[Pacific/Auckland],Yes
C,27,2026-02-25T08:21:07+13:00[Pacific/Auckland],2026-02-25T08:21:34+13:00[Pacific/Auckland],Yes
D,16,2026-02-25T08:21:34+13:00[Pacific/Auckland],2026-02-25T08:21:50+13:00[Pacific/Auckland],Yes
<A>,35,2026-02-25T08:21:50+13:00[Pacific/Auckland],2026-02-25T08:22:25+13:00[Pacific/Auckland],Yes
B,17,2026-02-25T08:22:25+13:00[Pacific/Auckland],2026-02-25T08:22:42+13:00[Pacific/Auckland],Yes
C,25,2026-02-25T08:22:42+13:00[Pacific/Auckland],2026-02-25T08:23:07+13:00[Pacific/Auckland],Yes
<A>,26,2026-02-25T08:23:07+13:00[Pacific/Auckland],2026-02-25T08:23:33+13:00[Pacific/Auckland],Yes
B,16,2026-02-25T08:23:33+13:00[Pacific/Auckland],2026-02-25T08:23:49+13:00[Pacific/Auckland],Yes
C,35,2026-02-25T08:23:49+13:00[Pacific/Auckland],2026-02-25T08:24:24+13:00[Pacific/Auckland],Yes
<A>,23,2026-02-25T08:24:24+13:00[Pacific/Auckland],2026-02-25T08:24:47+13:00[Pacific/Auckland],Yes
C,24,2026-02-25T08:24:47+13:00[Pacific/Auckland],2026-02-25T08:25:11+13:00[Pacific/Auckland],Yes
D,16,2026-02-25T08:25:11+13:00[Pacific/Auckland],2026-02-25T08:25:27+13:00[Pacific/Auckland],Yes
<A>,26,2026-02-25T08:25:27+13:00[Pacific/Auckland],2026-02-25T08:25:53+13:00[Pacific/Auckland],Yes
B,17,2026-02-25T08:25:53+13:00[Pacific/Auckland],2026-02-25T08:26:10+13:00[Pacific/Auckland],Yes
C,37,2026-02-25T08:26:10+13:00[Pacific/Auckland],2026-02-25T08:26:47+13:00[Pacific/Auckland],
D,16,2026-02-25T08:26:47+13:00[Pacific/Auckland],2026-02-25T08:27:03+13:00[Pacific/Auckland],Yes
<A>,22,2026-02-25T08:27:03+13:00[Pacific/Auckland],2026-02-25T08:27:25+13:00[Pacific/Auckland],Yes
B,17,2026-02-25T08:27:25+13:00[Pacific/Auckland],2026-02-25T08:27:42+13:00[Pacific/Auckland],Yes
C,37,2026-02-25T08:27:42+13:00[Pacific/Auckland],2026-02-25T08:28:19+13:00[Pacific/Auckland],
D,15,2026-02-25T08:28:19+13:00[Pacific/Auckland],2026-02-25T08:28:34+13:00[Pacific/Auckland],Yes
<A>,30,2026-02-25T08:28:34+13:00[Pacific/Auckland],2026-02-25T08:29:04+13:00[Pacific/Auckland],
C,40,2026-02-25T08:29:04+13:00[Pacific/Auckland],2026-02-25T08:29:44+13:00[Pacific/Auckland],Yes
D,20,2026-02-25T08:29:44+13:00[Pacific/Auckland],2026-02-25T08:30:04+13:00[Pacific/Auckland],Yes
<A>,33,2026-02-25T08:30:04+13:00[Pacific/Auckland],2026-02-25T08:30:37+13:00[Pacific/Auckland],Yes
B,16,2026-02-25T08:30:37+13:00[Pacific/Auckland],2026-02-25T08:30:53+13:00[Pacific/Auckland],Yes
C,30,2026-02-25T08:30:53+13:00[Pacific/Auckland],2026-02-25T08:31:23+13:00[Pacific/Auckland],Yes
<A>,29,2026-02-25T08:31:23+13:00[Pacific/Auckland],2026-02-25T08:31:52+13:00[Pacific/Auckland],Yes
B,17,2026-02-25T08:31:52+13:00[Pacific/Auckland],2026-02-25T08:32:09+13:00[Pacific/Auckland],Yes
C,61,2026-02-25T08:32:09+13:00[Pacific/Auckland],2026-02-25T08:33:10+13:00[Pacific/Auckland],
<A>,21,2026-02-25T08:33:10+13:00[Pacific/Auckland],2026-02-25T08:33:31+13:00[Pacific/Auckland],
C,39,2026-02-25T08:33:31+13:00[Pacific/Auckland],2026-02-25T08:34:10+13:00[Pacific/Auckland],Yes
<A>,22,2026-02-25T08:34:10+13:00[Pacific/Auckland],2026-02-25T08:34:32+13:00[Pacific/Auckland],Yes
C,31,2026-02-25T08:34:32+13:00[Pacific/Auckland],2026-02-25T08:35:03+13:00[Pacific/Auckland],Yes
<A>,21,2026-02-25T08:35:03+13:00[Pacific/Auckland],2026-02-25T08:35:24+13:00[Pacific/Auckland],
B,16,2026-02-25T08:35:24+13:00[Pacific/Auckland],2026-02-25T08:35:40+13:00[Pacific/Auckland],Yes
C,26,2026-02-25T08:35:40+13:00[Pacific/Auckland],2026-02-25T08:36:06+13:00[Pacific/Auckland],Yes
D,19,2026-02-25T08:36:06+13:00[Pacific/Auckland],2026-02-25T08:36:25+13:00[Pacific/Auckland],Yes
<A>,39,2026-02-25T08:36:25+13:00[Pacific/Auckland],2026-02-25T08:37:04+13:00[Pacific/Auckland],
B,16,2026-02-25T08:37:04+13:00[Pacific/Auckland],2026-02-25T08:37:20+13:00[Pacific/Auckland],Yes
C,29,2026-02-25T08:37:20+13:00[Pacific/Auckland],2026-02-25T08:37:49+13:00[Pacific/Auckland],Yes
<A>,22,2026-02-25T08:37:49+13:00[Pacific/Auckland],2026-02-25T08:38:11+13:00[Pacific/Auckland],Yes
B,16,2026-02-25T08:38:11+13:00[Pacific/Auckland],2026-02-25T08:38:27+13:00[Pacific/Auckland],Yes
C,17,2026-02-25T08:38:27+13:00[Pacific/Auckland],2026-02-25T08:38:44+13:00[Pacific/Auckland],Yes
D,15,2026-02-25T08:38:44+13:00[Pacific/Auckland],2026-02-25T08:38:59+13:00[Pacific/Auckland],Yes
<A>,33,2026-02-25T08:38:59+13:00[Pacific/Auckland],2026-02-25T08:39:32+13:00[Pacific/Auckland],Yes
B,16,2026-02-25T08:39:32+13:00[Pacific/Auckland],2026-02-25T08:39:48+13:00[Pacific/Auckland],Yes
C,27,2026-02-25T08:39:48+13:00[Pacific/Auckland],2026-02-25T08:40:15+13:00[Pacific/Auckland],Yes
D,16,2026-02-25T08:40:15+13:00[Pacific/Auckland],2026-02-25T08:40:31+13:00[Pacific/Auckland],Yes
<A>,33,2026-02-25T08:40:31+13:00[Pacific/Auckland],2026-02-25T08:41:04+13:00[Pacific/Auckland],Yes
B,25,2026-02-25T08:41:04+13:00[Pacific/Auckland],2026-02-25T08:41:29+13:00[Pacific/Auckland],
C,23,2026-02-25T08:41:29+13:00[Pacific/Auckland],2026-02-25T08:41:52+13:00[Pacific/Auckland],Yes
D,15,2026-02-25T08:41:52+13:00[Pacific/Auckland],2026-02-25T08:42:07+13:00[Pacific/Auckland],Yes
<A>,27,2026-02-25T08:42:07+13:00[Pacific/Auckland],2026-02-25T08:42:34+13:00[Pacific/Auckland],Yes
B,16,2026-02-25T08:42:34+13:00[Pacific/Auckland],2026-02-25T08:42:50+13:00[Pacific/Auckland],Yes
C,19,2026-02-25T08:42:50+13:00[Pacific/Auckland],2026-02-25T08:43:09+13:00[Pacific/Auckland],Yes
D,15,2026-02-25T08:43:09+13:00[Pacific/Auckland],2026-02-25T08:43:24+13:00[Pacific/Auckland],Yes
<A>,29,2026-02-25T08:43:24+13:00[Pacific/Auckland],2026-02-25T08:43:53+13:00[Pacific/Auckland],Yes
C,35,2026-02-25T08:43:53+13:00[Pacific/Auckland],2026-02-25T08:44:28+13:00[Pacific/Auckland],Yes
<A>,30,2026-02-25T08:44:28+13:00[Pacific/Auckland],2026-02-25T08:44:58+13:00[Pacific/Auckland],Yes
C,30,2026-02-25T08:44:58+13:00[Pacific/Auckland],2026-02-25T08:45:28+13:00[Pacific/Auckland],Yes
<A>,20,2026-02-25T08:45:28+13:00[Pacific/Auckland],2026-02-25T08:45:48+13:00[Pacific/Auckland],Yes
B,16,2026-02-25T08:45:48+13:00[Pacific/Auckland],2026-02-25T08:46:04+13:00[Pacific/Auckland],Yes
C,20,2026-02-25T08:46:04+13:00[Pacific/Auckland],2026-02-25T08:46:24+13:00[Pacific/Auckland],Yes
<A>,34,2026-02-25T08:46:24+13:00[Pacific/Auckland],2026-02-25T08:46:58+13:00[Pacific/Auckland],Yes
B,16,2026-02-25T08:46:58+13:00[Pacific/Auckland],2026-02-25T08:47:14+13:00[Pacific/Auckland],Yes
C,17,2026-02-25T08:47:14+13:00[Pacific/Auckland],2026-02-25T08:47:31+13:00[Pacific/Auckland],Yes
D,18,2026-02-25T08:47:31+13:00[Pacific/Auckland],2026-02-25T08:47:49+13:00[Pacific/Auckland],Yes
<A>,27,2026-02-25T08:47:49+13:00[Pacific/Auckland],2026-02-25T08:48:16+13:00[Pacific/Auckland],Yes
C,30,2026-02-25T08:48:16+13:00[Pacific/Auckland],2026-02-25T08:48:46+13:00[Pacific/Auckland],Yes
D,16,2026-02-25T08:48:46+13:00[Pacific/Auckland],2026-02-25T08:49:02+13:00[Pacific/Auckland],Yes
<A>,31,2026-02-25T08:49:02+13:00[Pacific/Auckland],2026-02-25T08:49:33+13:00[Pacific/Auckland],Yes
B,16,2026-02-25T08:49:33+13:00[Pacific/Auckland],2026-02-25T08:49:49+13:00[Pacific/Auckland],Yes
C,29,2026-02-25T08:49:49+13:00[Pacific/Auckland],2026-02-25T08:50:18+13:00[Pacific/Auckland],Yes
D,16,2026-02-25T08:50:18+13:00[Pacific/Auckland],2026-02-25T08:50:34+13:00[Pacific/Auckland],Yes
<A>,23,2026-02-25T08:50:34+13:00[Pacific/Auckland],2026-02-25T08:50:57+13:00[Pacific/Auckland],Yes
C,41,2026-02-25T08:50:57+13:00[Pacific/Auckland],2026-02-25T08:51:38+13:00[Pacific/Auckland],Yes
D,16,2026-02-25T08:51:38+13:00[Pacific/Auckland],2026-02-25T08:51:54+13:00[Pacific/Auckland],Yes
<A>,20,2026-02-25T08:51:54+13:00[Pacific/Auckland],2026-02-25T08:52:14+13:00[Pacific/Auckland],Yes
B,19,2026-02-25T08:52:14+13:00[Pacific/Auckland],2026-02-25T08:52:33+13:00[Pacific/Auckland],Yes
C,16,2026-02-25T08:52:33+13:00[Pacific/Auckland],2026-02-25T08:52:49+13:00[Pacific/Auckland],Yes
<A>,27,2026-02-25T08:52:49+13:00[Pacific/Auckland],2026-02-25T08:53:16+13:00[Pacific/Auckland],Yes
C,25,2026-02-25T08:53:16+13:00[Pacific/Auckland],2026-02-25T08:53:41+13:00[Pacific/Auckland],Yes
<A>,21,2026-02-25T08:53:41+13:00[Pacific/Auckland],2026-02-25T08:54:02+13:00[Pacific/Auckland],
B,16,2026-02-25T08:54:02+13:00[Pacific/Auckland],2026-02-25T08:54:18+13:00[Pacific/Auckland],Yes
C,26,2026-02-25T08:54:18+13:00[Pacific/Auckland],2026-02-25T08:54:44+13:00[Pacific/Auckland],Yes
D,16,2026-02-25T08:54:44+13:00[Pacific/Auckland],2026-02-25T08:55:00+13:00[Pacific/Auckland],Yes
<A>,12,2026-02-25T08:55:00+13:00[Pacific/Auckland],2026-02-25T08:55:12+13:00[Pacific/Auckland],Yes
C,43,2026-02-25T08:55:12+13:00[Pacific/Auckland],2026-02-25T08:55:55+13:00[Pacific/Auckland],Yes
<A>,26,2026-02-25T08:55:55+13:00[Pacific/Auckland],2026-02-25T08:56:21+13:00[Pacific/Auckland],Yes
B,16,2026-02-25T08:56:21+13:00[Pacific/Auckland],2026-02-25T08:56:37+13:00[Pacific/Auckland],Yes
C,19,2026-02-25T08:56:37+13:00[Pacific/Auckland],2026-02-25T08:56:56+13:00[Pacific/Auckland],Yes
D,15,2026-02-25T08:56:56+13:00[Pacific/Auckland],2026-02-25T08:57:11+13:00[Pacific/Auckland],Yes
<A>,12,2026-02-25T08:57:11+13:00[Pacific/Auckland],2026-02-25T08:57:23+13:00[Pacific/Auckland],Yes
C,19,2026-02-25T08:57:23+13:00[Pacific/Auckland],2026-02-25T08:57:42+13:00[Pacific/Auckland],Yes
<A>,21,2026-02-25T08:57:42+13:00[Pacific/Auckland],2026-02-25T08:58:03+13:00[Pacific/Auckland],
C,50,2026-02-25T08:58:03+13:00[Pacific/Auckland],2026-02-25T08:58:53+13:00[Pacific/Auckland],Yes
D,16,2026-02-25T08:58:53+13:00[Pacific/Auckland],2026-02-25T08:59:09+13:00[Pacific/Auckland],Yes
<A>,18,2026-02-25T08:59:09+13:00[Pacific/Auckland],2026-02-25T08:59:27+13:00[Pacific/Auckland],Yes
C,21,2026-02-25T08:59:27+13:00[Pacific/Auckland],2026-02-25T08:59:48+13:00[Pacific/Auckland],Yes
<A>,18,2026-02-25T08:59:48+13:00[Pacific/Auckland],2026-02-25T09:00:06+13:00[Pacific/Auckland],Yes
B,16,2026-02-25T09:00:06+13:00[Pacific/Auckland],2026-02-25T09:00:22+13:00[Pacific/Auckland],Yes
C,18,2026-02-25T09:00:22+13:00[Pacific/Auckland],2026-02-25T09:00:40+13:00[Pacific/Auckland],Yes
<A>,37,2026-02-25T09:00:40+13:00[Pacific/Auckland],2026-02-25T09:01:17+13:00[Pacific/Auckland],Yes
D,18,2026-02-25T09:01:17+13:00[Pacific/Auckland],2026-02-25T09:01:35+13:00[Pacific/Auckland],Yes
<A>,14,2026-02-25T09:01:35+13:00[Pacific/Auckland],2026-02-25T09:01:49+13:00[Pacific/Auckland],Yes
B,17,2026-02-25T09:01:49+13:00[Pacific/Auckland],2026-02-25T09:02:06+13:00[Pacific/Auckland],Yes
C,16,2026-02-25T09:02:06+13:00[Pacific/Auckland],2026-02-25T09:02:22+13:00[Pacific/Auckland],Yes
<A>,17,2026-02-25T09:02:22+13:00[Pacific/Auckland],2026-02-25T09:02:39+13:00[Pacific/Auckland],Yes
B,17,2026-02-25T09:02:39+13:00[Pacific/Auckland],2026-02-25T09:02:56+13:00[Pacific/Auckland],Yes
C,22,2026-02-25T09:02:56+13:00[Pacific/Auckland],2026-02-25T09:03:18+13:00[Pacific/Auckland],Yes
D,16,2026-02-25T09:03:18+13:00[Pacific/Auckland],2026-02-25T09:03:34+13:00[Pacific/Auckland],Yes
<A>,18,2026-02-25T09:03:34+13:00[Pacific/Auckland],2026-02-25T09:03:52+13:00[Pacific/Auckland],Yes
B,16,2026-02-25T09:03:52+13:00[Pacific/Auckland],2026-02-25T09:04:08+13:00[Pacific/Auckland],Yes
C,23,2026-02-25T09:04:08+13:00[Pacific/Auckland],2026-02-25T09:04:31+13:00[Pacific/Auckland],Yes
<A>,20,2026-02-25T09:04:31+13:00[Pacific/Auckland],2026-02-25T09:04:51+13:00[Pacific/Auckland],Yes
C,20,2026-02-25T09:04:51+13:00[Pacific/Auckland],2026-02-25T09:05:11+13:00[Pacific/Auckland],Yes
<A>,27,2026-02-25T09:05:11+13:00[Pacific/Auckland],2026-02-25T09:05:38+13:00[Pacific/Auckland],
B,16,2026-02-25T09:05:38+13:00[Pacific/Auckland],2026-02-25T09:05:54+13:00[Pacific/Auckland],Yes
C,17,2026-02-25T09:05:54+13:00[Pacific/Auckland],2026-02-25T09:06:11+13:00[Pacific/Auckland],Yes
<A>,15,2026-02-25T09:06:11+13:00[Pacific/Auckland],2026-02-25T09:06:26+13:00[Pacific/Auckland],Yes
C,27,2026-02-25T09:06:26+13:00[Pacific/Auckland],2026-02-25T09:06:53+13:00[Pacific/Auckland],Yes
D,15,2026-02-25T09:06:53+13:00[Pacific/Auckland],2026-02-25T09:07:08+13:00[Pacific/Auckland],Yes
<A>,21,2026-02-25T09:07:08+13:00[Pacific/Auckland],2026-02-25T09:07:29+13:00[Pacific/Auckland],
B,17,2026-02-25T09:07:29+13:00[Pacific/Auckland],2026-02-25T09:07:46+13:00[Pacific/Auckland],Yes
C,18,2026-02-25T09:07:46+13:00[Pacific/Auckland],2026-02-25T09:08:04+13:00[Pacific/Auckland],Yes
D,16,2026-02-25T09:08:04+13:00[Pacific/Auckland],2026-02-25T09:08:20+13:00[Pacific/Auckland],Yes
<A>,18,2026-02-25T09:08:20+13:00[Pacific/Auckland],2026-02-25T09:08:38+13:00[Pacific/Auckland],Yes
B,17,2026-02-25T09:08:38+13:00[Pacific/Auckland],2026-02-25T09:08:55+13:00[Pacific/Auckland],Yes
C,18,2026-02-25T09:08:55+13:00[Pacific/Auckland],2026-02-25T09:09:13+13:00[Pacific/Auckland],Yes
<A>,14,2026-02-25T09:09:13+13:00[Pacific/Auckland],2026-02-25T09:09:27+13:00[Pacific/Auckland],Yes
C,26,2026-02-25T09:09:27+13:00[Pacific/Auckland],2026-02-25T09:09:53+13:00[Pacific/Auckland],Yes
<A>,19,2026-02-25T09:09:53+13:00[Pacific/Auckland],2026-02-25T09:10:12+13:00[Pacific/Auckland],Yes
B,16,2026-02-25T09:10:12+13:00[Pacific/Auckland],2026-02-25T09:10:28+13:00[Pacific/Auckland],Yes
<A>,11,2026-02-25T09:10:28+13:00[Pacific/Auckland],2026-02-25T09:10:39+13:00[Pacific/Auckland],Yes
C,19,2026-02-25T09:10:39+13:00[Pacific/Auckland],2026-02-25T09:10:58+13:00[Pacific/Auckland],Yes
<A>,11,2026-02-25T09:10:58+13:00[Pacific/Auckland],2026-02-25T09:11:09+13:00[Pacific/Auckland],Yes
D,16,2026-02-25T09:11:09+13:00[Pacific/Auckland],2026-02-25T09:11:25+13:00[Pacific/Auckland],Yes
<A>,18,2026-02-25T09:11:25+13:00[Pacific/Auckland],2026-02-25T09:11:43+13:00[Pacific/Auckland],Yes
C,30,2026-02-25T09:11:43+13:00[Pacific/Auckland],2026-02-25T09:12:13+13:00[Pacific/Auckland],Yes
<A>,20,2026-02-25T09:12:13+13:00[Pacific/Auckland],2026-02-25T09:12:33+13:00[Pacific/Auckland],Yes
C,26,2026-02-25T09:12:33+13:00[Pacific/Auckland],2026-02-25T09:12:59+13:00[Pacific/Auckland],Yes
<A>,20,2026-02-25T09:12:59+13:00[Pacific/Auckland],2026-02-25T09:13:19+13:00[Pacific/Auckland],Yes
C,30,2026-02-25T09:13:19+13:00[Pacific/Auckland],2026-02-25T09:13:49+13:00[Pacific/Auckland],Yes
<A>,19,2026-02-25T09:13:49+13:00[Pacific/Auckland],2026-02-25T09:14:08+13:00[Pacific/Auckland],Yes
C,17,2026-02-25T09:14:08+13:00[Pacific/Auckland],2026-02-25T09:14:25+13:00[Pacific/Auckland],Yes
<A>,14,2026-02-25T09:14:25+13:00[Pacific/Auckland],2026-02-25T09:14:39+13:00[Pacific/Auckland],Yes
C,13,2026-02-25T09:14:39+13:00[Pacific/Auckland],2026-02-25T09:14:52+13:00[Pacific/Auckland],Yes
<A>,28,2026-02-25T09:14:52+13:00[Pacific/Auckland],2026-02-25T09:15:20+13:00[Pacific/Auckland],Yes
C,27,2026-02-25T09:15:20+13:00[Pacific/Auckland],2026-02-25T09:15:47+13:00[Pacific/Auckland],Yes
D,17,2026-02-25T09:15:47+13:00[Pacific/Auckland],2026-02-25T09:16:04+13:00[Pacific/Auckland],Yes
<A>,13,2026-02-25T09:16:04+13:00[Pacific/Auckland],2026-02-25T09:16:17+13:00[Pacific/Auckland],Yes
B,17,2026-02-25T09:16:17+13:00[Pacific/Auckland],2026-02-25T09:16:34+13:00[Pacific/Auckland],Yes
C,24,2026-02-25T09:16:34+13:00[Pacific/Auckland],2026-02-25T09:16:58+13:00[Pacific/Auckland],Yes
<A>,22,2026-02-25T09:16:58+13:00[Pacific/Auckland],2026-02-25T09:17:20+13:00[Pacific/Auckland],Yes
C,20,2026-02-25T09:17:20+13:00[Pacific/Auckland],2026-02-25T09:17:40+13:00[Pacific/Auckland],Yes
D,16,2026-02-25T09:17:40+13:00[Pacific/Auckland],2026-02-25T09:17:56+13:00[Pacific/Auckland],Yes
<A>,11,2026-02-25T09:17:56+13:00[Pacific/Auckland],2026-02-25T09:18:07+13:00[Pacific/Auckland],Yes
B,16,2026-02-25T09:18:07+13:00[Pacific/Auckland],2026-02-25T09:18:23+13:00[Pacific/Auckland],Yes
C,18,2026-02-25T09:18:23+13:00[Pacific/Auckland],2026-02-25T09:18:41+13:00[Pacific/Auckland],Yes
<A>,12,2026-02-25T09:18:41+13:00[Pacific/Auckland],2026-02-25T09:18:53+13:00[Pacific/Auckland],Yes
B,16,2026-02-25T09:18:53+13:00[Pacific/Auckland],2026-02-25T09:19:09+13:00[Pacific/Auckland],Yes
C,19,2026-02-25T09:19:09+13:00[Pacific/Auckland],2026-02-25T09:19:28+13:00[Pacific/Auckland],Yes
<A>,17,2026-02-25T09:19:28+13:00[Pacific/Auckland],2026-02-25T09:19:45+13:00[Pacific/Auckland],Yes
C,20,2026-02-25T09:19:45+13:00[Pacific/Auckland],2026-02-25T09:20:05+13:00[Pacific/Auckland],Yes
<A>,12,2026-02-25T09:20:05+13:00[Pacific/Auckland],2026-02-25T09:20:17+13:00[Pacific/Auckland],Yes
B,28,2026-02-25T09:20:17+13:00[Pacific/Auckland],2026-02-25T09:20:45+13:00[Pacific/Auckland],Yes
<A>,23,2026-02-25T09:20:45+13:00[Pacific/Auckland],2026-02-25T09:21:08+13:00[Pacific/Auckland],Yes
C,24,2026-02-25T09:21:08+13:00[Pacific/Auckland],2026-02-25T09:21:32+13:00[Pacific/Auckland],Yes
<A>,21,2026-02-25T09:21:32+13:00[Pacific/Auckland],2026-02-25T09:21:53+13:00[Pacific/Auckland],
B,16,2026-02-25T09:21:53+13:00[Pacific/Auckland],2026-02-25T09:22:09+13:00[Pacific/Auckland],Yes
C,17,2026-02-25T09:22:09+13:00[Pacific/Auckland],2026-02-25T09:22:26+13:00[Pacific/Auckland],Yes
D,16,2026-02-25T09:22:26+13:00[Pacific/Auckland],2026-02-25T09:22:42+13:00[Pacific/Auckland],Yes
<A>,19,2026-02-25T09:22:42+13:00[Pacific/Auckland],2026-02-25T09:23:01+13:00[Pacific/Auckland],Yes
C,30,2026-02-25T09:23:01+13:00[Pacific/Auckland],2026-02-25T09:23:31+13:00[Pacific/Auckland],Yes
<A>,17,2026-02-25T09:23:31+13:00[Pacific/Auckland],2026-02-25T09:23:48+13:00[Pacific/Auckland],Yes
D,18,2026-02-25T09:23:48+13:00[Pacific/Auckland],2026-02-25T09:24:06+13:00[Pacific/Auckland],Yes
<A>,11,2026-02-25T09:24:06+13:00[Pacific/Auckland],2026-02-25T09:24:17+13:00[Pacific/Auckland],Yes
B,18,2026-02-25T09:24:17+13:00[Pacific/Auckland],2026-02-25T09:24:35+13:00[Pacific/Auckland],Yes
C,23,2026-02-25T09:24:35+13:00[Pacific/Auckland],2026-02-25T09:24:58+13:00[Pacific/Auckland],Yes
<A>,20,2026-02-25T09:24:58+13:00[Pacific/Auckland],2026-02-25T09:25:18+13:00[Pacific/Auckland],Yes
C,19,2026-02-25T09:25:18+13:00[Pacific/Auckland],2026-02-25T09:25:37+13:00[Pacific/Auckland],Yes
<A>,15,2026-02-25T09:25:37+13:00[Pacific/Auckland],2026-02-25T09:25:52+13:00[Pacific/Auckland],Yes
C,13,2026-02-25T09:25:52+13:00[Pacific/Auckland],2026-02-25T09:26:05+13:00[Pacific/Auckland],Yes
<A>,15,2026-02-25T09:26:05+13:00[Pacific/Auckland],2026-02-25T09:26:20+13:00[Pacific/Auckland],Yes
C,17,2026-02-25T09:26:20+13:00[Pacific/Auckland],2026-02-25T09:26:37+13:00[Pacific/Auckland],Yes
<A>,41,2026-02-25T09:26:37+13:00[Pacific/Auckland],2026-02-25T09:27:18+13:00[Pacific/Auckland],Yes
C,15,2026-02-25T09:27:18+13:00[Pacific/Auckland],2026-02-25T09:27:33+13:00[Pacific/Auckland],Yes
<A>,16,2026-02-25T09:27:33+13:00[Pacific/Auckland],2026-02-25T09:27:49+13:00[Pacific/Auckland],Yes
C,16,2026-02-25T09:27:49+13:00[Pacific/Auckland],2026-02-25T09:28:05+13:00[Pacific/Auckland],Yes
<A>,30,2026-02-25T09:28:05+13:00[Pacific/Auckland],2026-02-25T09:28:35+13:00[Pacific/Auckland],Yes
C,32,2026-02-25T09:28:35+13:00[Pacific/Auckland],2026-02-25T09:29:07+13:00[Pacific/Auckland],Yes
<A>,33,2026-02-25T09:29:07+13:00[Pacific/Auckland],2026-02-25T09:29:40+13:00[Pacific/Auckland],
B,16,2026-02-25T09:29:40+13:00[Pacific/Auckland],2026-02-25T09:29:56+13:00[Pacific/Auckland],Yes
C,19,2026-02-25T09:29:56+13:00[Pacific/Auckland],2026-02-25T09:30:15+13:00[Pacific/Auckland],Yes
D,15,2026-02-25T09:30:15+13:00[Pacific/Auckland],2026-02-25T09:30:30+13:00[Pacific/Auckland],Yes
<A>,21,2026-02-25T09:30:30+13:00[Pacific/Auckland],2026-02-25T09:30:51+13:00[Pacific/Auckland],Yes
C,107,2026-02-25T09:30:51+13:00[Pacific/Auckland],2026-02-25T09:32:38+13:00[Pacific/Auckland],
<A>,21,2026-02-25T09:32:38+13:00[Pacific/Auckland],2026-02-25T09:32:59+13:00[Pacific/Auckland],
C,35,2026-02-25T09:32:59+13:00[Pacific/Auckland],2026-02-25T09:33:34+13:00[Pacific/Auckland],Yes
D,15,2026-02-25T09:33:34+13:00[Pacific/Auckland],2026-02-25T09:33:49+13:00[Pacific/Auckland],Yes
<A>,15,2026-02-25T09:33:49+13:00[Pacific/Auckland],2026-02-25T09:34:04+13:00[Pacific/Auckland],Yes
B,16,2026-02-25T09:34:04+13:00[Pacific/Auckland],2026-02-25T09:34:20+13:00[Pacific/Auckland],Yes
C,23,2026-02-25T09:34:20+13:00[Pacific/Auckland],2026-02-25T09:34:43+13:00[Pacific/Auckland],Yes
<A>,18,2026-02-25T09:34:43+13:00[Pacific/Auckland],2026-02-25T09:35:01+13:00[Pacific/Auckland],Yes
D,17,2026-02-25T09:35:01+13:00[Pacific/Auckland],2026-02-25T09:35:18+13:00[Pacific/Auckland],Yes
<A>,11,2026-02-25T09:35:18+13:00[Pacific/Auckland],2026-02-25T09:35:29+13:00[Pacific/Auckland],Yes
C,29,2026-02-25T09:35:29+13:00[Pacific/Auckland],2026-02-25T09:35:58+13:00[Pacific/Auckland],Yes
<A>,17,2026-02-25T09:35:58+13:00[Pacific/Auckland],2026-02-25T09:36:15+13:00[Pacific/Auckland],Yes
C,21,2026-02-25T09:36:15+13:00[Pacific/Auckland],2026-02-25T09:36:36+13:00[Pacific/Auckland],Yes
D,16,2026-02-25T09:36:36+13:00[Pacific/Auckland],2026-02-25T09:36:52+13:00[Pacific/Auckland],Yes
<A>,11,2026-02-25T09:36:52+13:00[Pacific/Auckland],2026-02-25T09:37:03+13:00[Pacific/Auckland],Yes
C,18,2026-02-25T09:37:03+13:00[Pacific/Auckland],2026-02-25T09:37:21+13:00[Pacific/Auckland],Yes
<A>,18,2026-02-25T09:37:21+13:00[Pacific/Auckland],2026-02-25T09:37:39+13:00[Pacific/Auckland],Yes
C,31,2026-02-25T09:37:39+13:00[Pacific/Auckland],2026-02-25T09:38:10+13:00[Pacific/Auckland],Yes
<A>,32,2026-02-25T09:38:10+13:00[Pacific/Auckland],2026-02-25T09:38:42+13:00[Pacific/Auckland],Yes
B,20,2026-02-25T09:38:42+13:00[Pacific/Auckland],2026-02-25T09:39:02+13:00[Pacific/Auckland],Yes
<A>,17,2026-02-25T09:39:02+13:00[Pacific/Auckland],2026-02-25T09:39:19+13:00[Pacific/Auckland],Yes
C,18,2026-02-25T09:39:19+13:00[Pacific/Auckland],2026-02-25T09:39:37+13:00[Pacific/Auckland],Yes
<A>,20,2026-02-25T09:39:37+13:00[Pacific/Auckland],2026-02-25T09:39:57+13:00[Pacific/Auckland],
B,16,2026-02-25T09:39:57+13:00[Pacific/Auckland],2026-02-25T09:40:13+13:00[Pacific/Auckland],Yes
C,22,2026-02-25T09:40:13+13:00[Pacific/Auckland],2026-02-25T09:40:35+13:00[Pacific/Auckland],Yes
<A>,20,2026-02-25T09:40:35+13:00[Pacific/Auckland],2026-02-25T09:40:55+13:00[Pacific/Auckland],Yes
C,13,2026-02-25T09:40:55+13:00[Pacific/Auckland],2026-02-25T09:41:08+13:00[Pacific/Auckland],Yes
D,16,2026-02-25T09:41:08+13:00[Pacific/Auckland],2026-02-25T09:41:24+13:00[Pacific/Auckland],Yes
<A>,20,2026-02-25T09:41:24+13:00[Pacific/Auckland],2026-02-25T09:41:44+13:00[Pacific/Auckland],Yes
B,16,2026-02-25T09:41:44+13:00[Pacific/Auckland],2026-02-25T09:42:00+13:00[Pacific/Auckland],Yes
C,19,2026-02-25T09:42:00+13:00[Pacific/Auckland],2026-02-25T09:42:19+13:00[Pacific/Auckland],Yes
<A>,17,2026-02-25T09:42:19+13:00[Pacific/Auckland],2026-02-25T09:42:36+13:00[Pacific/Auckland],Yes
C,16,2026-02-25T09:42:36+13:00[Pacific/Auckland],2026-02-25T09:42:52+13:00[Pacific/Auckland],Yes
<A>,21,2026-02-25T09:42:52+13:00[Pacific/Auckland],2026-02-25T09:43:13+13:00[Pacific/Auckland],
B,16,2026-02-25T09:43:13+13:00[Pacific/Auckland],2026-02-25T09:43:29+13:00[Pacific/Auckland],Yes
C,16,2026-02-25T09:43:29+13:00[Pacific/Auckland],2026-02-25T09:43:45+13:00[Pacific/Auckland],Yes
D,16,2026-02-25T09:43:45+13:00[Pacific/Auckland],2026-02-25T09:44:01+13:00[Pacific/Auckland],Yes
<A>,19,2026-02-25T09:44:01+13:00[Pacific/Auckland],2026-02-25T09:44:20+13:00[Pacific/Auckland],Yes
C,30,2026-02-25T09:44:20+13:00[Pacific/Auckland],2026-02-25T09:44:50+13:00[Pacific/Auckland],Yes
D,16,2026-02-25T09:44:50+13:00[Pacific/Auckland],2026-02-25T09:45:06+13:00[Pacific/Auckland],Yes
<A>,18,2026-02-25T09:45:06+13:00[Pacific/Auckland],2026-02-25T09:45:24+13:00[Pacific/Auckland],Yes
B,16,2026-02-25T09:45:24+13:00[Pacific/Auckland],2026-02-25T09:45:40+13:00[Pacific/Auckland],Yes
C,27,2026-02-25T09:45:40+13:00[Pacific/Auckland],2026-02-25T09:46:07+13:00[Pacific/Auckland],Yes
D,16,2026-02-25T09:46:07+13:00[Pacific/Auckland],2026-02-25T09:46:23+13:00[Pacific/Auckland],Yes
<A>,25,2026-02-25T09:46:23+13:00[Pacific/Auckland],2026-02-25T09:46:48+13:00[Pacific/Auckland],Yes
C,27,2026-02-25T09:46:48+13:00[Pacific/Auckland],2026-02-25T09:47:15+13:00[Pacific/Auckland],Yes
<A>,17,2026-02-25T09:47:15+13:00[Pacific/Auckland],2026-02-25T09:47:32+13:00[Pacific/Auckland],Yes
C,26,2026-02-25T09:47:32+13:00[Pacific/Auckland],2026-02-25T09:47:58+13:00[Pacific/Auckland],Yes
<A>,12,2026-02-25T09:47:58+13:00[Pacific/Auckland],2026-02-25T09:48:10+13:00[Pacific/Auckland],Yes
C,15,2026-02-25T09:48:10+13:00[Pacific/Auckland],2026-02-25T09:48:25+13:00[Pacific/Auckland],Yes
<A>,13,2026-02-25T09:48:25+13:00[Pacific/Auckland],2026-02-25T09:48:38+13:00[Pacific/Auckland],Yes
B,16,2026-02-25T09:48:38+13:00[Pacific/Auckland],2026-02-25T09:48:54+13:00[Pacific/Auckland],Yes
C,17,2026-02-25T09:48:54+13:00[Pacific/Auckland],2026-02-25T09:49:11+13:00[Pacific/Auckland],Yes
<A>,15,2026-02-25T09:49:11+13:00[Pacific/Auckland],2026-02-25T09:49:26+13:00[Pacific/Auckland],Yes
C,22,2026-02-25T09:49:26+13:00[Pacific/Auckland],2026-02-25T09:49:48+13:00[Pacific/Auckland],Yes
<A>,22,2026-02-25T09:49:48+13:00[Pacific/Auckland],2026-02-25T09:50:10+13:00[Pacific/Auckland],
B,16,2026-02-25T09:50:10+13:00[Pacific/Auckland],2026-02-25T09:50:26+13:00[Pacific/Auckland],Yes
<A>,14,2026-02-25T09:50:26+13:00[Pacific/Auckland],2026-02-25T09:50:40+13:00[Pacific/Auckland],Yes
C,14,2026-02-25T09:50:40+13:00[Pacific/Auckland],2026-02-25T09:50:54+13:00[Pacific/Auckland],Yes
<A>,16,2026-02-25T09:50:54+13:00[Pacific/Auckland],2026-02-25T09:51:10+13:00[Pacific/Auckland],Yes
B,16,2026-02-25T09:51:10+13:00[Pacific/Auckland],2026-02-25T09:51:26+13:00[Pacific/Auckland],Yes
C,17,2026-02-25T09:51:26+13:00[Pacific/Auckland],2026-02-25T09:51:43+13:00[Pacific/Auckland],Yes
<A>,17,2026-02-25T09:51:43+13:00[Pacific/Auckland],2026-02-25T09:52:00+13:00[Pacific/Auckland],Yes
B,17,2026-02-25T09:52:00+13:00[Pacific/Auckland],2026-02-25T09:52:17+13:00[Pacific/Auckland],Yes
<A>,31,2026-02-25T09:52:17+13:00[Pacific/Auckland],2026-02-25T09:52:48+13:00[Pacific/Auckland],Yes
C,30,2026-02-25T09:52:48+13:00[Pacific/Auckland],2026-02-25T09:53:18+13:00[Pacific/Auckland],Yes
D,16,2026-02-25T09:53:18+13:00[Pacific/Auckland],2026-02-25T09:53:34+13:00[Pacific/Auckland],Yes
<A>,21,2026-02-25T09:53:34+13:00[Pacific/Auckland],2026-02-25T09:53:55+13:00[Pacific/Auckland],
C,24,2026-02-25T09:53:55+13:00[Pacific/Auckland],2026-02-25T09:54:19+13:00[Pacific/Auckland],Yes
<A>,12,2026-02-25T09:54:19+13:00[Pacific/Auckland],2026-02-25T09:54:31+13:00[Pacific/Auckland],Yes
C,18,2026-02-25T09:54:31+13:00[Pacific/Auckland],2026-02-25T09:54:49+13:00[Pacific/Auckland],Yes
<A>,18,2026-02-25T09:54:49+13:00[Pacific/Auckland],2026-02-25T09:55:07+13:00[Pacific/Auckland],Yes
B,16,2026-02-25T09:55:07+13:00[Pacific/Auckland],2026-02-25T09:55:23+13:00[Pacific/Auckland],Yes
C,18,2026-02-25T09:55:23+13:00[Pacific/Auckland],2026-02-25T09:55:41+13:00[Pacific/Auckland],Yes
<A>,25,2026-02-25T09:55:41+13:00[Pacific/Auckland],2026-02-25T09:56:06+13:00[Pacific/Auckland],Yes
C,15,2026-02-25T09:56:06+13:00[Pacific/Auckland],2026-02-25T09:56:21+13:00[Pacific/Auckland],Yes
<A>,16,2026-02-25T09:56:21+13:00[Pacific/Auckland],2026-02-25T09:56:37+13:00[Pacific/Auckland],Yes
B,16,2026-02-25T09:56:37+13:00[Pacific/Auckland],2026-02-25T09:56:53+13:00[Pacific/Auckland],Yes
C,17,2026-02-25T09:56:53+13:00[Pacific/Auckland],2026-02-25T09:57:10+13:00[Pacific/Auckland],Yes
<A>,13,2026-02-25T09:57:10+13:00[Pacific/Auckland],2026-02-25T09:57:23+13:00[Pacific/Auckland],Yes
C,11,2026-02-25T09:57:23+13:00[Pacific/Auckland],2026-02-25T09:57:34+13:00[Pacific/Auckland],Yes
<A>,21,2026-02-25T09:57:34+13:00[Pacific/Auckland],2026-02-25T09:57:55+13:00[Pacific/Auckland],
B,17,2026-02-25T09:57:55+13:00[Pacific/Auckland],2026-02-25T09:58:12+13:00[Pacific/Auckland],Yes
C,16,2026-02-25T09:58:12+13:00[Pacific/Auckland],2026-02-25T09:58:28+13:00[Pacific/Auckland],Yes
<A>,14,2026-02-25T09:58:28+13:00[Pacific/Auckland],2026-02-25T09:58:42+13:00[Pacific/Auckland],Yes
D,17,2026-02-25T09:58:42+13:00[Pacific/Auckland],2026-02-25T09:58:59+13:00[Pacific/Auckland],Yes
<A>,12,2026-02-25T09:58:59+13:00[Pacific/Auckland],2026-02-25T09:59:11+13:00[Pacific/Auckland],Yes
C,17,2026-02-25T09:59:11+13:00[Pacific/Auckland],2026-02-25T09:59:28+13:00[Pacific/Auckland],Yes
<A>,13,2026-02-25T09:59:28+13:00[Pacific/Auckland],2026-02-25T09:59:41+13:00[Pacific/Auckland],Yes
B,29,2026-02-25T09:59:41+13:00[Pacific/Auckland],2026-02-25T10:00:10+13:00[Pacific/Auckland],Yes
C,25,2026-02-25T10:00:10+13:00[Pacific/Auckland],2026-02-25T10:00:35+13:00[Pacific/Auckland],Yes
D,16,2026-02-25T10:00:35+13:00[Pacific/Auckland],2026-02-25T10:00:51+13:00[Pacific/Auckland],Yes
<A>,16,2026-02-25T10:00:51+13:00[Pacific/Auckland],2026-02-25T10:01:07+13:00[Pacific/Auckland],Yes
B,19,2026-02-25T10:01:07+13:00[Pacific/Auckland],2026-02-25T10:01:26+13:00[Pacific/Auckland],Yes
C,26,2026-02-25T10:01:26+13:00[Pacific/Auckland],2026-02-25T10:01:52+13:00[Pacific/Auckland],Yes
<A>,32,2026-02-25T10:01:52+13:00[Pacific/Auckland],2026-02-25T10:02:24+13:00[Pacific/Auckland],Yes
D,22,2026-02-25T10:02:24+13:00[Pacific/Auckland],2026-02-25T10:02:46+13:00[Pacific/Auckland],Yes
<A>,13,2026-02-25T10:02:46+13:00[Pacific/Auckland],2026-02-25T10:02:59+13:00[Pacific/Auckland],Yes
C,31,2026-02-25T10:02:59+13:00[Pacific/Auckland],2026-02-25T10:03:30+13:00[Pacific/Auckland],Yes
<A>,25,2026-02-25T10:03:30+13:00[Pacific/Auckland],2026-02-25T10:03:55+13:00[Pacific/Auckland],Yes
C,12,2026-02-25T10:03:55+13:00[Pacific/Auckland],2026-02-25T10:04:07+13:00[Pacific/Auckland],Yes
<A>,13,2026-02-25T10:04:07+13:00[Pacific/Auckland],2026-02-25T10:04:20+13:00[Pacific/Auckland],Yes
C,21,2026-02-25T10:04:20+13:00[Pacific/Auckland],2026-02-25T10:04:41+13:00[Pacific/Auckland],Yes
<A>,31,2026-02-25T10:04:41+13:00[Pacific/Auckland],2026-02-25T10:05:12+13:00[Pacific/Auckland],Yes
C,16,2026-02-25T10:05:12+13:00[Pacific/Auckland],2026-02-25T10:05:28+13:00[Pacific/Auckland],Yes
<A>,16,2026-02-25T10:05:28+13:00[Pacific/Auckland],2026-02-25T10:05:44+13:00[Pacific/Auckland],Yes
B,17,2026-02-25T10:05:44+13:00[Pacific/Auckland],2026-02-25T10:06:01+13:00[Pacific/Auckland],Yes
C,20,2026-02-25T10:06:01+13:00[Pacific/Auckland],2026-02-25T10:06:21+13:00[Pacific/Auckland],Yes
<A>,29,2026-02-25T10:06:21+13:00[Pacific/Auckland],2026-02-25T10:06:50+13:00[Pacific/Auckland],Yes
C,26,2026-02-25T10:06:50+13:00[Pacific/Auckland],2026-02-25T10:07:16+13:00[Pacific/Auckland],Yes
<A>,31,2026-02-25T10:07:16+13:00[Pacific/Auckland],2026-02-25T10:07:47+13:00[Pacific/Auckland],
B,16,2026-02-25T10:07:47+13:00[Pacific/Auckland],2026-02-25T10:08:03+13:00[Pacific/Auckland],Yes
C,25,2026-02-25T10:08:03+13:00[Pacific/Auckland],2026-02-25T10:08:28+13:00[Pacific/Auckland],Yes
<A>,18,2026-02-25T10:08:28+13:00[Pacific/Auckland],2026-02-25T10:08:46+13:00[Pacific/Auckland],Yes
C,12,2026-02-25T10:08:46+13:00[Pacific/Auckland],2026-02-25T10:08:58+13:00[Pacific/Auckland],Yes
D,16,2026-02-25T10:08:58+13:00[Pacific/Auckland],2026-02-25T10:09:14+13:00[Pacific/Auckland],Yes
<A>,13,2026-02-25T10:09:14+13:00[Pacific/Auckland],2026-02-25T10:09:27+13:00[Pacific/Auckland],Yes
C,19,2026-02-25T10:09:27+13:00[Pacific/Auckland],2026-02-25T10:09:46+13:00[Pacific/Auckland],Yes
<A>,33,2026-02-25T10:09:46+13:00[Pacific/Auckland],2026-02-25T10:10:19+13:00[Pacific/Auckland],Yes
B,16,2026-02-25T10:10:19+13:00[Pacific/Auckland],2026-02-25T10:10:35+13:00[Pacific/Auckland],Yes
C,22,2026-02-25T10:10:35+13:00[Pacific/Auckland],2026-02-25T10:10:57+13:00[Pacific/Auckland],Yes
D,16,2026-02-25T10:10:57+13:00[Pacific/Auckland],2026-02-25T10:11:13+13:00[Pacific/Auckland],Yes
<A>,21,2026-02-25T10:11:13+13:00[Pacific/Auckland],2026-02-25T10:11:34+13:00[Pacific/Auckland],Yes
B,20,2026-02-25T10:11:34+13:00[Pacific/Auckland],2026-02-25T10:11:54+13:00[Pacific/Auckland],Yes
C,20,2026-02-25T10:11:54+13:00[Pacific/Auckland],2026-02-25T10:12:14+13:00[Pacific/Auckland],Yes
<A>,15,2026-02-25T10:12:14+13:00[Pacific/Auckland],2026-02-25T10:12:29+13:00[Pacific/Auckland],Yes
C,38,2026-02-25T10:12:29+13:00[Pacific/Auckland],2026-02-25T10:13:07+13:00[Pacific/Auckland],Yes
D,16,2026-02-25T10:13:07+13:00[Pacific/Auckland],2026-02-25T10:13:23+13:00[Pacific/Auckland],Yes
<A>,19,2026-02-25T10:13:23+13:00[Pacific/Auckland],2026-02-25T10:13:42+13:00[Pacific/Auckland],Yes
B,16,2026-02-25T10:13:42+13:00[Pacific/Auckland],2026-02-25T10:13:58+13:00[Pacific/Auckland],Yes
C,25,2026-02-25T10:13:58+13:00[Pacific/Auckland],2026-02-25T10:14:23+13:00[Pacific/Auckland],Yes
<A>,13,2026-02-25T10:14:23+13:00[Pacific/Auckland],2026-02-25T10:14:36+13:00[Pacific/Auckland],Yes
C,16,2026-02-25T10:14:36+13:00[Pacific/Auckland],2026-02-25T10:14:52+13:00[Pacific/Auckland],Yes
<A>,20,2026-02-25T10:14:52+13:00[Pacific/Auckland],2026-02-25T10:15:12+13:00[Pacific/Auckland],
C,23,2026-02-25T10:15:12+13:00[Pacific/Auckland],2026-02-25T10:15:35+13:00[Pacific/Auckland],Yes
D,16,2026-02-25T10:15:35+13:00[Pacific/Auckland],2026-02-25T10:15:51+13:00[Pacific/Auckland],Yes
<A>,15,2026-02-25T10:15:51+13:00[Pacific/Auckland],2026-02-25T10:16:06+13:00[Pacific/Auckland],Yes
C,24,2026-02-25T10:16:06+13:00[Pacific/Auckland],2026-02-25T10:16:30+13:00[Pacific/Auckland],Yes
<A>,31,2026-02-25T10:16:30+13:00[Pacific/Auckland],2026-02-25T10:17:01+13:00[Pacific/Auckland],
B,17,2026-02-25T10:17:01+13:00[Pacific/Auckland],2026-02-25T10:17:18+13:00[Pacific/Auckland],Yes
C,22,2026-02-25T10:17:18+13:00[Pacific/Auckland],2026-02-25T10:17:40+13:00[Pacific/Auckland],Yes
<A>,20,2026-02-25T10:17:40+13:00[Pacific/Auckland],2026-02-25T10:18:00+13:00[Pacific/Auckland],Yes
D,17,2026-02-25T10:18:00+13:00[Pacific/Auckland],2026-02-25T10:18:17+13:00[Pacific/Auckland],Yes
<A>,11,2026-02-25T10:18:17+13:00[Pacific/Auckland],2026-02-25T10:18:28+13:00[Pacific/Auckland],Yes
C,27,2026-02-25T10:18:28+13:00[Pacific/Auckland],2026-02-25T10:18:55+13:00[Pacific/Auckland],Yes
<A>,14,2026-02-25T10:18:55+13:00[Pacific/Auckland],2026-02-25T10:19:09+13:00[Pacific/Auckland],Yes
B,22,2026-02-25T10:19:09+13:00[Pacific/Auckland],2026-02-25T10:19:31+13:00[Pacific/Auckland],Yes
D,16,2026-02-25T10:19:31+13:00[Pacific/Auckland],2026-02-25T10:19:47+13:00[Pacific/Auckland],Yes
<A>,16,2026-02-25T10:19:47+13:00[Pacific/Auckland],2026-02-25T10:20:03+13:00[Pacific/Auckland],Yes
C,15,2026-02-25T10:20:03+13:00[Pacific/Auckland],2026-02-25T10:20:18+13:00[Pacific/Auckland],Yes
<A>,31,2026-02-25T10:20:18+13:00[Pacific/Auckland],2026-02-25T10:20:49+13:00[Pacific/Auckland],
B,19,2026-02-25T10:20:49+13:00[Pacific/Auckland],2026-02-25T10:21:08+13:00[Pacific/Auckland],Yes
C,17,2026-02-25T10:21:08+13:00[Pacific/Auckland],2026-02-25T10:21:25+13:00[Pacific/Auckland],Yes
<A>,19,2026-02-25T10:21:25+13:00[Pacific/Auckland],2026-02-25T10:21:44+13:00[Pacific/Auckland],Yes
C,20,2026-02-25T10:21:44+13:00[Pacific/Auckland],2026-02-25T10:22:04+13:00[Pacific/Auckland],Yes
D,16,2026-02-25T10:22:04+13:00[Pacific/Auckland],2026-02-25T10:22:20+13:00[Pacific/Auckland],Yes
<A>,16,2026-02-25T10:22:20+13:00[Pacific/Auckland],2026-02-25T10:22:36+13:00[Pacific/Auckland],Yes
B,17,2026-02-25T10:22:36+13:00[Pacific/Auckland],2026-02-25T10:22:53+13:00[Pacific/Auckland],Yes
C,18,2026-02-25T10:22:53+13:00[Pacific/Auckland],2026-02-25T10:23:11+13:00[Pacific/Auckland],Yes
<A>,19,2026-02-25T10:23:11+13:00[Pacific/Auckland],2026-02-25T10:23:30+13:00[Pacific/Auckland],Yes
C,15,2026-02-25T10:23:30+13:00[Pacific/Auckland],2026-02-25T10:23:45+13:00[Pacific/Auckland],Yes
<A>,16,2026-02-25T10:23:45+13:00[Pacific/Auckland],2026-02-25T10:24:01+13:00[Pacific/Auckland],Yes
C,13,2026-02-25T10:24:01+13:00[Pacific/Auckland],2026-02-25T10:24:14+13:00[Pacific/Auckland],Yes
D,16,2026-02-25T10:24:14+13:00[Pacific/Auckland],2026-02-25T10:24:30+13:00[Pacific/Auckland],Yes
<A>,16,2026-02-25T10:24:30+13:00[Pacific/Auckland],2026-02-25T10:24:46+13:00[Pacific/Auckland],Yes
C,25,2026-02-25T10:24:46+13:00[Pacific/Auckland],2026-02-25T10:25:11+13:00[Pacific/Auckland],Yes
<A>,11,2026-02-25T10:25:11+13:00[Pacific/Auckland],2026-02-25T10:25:22+13:00[Pacific/Auckland],Yes
C,15,2026-02-25T10:25:22+13:00[Pacific/Auckland],2026-02-25T10:25:37+13:00[Pacific/Auckland],Yes
D,16,2026-02-25T10:25:37+13:00[Pacific/Auckland],2026-02-25T10:25:53+13:00[Pacific/Auckland],Yes
<A>,13,2026-02-25T10:25:53+13:00[Pacific/Auckland],2026-02-25T10:26:06+13:00[Pacific/Auckland],Yes
C,20,2026-02-25T10:26:06+13:00[Pacific/Auckland],2026-02-25T10:26:26+13:00[Pacific/Auckland],Yes
D,16,2026-02-25T10:26:26+13:00[Pacific/Auckland],2026-02-25T10:26:42+13:00[Pacific/Auckland],Yes
<A>,23,2026-02-25T10:26:42+13:00[Pacific/Auckland],2026-02-25T10:27:05+13:00[Pacific/Auckland],Yes
C,25,2026-02-25T10:27:05+13:00[Pacific/Auckland],2026-02-25T10:27:30+13:00[Pacific/Auckland],Yes
<A>,17,2026-02-25T10:27:30+13:00[Pacific/Auckland],2026-02-25T10:27:47+13:00[Pacific/Auckland],Yes
C,20,2026-02-25T10:27:47+13:00[Pacific/Auckland],2026-02-25T10:28:07+13:00[Pacific/Auckland],Yes
D,16,2026-02-25T10:28:07+13:00[Pacific/Auckland],2026-02-25T10:28:23+13:00[Pacific/Auckland],Yes
<A>,13,2026-02-25T10:28:23+13:00[Pacific/Auckland],2026-02-25T10:28:36+13:00[Pacific/Auckland],Yes
C,30,2026-02-25T10:28:36+13:00[Pacific/Auckland],2026-02-25T10:29:06+13:00[Pacific/Auckland],Yes
<A>,25,2026-02-25T10:29:06+13:00[Pacific/Auckland],2026-02-25T10:29:31+13:00[Pacific/Auckland],Yes
C,16,2026-02-25T10:29:31+13:00[Pacific/Auckland],2026-02-25T10:29:47+13:00[Pacific/Auckland],Yes
<A>,14,2026-02-25T10:29:47+13:00[Pacific/Auckland],2026-02-25T10:30:01+13:00[Pacific/Auckland],Yes
B,16,2026-02-25T10:30:01+13:00[Pacific/Auckland],2026-02-25T10:30:17+13:00[Pacific/Auckland],Yes
C,17,2026-02-25T10:30:17+13:00[Pacific/Auckland],2026-02-25T10:30:34+13:00[Pacific/Auckland],Yes
<A>,24,2026-02-25T10:30:34+13:00[Pacific/Auckland],2026-02-25T10:30:58+13:00[Pacific/Auckland],Yes
C,16,2026-02-25T10:30:58+13:00[Pacific/Auckland],2026-02-25T10:31:14+13:00[Pacific/Auckland],Yes
<A>,17,2026-02-25T10:31:14+13:00[Pacific/Auckland],2026-02-25T10:31:31+13:00[Pacific/Auckland],Yes
C,25,2026-02-25T10:31:31+13:00[Pacific/Auckland],2026-02-25T10:31:56+13:00[Pacific/Auckland],Yes
D,15,2026-02-25T10:31:56+13:00[Pacific/Auckland],2026-02-25T10:32:11+13:00[Pacific/Auckland],Yes
<A>,50,2026-02-25T10:32:11+13:00[Pacific/Auckland],2026-02-25T10:33:01+13:00[Pacific/Auckland],Yes
C,14,2026-02-25T10:33:01+13:00[Pacific/Auckland],2026-02-25T10:33:15+13:00[Pacific/Auckland],Yes
<A>,14,2026-02-25T10:33:15+13:00[Pacific/Auckland],2026-02-25T10:33:29+13:00[Pacific/Auckland],Yes
C,18,2026-02-25T10:33:29+13:00[Pacific/Auckland],2026-02-25T10:33:47+13:00[Pacific/Auckland],Yes
D,16,2026-02-25T10:33:47+13:00[Pacific/Auckland],2026-02-25T10:34:03+13:00[Pacific/Auckland],Yes
<A>,13,2026-02-25T10:34:03+13:00[Pacific/Auckland],2026-02-25T10:34:16+13:00[Pacific/Auckland],Yes
C,17,2026-02-25T10:34:16+13:00[Pacific/Auckland],2026-02-25T10:34:33+13:00[Pacific/Auckland],Yes
<A>,16,2026-02-25T10:34:33+13:00[Pacific/Auckland],2026-02-25T10:34:49+13:00[Pacific/Auckland],Yes
C,17,2026-02-25T10:34:49+13:00[Pacific/Auckland],2026-02-25T10:35:06+13:00[Pacific/Auckland],Yes
D,16,2026-02-25T10:35:06+13:00[Pacific/Auckland],2026-02-25T10:35:22+13:00[Pacific/Auckland],Yes
<A>,19,2026-02-25T10:35:22+13:00[Pacific/Auckland],2026-02-25T10:35:41+13:00[Pacific/Auckland],Yes
C,16,2026-02-25T10:35:41+13:00[Pacific/Auckland],2026-02-25T10:35:57+13:00[Pacific/Auckland],Yes
<A>,17,2026-02-25T10:35:57+13:00[Pacific/Auckland],2026-02-25T10:36:14+13:00[Pacific/Auckland],Yes
C,22,2026-02-25T10:36:14+13:00[Pacific/Auckland],2026-02-25T10:36:36+13:00[Pacific/Auckland],Yes
<A>,24,2026-02-25T10:36:36+13:00[Pacific/Auckland],2026-02-25T10:37:00+13:00[Pacific/Auckland],Yes
C,17,2026-02-25T10:37:00+13:00[Pacific/Auckland],2026-02-25T10:37:17+13:00[Pacific/Auckland],Yes
<A>,21,2026-02-25T10:37:17+13:00[Pacific/Auckland],2026-02-25T10:37:38+13:00[Pacific/Auckland],
C,15,2026-02-25T10:37:38+13:00[Pacific/Auckland],2026-02-25T10:37:53+13:00[Pacific/Auckland],Yes
D,16,2026-02-25T10:37:53+13:00[Pacific/Auckland],2026-02-25T10:38:09+13:00[Pacific/Auckland],Yes
<A>,12,2026-02-25T10:38:09+13:00[Pacific/Auckland],2026-02-25T10:38:21+13:00[Pacific/Auckland],Yes
C,18,2026-02-25T10:38:21+13:00[Pacific/Auckland],2026-02-25T10:38:39+13:00[Pacific/Auckland],Yes
D,18,2026-02-25T10:38:39+13:00[Pacific/Auckland],2026-02-25T10:38:57+13:00[Pacific/Auckland],Yes
<A>,23,2026-02-25T10:38:57+13:00[Pacific/Auckland],2026-02-25T10:39:20+13:00[Pacific/Auckland],
B,24,2026-02-25T10:39:20+13:00[Pacific/Auckland],2026-02-25T10:39:44+13:00[Pacific/Auckland],Yes
D,16,2026-02-25T10:39:44+13:00[Pacific/Auckland],2026-02-25T10:40:00+13:00[Pacific/Auckland],Yes
<A>,11,2026-02-25T10:40:00+13:00[Pacific/Auckland],2026-02-25T10:40:11+13:00[Pacific/Auckland],Yes
C,16,2026-02-25T10:40:11+13:00[Pacific/Auckland],2026-02-25T10:40:27+13:00[Pacific/Auckland],Yes
<A>,14,2026-02-25T10:40:27+13:00[Pacific/Auckland],2026-02-25T10:40:41+13:00[Pacific/Auckland],Yes
C,16,2026-02-25T10:40:41+13:00[Pacific/Auckland],2026-02-25T10:40:57+13:00[Pacific/Auckland],Yes
<A>,13,2026-02-25T10:40:57+13:00[Pacific/Auckland],2026-02-25T10:41:10+13:00[Pacific/Auckland],Yes
C,30,2026-02-25T10:41:10+13:00[Pacific/Auckland],2026-02-25T10:41:40+13:00[Pacific/Auckland],
D,16,2026-02-25T10:41:40+13:00[Pacific/Auckland],2026-02-25T10:41:56+13:00[Pacific/Auckland],Yes
<A>,14,2026-02-25T10:41:56+13:00[Pacific/Auckland],2026-02-25T10:42:10+13:00[Pacific/Auckland],Yes
C,24,2026-02-25T10:42:10+13:00[Pacific/Auckland],2026-02-25T10:42:34+13:00[Pacific/Auckland],Yes
D,15,2026-02-25T10:42:34+13:00[Pacific/Auckland],2026-02-25T10:42:49+13:00[Pacific/Auckland],Yes
<A>,22,2026-02-25T10:42:49+13:00[Pacific/Auckland],2026-02-25T10:43:11+13:00[Pacific/Auckland],Yes
C,31,2026-02-25T10:43:11+13:00[Pacific/Auckland],2026-02-25T10:43:42+13:00[Pacific/Auckland],Yes
<A>,25,2026-02-25T10:43:42+13:00[Pacific/Auckland],2026-02-25T10:44:07+13:00[Pacific/Auckland],
B,16,2026-02-25T10:44:07+13:00[Pacific/Auckland],2026-02-25T10:44:23+13:00[Pacific/Auckland],Yes
C,20,2026-02-25T10:44:23+13:00[Pacific/Auckland],2026-02-25T10:44:43+13:00[Pacific/Auckland],Yes
D,16,2026-02-25T10:44:43+13:00[Pacific/Auckland],2026-02-25T10:44:59+13:00[Pacific/Auckland],Yes
<A>,12,2026-02-25T10:44:59+13:00[Pacific/Auckland],2026-02-25T10:45:11+13:00[Pacific/Auckland],Yes
C,17,2026-02-25T10:45:11+13:00[Pacific/Auckland],2026-02-25T10:45:28+13:00[Pacific/Auckland],Yes
<A>,15,2026-02-25T10:45:28+13:00[Pacific/Auckland],2026-02-25T10:45:43+13:00[Pacific/Auckland],Yes
C,17,2026-02-25T10:45:43+13:00[Pacific/Auckland],2026-02-25T10:46:00+13:00[Pacific/Auckland],Yes
<A>,15,2026-02-25T10:46:00+13:00[Pacific/Auckland],2026-02-25T10:46:15+13:00[Pacific/Auckland],Yes
B,16,2026-02-25T10:46:15+13:00[Pacific/Auckland],2026-02-25T10:46:31+13:00[Pacific/Auckland],Yes
<A>,31,2026-02-25T10:46:31+13:00[Pacific/Auckland],2026-02-25T10:47:02+13:00[Pacific/Auckland],Yes
C,15,2026-02-25T10:47:02+13:00[Pacific/Auckland],2026-02-25T10:47:17+13:00[Pacific/Auckland],Yes
<A>,30,2026-02-25T10:47:17+13:00[Pacific/Auckland],2026-02-25T10:47:47+13:00[Pacific/Auckland],
B,17,2026-02-25T10:47:47+13:00[Pacific/Auckland],2026-02-25T10:48:04+13:00[Pacific/Auckland],Yes
C,16,2026-02-25T10:48:04+13:00[Pacific/Auckland],2026-02-25T10:48:20+13:00[Pacific/Auckland],Yes
<A>,20,2026-02-25T10:48:20+13:00[Pacific/Auckland],2026-02-25T10:48:40+13:00[Pacific/Auckland],Yes
C,16,2026-02-25T10:48:40+13:00[Pacific/Auckland],2026-02-25T10:48:56+13:00[Pacific/Auckland],Yes
<A>,18,2026-02-25T10:48:56+13:00[Pacific/Auckland],2026-02-25T10:49:14+13:00[Pacific/Auckland],Yes
C,23,2026-02-25T10:49:14+13:00[Pacific/Auckland],2026-02-25T10:49:37+13:00[Pacific/Auckland],Yes
<A>,46,2026-02-25T10:49:37+13:00[Pacific/Auckland],2026-02-25T10:50:23+13:00[Pacific/Auckland],Yes
D,17,2026-02-25T10:50:23+13:00[Pacific/Auckland],2026-02-25T10:50:40+13:00[Pacific/Auckland],Yes
<A>,11,2026-02-25T10:50:40+13:00[Pacific/Auckland],2026-02-25T10:50:51+13:00[Pacific/Auckland],Yes
B,16,2026-02-25T10:50:51+13:00[Pacific/Auckland],2026-02-25T10:51:07+13:00[Pacific/Auckland],Yes
C,20,2026-02-25T10:51:07+13:00[Pacific/Auckland],2026-02-25T10:51:27+13:00[Pacific/Auckland],Yes
<A>,16,2026-02-25T10:51:27+13:00[Pacific/Auckland],2026-02-25T10:51:43+13:00[Pacific/Auckland],Yes
C,21,2026-02-25T10:51:43+13:00[Pacific/Auckland],2026-02-25T10:52:04+13:00[Pacific/Auckland],Yes
<A>,11,2026-02-25T10:52:04+13:00[Pacific/Auckland],2026-02-25T10:52:15+13:00[Pacific/Auckland],Yes
C,15,2026-02-25T10:52:15+13:00[Pacific/Auckland],2026-02-25T10:52:30+13:00[Pacific/Auckland],Yes
<A>,11,2026-02-25T10:52:30+13:00[Pacific/Auckland],2026-02-25T10:52:41+13:00[Pacific/Auckland],Yes
C,27,2026-02-25T10:52:41+13:00[Pacific/Auckland],2026-02-25T10:53:08+13:00[Pacific/Auckland],Yes
D,16,2026-02-25T10:53:08+13:00[Pacific/Auckland],2026-02-25T10:53:24+13:00[Pacific/Auckland],Yes
<A>,13,2026-02-25T10:53:24+13:00[Pacific/Auckland],2026-02-25T10:53:37+13:00[Pacific/Auckland],Yes
B,17,2026-02-25T10:53:37+13:00[Pacific/Auckland],2026-02-25T10:53:54+13:00[Pacific/Auckland],Yes
C,16,2026-02-25T10:53:54+13:00[Pacific/Auckland],2026-02-25T10:54:10+13:00[Pacific/Auckland],Yes
D,16,2026-02-25T10:54:10+13:00[Pacific/Auckland],2026-02-25T10:54:26+13:00[Pacific/Auckland],Yes
<A>,16,2026-02-25T10:54:26+13:00[Pacific/Auckland],2026-02-25T10:54:42+13:00[Pacific/Auckland],Yes
B,16,2026-02-25T10:54:42+13:00[Pacific/Auckland],2026-02-25T10:54:58+13:00[Pacific/Auckland],Yes
C,23,2026-02-25T10:54:58+13:00[Pacific/Auckland],2026-02-25T10:55:21+13:00[Pacific/Auckland],Yes
<A>,14,2026-02-25T10:55:21+13:00[Pacific/Auckland],2026-02-25T10:55:35+13:00[Pacific/Auckland],Yes
C,13,2026-02-25T10:55:35+13:00[Pacific/Auckland],2026-02-25T10:55:48+13:00[Pacific/Auckland],Yes
<A>,15,2026-02-25T10:55:48+13:00[Pacific/Auckland],2026-02-25T10:56:03+13:00[Pacific/Auckland],Yes
C,15,2026-02-25T10:56:03+13:00[Pacific/Auckland],2026-02-25T10:56:18+13:00[Pacific/Auckland],Yes
<A>,14,2026-02-25T10:56:18+13:00[Pacific/Auckland],2026-02-25T10:56:32+13:00[Pacific/Auckland],Yes
C,12,2026-02-25T10:56:32+13:00[Pacific/Auckland],2026-02-25T10:56:44+13:00[Pacific/Auckland],Yes
D,16,2026-02-25T10:56:44+13:00[Pacific/Auckland],2026-02-25T10:57:00+13:00[Pacific/Auckland],Yes
<A>,13,2026-02-25T10:57:00+13:00[Pacific/Auckland],2026-02-25T10:57:13+13:00[Pacific/Auckland],Yes
B,16,2026-02-25T10:57:13+13:00[Pacific/Auckland],2026-02-25T10:57:29+13:00[Pacific/Auckland],Yes
D,16,2026-02-25T10:57:29+13:00[Pacific/Auckland],2026-02-25T10:57:45+13:00[Pacific/Auckland],Yes
<A>,11,2026-02-25T10:57:45+13:00[Pacific/Auckland],2026-02-25T10:57:56+13:00[Pacific/Auckland],Yes
B,16,2026-02-25T10:57:56+13:00[Pacific/Auckland],2026-02-25T10:58:12+13:00[Pacific/Auckland],Yes
C,18,2026-02-25T10:58:12+13:00[Pacific/Auckland],2026-02-25T10:58:30+13:00[Pacific/Auckland],Yes
D,20,2026-02-25T10:58:30+13:00[Pacific/Auckland],2026-02-25T10:58:50+13:00[Pacific/Auckland],Yes
<A>,23,2026-02-25T10:58:50+13:00[Pacific/Auckland],2026-02-25T10:59:13+13:00[Pacific/Auckland],Yes
C,27,2026-02-25T10:59:13+13:00[Pacific/Auckland],2026-02-25T10:59:40+13:00[Pacific/Auckland],Yes
<A>,18,2026-02-25T10:59:40+13:00[Pacific/Auckland],2026-02-25T10:59:58+13:00[Pacific/Auckland],Yes
C,13,2026-02-25T10:59:58+13:00[Pacific/Auckland],2026-02-25T11:00:11+13:00[Pacific/Auckland],Yes
<A>,21,2026-02-25T11:00:11+13:00[Pacific/Auckland],2026-02-25T11:00:32+13:00[Pacific/Auckland],Yes
C,17,2026-02-25T11:00:32+13:00[Pacific/Auckland],2026-02-25T11:00:49+13:00[Pacific/Auckland],Yes
<A>,18,2026-02-25T11:00:49+13:00[Pacific/Auckland],2026-02-25T11:01:07+13:00[Pacific/Auckland],Yes
B,16,2026-02-25T11:01:07+13:00[Pacific/Auckland],2026-02-25T11:01:23+13:00[Pacific/Auckland],Yes
C,19,2026-02-25T11:01:23+13:00[Pacific/Auckland],2026-02-25T11:01:42+13:00[Pacific/Auckland],Yes
D,16,2026-02-25T11:01:42+13:00[Pacific/Auckland],2026-02-25T11:01:58+13:00[Pacific/Auckland],Yes
<A>,22,2026-02-25T11:01:58+13:00[Pacific/Auckland],2026-02-25T11:02:20+13:00[Pacific/Auckland],Yes
C,27,2026-02-25T11:02:20+13:00[Pacific/Auckland],2026-02-25T11:02:47+13:00[Pacific/Auckland],Yes
D,16,2026-02-25T11:02:47+13:00[Pacific/Auckland],2026-02-25T11:03:03+13:00[Pacific/Auckland],Yes
<A>,12,2026-02-25T11:03:03+13:00[Pacific/Auckland],2026-02-25T11:03:15+13:00[Pacific/Auckland],Yes
C,29,2026-02-25T11:03:15+13:00[Pacific/Auckland],2026-02-25T11:03:44+13:00[Pacific/Auckland],
D,16,2026-02-25T11:03:44+13:00[Pacific/Auckland],2026-02-25T11:04:00+13:00[Pacific/Auckland],Yes
<A>,11,2026-02-25T11:04:00+13:00[Pacific/Auckland],2026-02-25T11:04:11+13:00[Pacific/Auckland],Yes
C,12,2026-02-25T11:04:11+13:00[Pacific/Auckland],2026-02-25T11:04:23+13:00[Pacific/Auckland],Yes
<A>,13,2026-02-25T11:04:23+13:00[Pacific/Auckland],2026-02-25T11:04:36+13:00[Pacific/Auckland],Yes
C,19,2026-02-25T11:04:36+13:00[Pacific/Auckland],2026-02-25T11:04:55+13:00[Pacific/Auckland],Yes
<A>,26,2026-02-25T11:04:55+13:00[Pacific/Auckland],2026-02-25T11:05:21+13:00[Pacific/Auckland],Yes
C,12,2026-02-25T11:05:21+13:00[Pacific/Auckland],2026-02-25T11:05:33+13:00[Pacific/Auckland],Yes
<A>,14,2026-02-25T11:05:33+13:00[Pacific/Auckland],2026-02-25T11:05:47+13:00[Pacific/Auckland],Yes
C,14,2026-02-25T11:05:47+13:00[Pacific/Auckland],2026-02-25T11:06:01+13:00[Pacific/Auckland],Yes
<A>,18,2026-02-25T11:06:01+13:00[Pacific/Auckland],2026-02-25T11:06:19+13:00[Pacific/Auckland],Yes
C,15,2026-02-25T11:06:19+13:00[Pacific/Auckland],2026-02-25T11:06:34+13:00[Pacific/Auckland],Yes
<A>,14,2026-02-25T11:06:34+13:00[Pacific/Auckland],2026-02-25T11:06:48+13:00[Pacific/Auckland],Yes
C,19,2026-02-25T11:06:48+13:00[Pacific/Auckland],2026-02-25T11:07:07+13:00[Pacific/Auckland],Yes
<A>,14,2026-02-25T11:07:07+13:00[Pacific/Auckland],2026-02-25T11:07:21+13:00[Pacific/Auckland],Yes
C,16,2026-02-25T11:07:21+13:00[Pacific/Auckland],2026-02-25T11:07:37+13:00[Pacific/Auckland],Yes
D,16,2026-02-25T11:07:37+13:00[Pacific/Auckland],2026-02-25T11:07:53+13:00[Pacific/Auckland],Yes
<A>,15,2026-02-25T11:07:53+13:00[Pacific/Auckland],2026-02-25T11:08:08+13:00[Pacific/Auckland],Yes
B,16,2026-02-25T11:08:08+13:00[Pacific/Auckland],2026-02-25T11:08:24+13:00[Pacific/Auckland],Yes
<A>,16,2026-02-25T11:08:24+13:00[Pacific/Auckland],2026-02-25T11:08:40+13:00[Pacific/Auckland],Yes
B,16,2026-02-25T11:08:40+13:00[Pacific/Auckland],2026-02-25T11:08:56+13:00[Pacific/Auckland],Yes
C,19,2026-02-25T11:08:56+13:00[Pacific/Auckland],2026-02-25T11:09:15+13:00[Pacific/Auckland],Yes
<A>,21,2026-02-25T11:09:15+13:00[Pacific/Auckland],2026-02-25T11:09:36+13:00[Pacific/Auckland],Yes
B,16,2026-02-25T11:09:36+13:00[Pacific/Auckland],2026-02-25T11:09:52+13:00[Pacific/Auckland],Yes
C,16,2026-02-25T11:09:52+13:00[Pacific/Auckland],2026-02-25T11:10:08+13:00[Pacific/Auckland],Yes
<A>,15,2026-02-25T11:10:08+13:00[Pacific/Auckland],2026-02-25T11:10:23+13:00[Pacific/Auckland],Yes
C,13,2026-02-25T11:10:23+13:00[Pacific/Auckland],2026-02-25T11:10:36+13:00[Pacific/Auckland],Yes
<A>,12,2026-02-25T11:10:36+13:00[Pacific/Auckland],2026-02-25T11:10:48+13:00[Pacific/Auckland],Yes
C,17,2026-02-25T11:10:48+13:00[Pacific/Auckland],2026-02-25T11:11:05+13:00[Pacific/Auckland],Yes
<A>,21,2026-02-25T11:11:05+13:00[Pacific/Auckland],2026-02-25T11:11:26+13:00[Pacific/Auckland],Yes
B,20,2026-02-25T11:11:26+13:00[Pacific/Auckland],2026-02-25T11:11:46+13:00[Pacific/Auckland],Yes
<A>,31,2026-02-25T11:11:46+13:00[Pacific/Auckland],2026-02-25T11:12:17+13:00[Pacific/Auckland],Yes
C,25,2026-02-25T11:12:17+13:00[Pacific/Auckland],2026-02-25T11:12:42+13:00[Pacific/Auckland],Yes
D,16,2026-02-25T11:12:42+13:00[Pacific/Auckland],2026-02-25T11:12:58+13:00[Pacific/Auckland],Yes
<A>,21,2026-02-25T11:12:58+13:00[Pacific/Auckland],2026-02-25T11:13:19+13:00[Pacific/Auckland],
C,20,2026-02-25T11:13:19+13:00[Pacific/Auckland],2026-02-25T11:13:39+13:00[Pacific/Auckland],Yes
<A>,18,2026-02-25T11:13:39+13:00[Pacific/Auckland],2026-02-25T11:13:57+13:00[Pacific/Auckland],Yes
C,14,2026-02-25T11:13:57+13:00[Pacific/Auckland],2026-02-25T11:14:11+13:00[Pacific/Auckland],Yes
<A>,14,2026-02-25T11:14:11+13:00[Pacific/Auckland],2026-02-25T11:14:25+13:00[Pacific/Auckland],Yes
C,13,2026-02-25T11:14:25+13:00[Pacific/Auckland],2026-02-25T11:14:38+13:00[Pacific/Auckland],Yes
D,16,2026-02-25T11:14:38+13:00[Pacific/Auckland],2026-02-25T11:14:54+13:00[Pacific/Auckland],Yes
<A>,17,2026-02-25T11:14:54+13:00[Pacific/Auckland],2026-02-25T11:15:11+13:00[Pacific/Auckland],Yes
B,17,2026-02-25T11:15:11+13:00[Pacific/Auckland],2026-02-25T11:15:28+13:00[Pacific/Auckland],Yes
<A>,15,2026-02-25T11:15:28+13:00[Pacific/Auckland],2026-02-25T11:15:43+13:00[Pacific/Auckland],Yes
C,16,2026-02-25T11:15:43+13:00[Pacific/Auckland],2026-02-25T11:15:59+13:00[Pacific/Auckland],Yes
<A>,21,2026-02-25T11:15:59+13:00[Pacific/Auckland],2026-02-25T11:16:20+13:00[Pacific/Auckland],
B,16,2026-02-25T11:16:20+13:00[Pacific/Auckland],2026-02-25T11:16:36+13:00[Pacific/Auckland],Yes
C,22,2026-02-25T11:16:36+13:00[Pacific/Auckland],2026-02-25T11:16:58+13:00[Pacific/Auckland],Yes
D,15,2026-02-25T11:16:58+13:00[Pacific/Auckland],2026-02-25T11:17:13+13:00[Pacific/Auckland],Yes
<A>,12,2026-02-25T11:17:13+13:00[Pacific/Auckland],2026-02-25T11:17:25+13:00[Pacific/Auckland],Yes
C,21,2026-02-25T11:17:25+13:00[Pacific/Auckland],2026-02-25T11:17:46+13:00[Pacific/Auckland],Yes
D,15,2026-02-25T11:17:46+13:00[Pacific/Auckland],2026-02-25T11:18:01+13:00[Pacific/Auckland],Yes
<A>,28,2026-02-25T11:18:01+13:00[Pacific/Auckland],2026-02-25T11:18:29+13:00[Pacific/Auckland],Yes
C,18,2026-02-25T11:18:29+13:00[Pacific/Auckland],2026-02-25T11:18:47+13:00[Pacific/Auckland],Yes
<A>,17,2026-02-25T11:18:47+13:00[Pacific/Auckland],2026-02-25T11:19:04+13:00[Pacific/Auckland],Yes
C,20,2026-02-25T11:19:04+13:00[Pacific/Auckland],2026-02-25T11:19:24+13:00[Pacific/Auckland],Yes
<A>,20,2026-02-25T11:19:24+13:00[Pacific/Auckland],2026-02-25T11:19:44+13:00[Pacific/Auckland],Yes
C,16,2026-02-25T11:19:44+13:00[Pacific/Auckland],2026-02-25T11:20:00+13:00[Pacific/Auckland],Yes
<A>,21,2026-02-25T11:20:00+13:00[Pacific/Auckland],2026-02-25T11:20:21+13:00[Pacific/Auckland],
B,22,2026-02-25T11:20:21+13:00[Pacific/Auckland],2026-02-25T11:20:43+13:00[Pacific/Auckland],Yes
D,16,2026-02-25T11:20:43+13:00[Pacific/Auckland],2026-02-25T11:20:59+13:00[Pacific/Auckland],Yes
<A>,17,2026-02-25T11:20:59+13:00[Pacific/Auckland],2026-02-25T11:21:16+13:00[Pacific/Auckland],Yes
C,14,2026-02-25T11:21:16+13:00[Pacific/Auckland],2026-02-25T11:21:30+13:00[Pacific/Auckland],Yes
<A>,30,2026-02-25T11:21:30+13:00[Pacific/Auckland],2026-02-25T11:22:00+13:00[Pacific/Auckland],
B,18,2026-02-25T11:22:00+13:00[Pacific/Auckland],2026-02-25T11:22:18+13:00[Pacific/Auckland],Yes
<A>,12,2026-02-25T11:22:18+13:00[Pacific/Auckland],2026-02-25T11:22:30+13:00[Pacific/Auckland],Yes
C,20,2026-02-25T11:22:30+13:00[Pacific/Auckland],2026-02-25T11:22:50+13:00[Pacific/Auckland],Yes
<A>,20,2026-02-25T11:22:50+13:00[Pacific/Auckland],2026-02-25T11:23:10+13:00[Pacific/Auckland],
B,17,2026-02-25T11:23:10+13:00[Pacific/Auckland],2026-02-25T11:23:27+13:00[Pacific/Auckland],Yes
D,15,2026-02-25T11:23:27+13:00[Pacific/Auckland],2026-02-25T11:23:42+13:00[Pacific/Auckland],Yes
<A>,12,2026-02-25T11:23:42+13:00[Pacific/Auckland],2026-02-25T11:23:54+13:00[Pacific/Auckland],Yes
C,13,2026-02-25T11:23:54+13:00[Pacific/Auckland],2026-02-25T11:24:07+13:00[Pacific/Auckland],Yes
<A>,11,2026-02-25T11:24:07+13:00[Pacific/Auckland],2026-02-25T11:24:18+13:00[Pacific/Auckland],Yes
C,16,2026-02-25T11:24:18+13:00[Pacific/Auckland],2026-02-25T11:24:34+13:00[Pacific/Auckland],Yes
<A>,19,2026-02-25T11:24:34+13:00[Pacific/Auckland],2026-02-25T11:24:53+13:00[Pacific/Auckland],Yes
B,16,2026-02-25T11:24:53+13:00[Pacific/Auckland],2026-02-25T11:25:09+13:00[Pacific/Auckland],Yes
C,17,2026-02-25T11:25:09+13:00[Pacific/Auckland],2026-02-25T11:25:26+13:00[Pacific/Auckland],Yes
<A>,11,2026-02-25T11:25:26+13:00[Pacific/Auckland],2026-02-25T11:25:37+13:00[Pacific/Auckland],Yes
C,14,2026-02-25T11:25:37+13:00[Pacific/Auckland],2026-02-25T11:25:51+13:00[Pacific/Auckland],Yes
D,15,2026-02-25T11:25:51+13:00[Pacific/Auckland],2026-02-25T11:26:06+13:00[Pacific/Auckland],Yes
<A>,12,2026-02-25T11:26:06+13:00[Pacific/Auckland],2026-02-25T11:26:18+13:00[Pacific/Auckland],Yes
B,17,2026-02-25T11:26:18+13:00[Pacific/Auckland],2026-02-25T11:26:35+13:00[Pacific/Auckland],Yes
C,25,2026-02-25T11:26:35+13:00[Pacific/Auckland],2026-02-25T11:27:00+13:00[Pacific/Auckland],Yes
<A>,15,2026-02-25T11:27:00+13:00[Pacific/Auckland],2026-02-25T11:27:15+13:00[Pacific/Auckland],Yes
C,19,2026-02-25T11:27:15+13:00[Pacific/Auckland],2026-02-25T11:27:34+13:00[Pacific/Auckland],Yes
<A>,23,2026-02-25T11:27:34+13:00[Pacific/Auckland],2026-02-25T11:27:57+13:00[Pacific/Auckland],
B,16,2026-02-25T11:27:57+13:00[Pacific/Auckland],2026-02-25T11:28:13+13:00[Pacific/Auckland],Yes
C,19,2026-02-25T11:28:13+13:00[Pacific/Auckland],2026-02-25T11:28:32+13:00[Pacific/Auckland],Yes
<A>,15,2026-02-25T11:28:32+13:00[Pacific/Auckland],2026-02-25T11:28:47+13:00[Pacific/Auckland],Yes
C,15,2026-02-25T11:28:47+13:00[Pacific/Auckland],2026-02-25T11:29:02+13:00[Pacific/Auckland],Yes
<A>,35,2026-02-25T11:29:02+13:00[Pacific/Auckland],2026-02-25T11:29:37+13:00[Pacific/Auckland],
B,19,2026-02-25T11:29:37+13:00[Pacific/Auckland],2026-02-25T11:29:56+13:00[Pacific/Auckland],Yes
<A>,16,2026-02-25T11:29:56+13:00[Pacific/Auckland],2026-02-25T11:30:12+13:00[Pacific/Auckland],Yes
C,13,2026-02-25T11:30:12+13:00[Pacific/Auckland],2026-02-25T11:30:25+13:00[Pacific/Auckland],Yes
<A>,12,2026-02-25T11:30:25+13:00[Pacific/Auckland],2026-02-25T11:30:37+13:00[Pacific/Auckland],Yes
C,22,2026-02-25T11:30:37+13:00[Pacific/Auckland],2026-02-25T11:30:59+13:00[Pacific/Auckland],Yes
<A>,15,2026-02-25T11:30:59+13:00[Pacific/Auckland],2026-02-25T11:31:14+13:00[Pacific/Auckland],Yes
C,15,2026-02-25T11:31:14+13:00[Pacific/Auckland],2026-02-25T11:31:29+13:00[Pacific/Auckland],Yes
<A>,14,2026-02-25T11:31:29+13:00[Pacific/Auckland],2026-02-25T11:31:43+13:00[Pacific/Auckland],Yes
D,18,2026-02-25T11:31:43+13:00[Pacific/Auckland],2026-02-25T11:32:01+13:00[Pacific/Auckland],Yes
<A>,12,2026-02-25T11:32:01+13:00[Pacific/Auckland],2026-02-25T11:32:13+13:00[Pacific/Auckland],Yes
C,14,2026-02-25T11:32:13+13:00[Pacific/Auckland],2026-02-25T11:32:27+13:00[Pacific/Auckland],Yes
<A>,14,2026-02-25T11:32:27+13:00[Pacific/Auckland],2026-02-25T11:32:41+13:00[Pacific/Auckland],Yes
C,17,2026-02-25T11:32:41+13:00[Pacific/Auckland],2026-02-25T11:32:58+13:00[Pacific/Auckland],Yes
D,15,2026-02-25T11:32:58+13:00[Pacific/Auckland],2026-02-25T11:33:13+13:00[Pacific/Auckland],Yes
<A>,19,2026-02-25T11:33:13+13:00[Pacific/Auckland],2026-02-25T11:33:32+13:00[Pacific/Auckland],Yes
B,16,2026-02-25T11:33:32+13:00[Pacific/Auckland],2026-02-25T11:33:48+13:00[Pacific/Auckland],Yes
C,20,2026-02-25T11:33:48+13:00[Pacific/Auckland],2026-02-25T11:34:08+13:00[Pacific/Auckland],Yes
<A>,15,2026-02-25T11:34:08+13:00[Pacific/Auckland],2026-02-25T11:34:23+13:00[Pacific/Auckland],Yes
C,20,2026-02-25T11:34:23+13:00[Pacific/Auckland],2026-02-25T11:34:43+13:00[Pacific/Auckland],Yes
<A>,21,2026-02-25T11:34:43+13:00[Pacific/Auckland],2026-02-25T11:35:04+13:00[Pacific/Auckland],
D,17,2026-02-25T11:35:04+13:00[Pacific/Auckland],2026-02-25T11:35:21+13:00[Pacific/Auckland],Yes
<A>,11,2026-02-25T11:35:21+13:00[Pacific/Auckland],2026-02-25T11:35:32+13:00[Pacific/Auckland],Yes
C,15,2026-02-25T11:35:32+13:00[Pacific/Auckland],2026-02-25T11:35:47+13:00[Pacific/Auckland],Yes
<A>,28,2026-02-25T11:35:47+13:00[Pacific/Auckland],2026-02-25T11:36:15+13:00[Pacific/Auckland],
B,26,2026-02-25T11:36:15+13:00[Pacific/Auckland],2026-02-25T11:36:41+13:00[Pacific/Auckland],Yes
D,16,2026-02-25T11:36:41+13:00[Pacific/Auckland],2026-02-25T11:36:57+13:00[Pacific/Auckland],Yes
<A>,17,2026-02-25T11:36:57+13:00[Pacific/Auckland],2026-02-25T11:37:14+13:00[Pacific/Auckland],Yes
C,20,2026-02-25T11:37:14+13:00[Pacific/Auckland],2026-02-25T11:37:34+13:00[Pacific/Auckland],Yes
<A>,13,2026-02-25T11:37:34+13:00[Pacific/Auckland],2026-02-25T11:37:47+13:00[Pacific/Auckland],Yes
C,13,2026-02-25T11:37:47+13:00[Pacific/Auckland],2026-02-25T11:38:00+13:00[Pacific/Auckland],Yes
<A>,14,2026-02-25T11:38:00+13:00[Pacific/Auckland],2026-02-25T11:38:14+13:00[Pacific/Auckland],Yes
D,17,2026-02-25T11:38:14+13:00[Pacific/Auckland],2026-02-25T11:38:31+13:00[Pacific/Auckland],Yes
<A>,12,2026-02-25T11:38:31+13:00[Pacific/Auckland],2026-02-25T11:38:43+13:00[Pacific/Auckland],Yes
C,20,2026-02-25T11:38:43+13:00[Pacific/Auckland],2026-02-25T11:39:03+13:00[Pacific/Auckland],Yes
<A>,22,2026-02-25T11:39:03+13:00[Pacific/Auckland],2026-02-25T11:39:25+13:00[Pacific/Auckland],Yes
C,20,2026-02-25T11:39:25+13:00[Pacific/Auckland],2026-02-25T11:39:45+13:00[Pacific/Auckland],Yes
<A>,48,2026-02-25T11:39:45+13:00[Pacific/Auckland],2026-02-25T11:40:33+13:00[Pacific/Auckland],Yes
C,15,2026-02-25T11:40:33+13:00[Pacific/Auckland],2026-02-25T11:40:48+13:00[Pacific/Auckland],Yes
<A>,26,2026-02-25T11:40:48+13:00[Pacific/Auckland],2026-02-25T11:41:14+13:00[Pacific/Auckland],Yes
C,14,2026-02-25T11:41:14+13:00[Pacific/Auckland],2026-02-25T11:41:28+13:00[Pacific/Auckland],Yes
<A>,11,2026-02-25T11:41:28+13:00[Pacific/Auckland],2026-02-25T11:41:39+13:00[Pacific/Auckland],Yes
C,18,2026-02-25T11:41:39+13:00[Pacific/Auckland],2026-02-25T11:41:57+13:00[Pacific/Auckland],Yes
<A>,14,2026-02-25T11:41:57+13:00[Pacific/Auckland],2026-02-25T11:42:11+13:00[Pacific/Auckland],Yes
C,14,2026-02-25T11:42:11+13:00[Pacific/Auckland],2026-02-25T11:42:25+13:00[Pacific/Auckland],Yes
<A>,35,2026-02-25T11:42:25+13:00[Pacific/Auckland],2026-02-25T11:43:00+13:00[Pacific/Auckland],Yes
C,23,2026-02-25T11:43:00+13:00[Pacific/Auckland],2026-02-25T11:43:23+13:00[Pacific/Auckland],Yes
<A>,13,2026-02-25T11:43:23+13:00[Pacific/Auckland],2026-02-25T11:43:36+13:00[Pacific/Auckland],Yes
C,26,2026-02-25T11:43:36+13:00[Pacific/Auckland],2026-02-25T11:44:02+13:00[Pacific/Auckland],Yes
<A>,16,2026-02-25T11:44:02+13:00[Pacific/Auckland],2026-02-25T11:44:18+13:00[Pacific/Auckland],Yes
D,17,2026-02-25T11:44:18+13:00[Pacific/Auckland],2026-02-25T11:44:35+13:00[Pacific/Auckland],Yes
<A>,11,2026-02-25T11:44:35+13:00[Pacific/Auckland],2026-02-25T11:44:46+13:00[Pacific/Auckland],Yes
C,17,2026-02-25T11:44:46+13:00[Pacific/Auckland],2026-02-25T11:45:03+13:00[Pacific/Auckland],Yes
<A>,14,2026-02-25T11:45:03+13:00[Pacific/Auckland],2026-02-25T11:45:17+13:00[Pacific/Auckland],Yes
C,18,2026-02-25T11:45:17+13:00[Pacific/Auckland],2026-02-25T11:45:35+13:00[Pacific/Auckland],Yes
<A>,12,2026-02-25T11:45:35+13:00[Pacific/Auckland],2026-02-25T11:45:47+13:00[Pacific/Auckland],Yes
C,13,2026-02-25T11:45:47+13:00[Pacific/Auckland],2026-02-25T11:46:00+13:00[Pacific/Auckland],Yes
<A>,21,2026-02-25T11:46:00+13:00[Pacific/Auckland],2026-02-25T11:46:21+13:00[Pacific/Auckland],Yes
C,22,2026-02-25T11:46:21+13:00[Pacific/Auckland],2026-02-25T11:46:43+13:00[Pacific/Auckland],Yes
<A>,32,2026-02-25T11:46:43+13:00[Pacific/Auckland],2026-02-25T11:47:15+13:00[Pacific/Auckland],
C,16,2026-02-25T11:47:15+13:00[Pacific/Auckland],2026-02-25T11:47:31+13:00[Pacific/Auckland],Yes
<A>,35,2026-02-25T11:47:31+13:00[Pacific/Auckland],2026-02-25T11:48:06+13:00[Pacific/Auckland],Yes
C,15,2026-02-25T11:48:06+13:00[Pacific/Auckland],2026-02-25T11:48:21+13:00[Pacific/Auckland],Yes
<A>,21,2026-02-25T11:48:21+13:00[Pacific/Auckland],2026-02-25T11:48:42+13:00[Pacific/Auckland],
B,17,2026-02-25T11:48:42+13:00[Pacific/Auckland],2026-02-25T11:48:59+13:00[Pacific/Auckland],Yes
<A>,11,2026-02-25T11:48:59+13:00[Pacific/Auckland],2026-02-25T11:49:10+13:00[Pacific/Auckland],Yes
C,20,2026-02-25T11:49:10+13:00[Pacific/Auckland],2026-02-25T11:49:30+13:00[Pacific/Auckland],Yes
<A>,13,2026-02-25T11:49:30+13:00[Pacific/Auckland],2026-02-25T11:49:43+13:00[Pacific/Auckland],Yes
C,13,2026-02-25T11:49:43+13:00[Pacific/Auckland],2026-02-25T11:49:56+13:00[Pacific/Auckland],Yes
D,16,2026-02-25T11:49:56+13:00[Pacific/Auckland],2026-02-25T11:50:12+13:00[Pacific/Auckland],Yes
<A>,17,2026-02-25T11:50:12+13:00[Pacific/Auckland],2026-02-25T11:50:29+13:00[Pacific/Auckland],Yes
C,17,2026-02-25T11:50:29+13:00[Pacific/Auckland],2026-02-25T11:50:46+13:00[Pacific/Auckland],Yes
<A>,16,2026-02-25T11:50:46+13:00[Pacific/Auckland],2026-02-25T11:51:02+13:00[Pacific/Auckland],Yes
C,17,2026-02-25T11:51:02+13:00[Pacific/Auckland],2026-02-25T11:51:19+13:00[Pacific/Auckland],Yes
<A>,17,2026-02-25T11:51:19+13:00[Pacific/Auckland],2026-02-25T11:51:36+13:00[Pacific/Auckland],Yes
C,12,2026-02-25T11:51:36+13:00[Pacific/Auckland],2026-02-25T11:51:48+13:00[Pacific/Auckland],Yes
<A>,13,2026-02-25T11:51:48+13:00[Pacific/Auckland],2026-02-25T11:52:01+13:00[Pacific/Auckland],Yes
C,30,2026-02-25T11:52:01+13:00[Pacific/Auckland],2026-02-25T11:52:31+13:00[Pacific/Auckland],Yes
<A>,22,2026-02-25T11:52:31+13:00[Pacific/Auckland],2026-02-25T11:52:53+13:00[Pacific/Auckland],Yes
D,16,2026-02-25T11:52:53+13:00[Pacific/Auckland],2026-02-25T11:53:09+13:00[Pacific/Auckland],Yes
<A>,14,2026-02-25T11:53:09+13:00[Pacific/Auckland],2026-02-25T11:53:23+13:00[Pacific/Auckland],Yes
C,27,2026-02-25T11:53:23+13:00[Pacific/Auckland],2026-02-25T11:53:50+13:00[Pacific/Auckland],Yes
<A>,28,2026-02-25T11:53:50+13:00[Pacific/Auckland],2026-02-25T11:54:18+13:00[Pacific/Auckland],Yes
C,30,2026-02-25T11:54:18+13:00[Pacific/Auckland],2026-02-25T11:54:48+13:00[Pacific/Auckland],Yes
<A>,20,2026-02-25T11:54:48+13:00[Pacific/Auckland],2026-02-25T11:55:08+13:00[Pacific/Auckland],Yes
C,28,2026-02-25T11:55:08+13:00[Pacific/Auckland],2026-02-25T11:55:36+13:00[Pacific/Auckland],Yes
D,15,2026-02-25T11:55:36+13:00[Pacific/Auckland],2026-02-25T11:55:51+13:00[Pacific/Auckland],Yes
<A>,22,2026-02-25T11:55:51+13:00[Pacific/Auckland],2026-02-25T11:56:13+13:00[Pacific/Auckland],Yes
C,23,2026-02-25T11:56:13+13:00[Pacific/Auckland],2026-02-25T11:56:36+13:00[Pacific/Auckland],Yes
<A>,17,2026-02-25T11:56:36+13:00[Pacific/Auckland],2026-02-25T11:56:53+13:00[Pacific/Auckland],Yes
B,17,2026-02-25T11:56:53+13:00[Pacific/Auckland],2026-02-25T11:57:10+13:00[Pacific/Auckland],Yes
C,22,2026-02-25T11:57:10+13:00[Pacific/Auckland],2026-02-25T11:57:32+13:00[Pacific/Auckland],Yes
D,16,2026-02-25T11:57:32+13:00[Pacific/Auckland],2026-02-25T11:57:48+13:00[Pacific/Auckland],Yes
<A>,22,2026-02-25T11:57:48+13:00[Pacific/Auckland],2026-02-25T11:58:10+13:00[Pacific/Auckland],Yes
C,19,2026-02-25T11:58:10+13:00[Pacific/Auckland],2026-02-25T11:58:29+13:00[Pacific/Auckland],Yes
D,16,2026-02-25T11:58:29+13:00[Pacific/Auckland],2026-02-25T11:58:45+13:00[Pacific/Auckland],Yes
<A>,13,2026-02-25T11:58:45+13:00[Pacific/Auckland],2026-02-25T11:58:58+13:00[Pacific/Auckland],Yes
B,16,2026-02-25T11:58:58+13:00[Pacific/Auckland],2026-02-25T11:59:14+13:00[Pacific/Auckland],Yes
C,17,2026-02-25T11:59:14+13:00[Pacific/Auckland],2026-02-25T11:59:31+13:00[Pacific/Auckland],Yes
<A>,50,2026-02-25T11:59:31+13:00[Pacific/Auckland],2026-02-25T12:00:21+13:00[Pacific/Auckland],Yes
C,21,2026-02-25T12:00:21+13:00[Pacific/Auckland],2026-02-25T12:00:42+13:00[Pacific/Auckland],Yes
<A>,11,2026-02-25T12:00:42+13:00[Pacific/Auckland],2026-02-25T12:00:53+13:00[Pacific/Auckland],Yes
C,16,2026-02-25T12:00:53+13:00[Pacific/Auckland],2026-02-25T12:01:09+13:00[Pacific/Auckland],Yes
<A>,20,2026-02-25T12:01:09+13:00[Pacific/Auckland],2026-02-25T12:01:29+13:00[Pacific/Auckland],Yes
C,12,2026-02-25T12:01:29+13:00[Pacific/Auckland],2026-02-25T12:01:41+13:00[Pacific/Auckland],Yes
<A>,16,2026-02-25T12:01:41+13:00[Pacific/Auckland],2026-02-25T12:01:57+13:00[Pacific/Auckland],Yes
C,30,2026-02-25T12:01:57+13:00[Pacific/Auckland],2026-02-25T12:02:27+13:00[Pacific/Auckland],Yes
D,19,2026-02-25T12:02:27+13:00[Pacific/Auckland],2026-02-25T12:02:46+13:00[Pacific/Auckland],Yes
<A>,23,2026-02-25T12:02:46+13:00[Pacific/Auckland],2026-02-25T12:03:09+13:00[Pacific/Auckland],Yes
B,16,2026-02-25T12:03:09+13:00[Pacific/Auckland],2026-02-25T12:03:25+13:00[Pacific/Auckland],Yes
C,26,2026-02-25T12:03:25+13:00[Pacific/Auckland],2026-02-25T12:03:51+13:00[Pacific/Auckland],Yes
<A>,21,2026-02-25T12:03:51+13:00[Pacific/Auckland],2026-02-25T12:04:12+13:00[Pacific/Auckland],Yes
C,15,2026-02-25T12:04:12+13:00[Pacific/Auckland],2026-02-25T12:04:27+13:00[Pacific/Auckland],Yes
<A>,37,2026-02-25T12:04:27+13:00[Pacific/Auckland],2026-02-25T12:05:04+13:00[Pacific/Auckland],
B,16,2026-02-25T12:05:04+13:00[Pacific/Auckland],2026-02-25T12:05:20+13:00[Pacific/Auckland],Yes
C,17,2026-02-25T12:05:20+13:00[Pacific/Auckland],2026-02-25T12:05:37+13:00[Pacific/Auckland],Yes
D,16,2026-02-25T12:05:37+13:00[Pacific/Auckland],2026-02-25T12:05:53+13:00[Pacific/Auckland],Yes
<A>,15,2026-02-25T12:05:53+13:00[Pacific/Auckland],2026-02-25T12:06:08+13:00[Pacific/Auckland],Yes
B,16,2026-02-25T12:06:08+13:00[Pacific/Auckland],2026-02-25T12:06:24+13:00[Pacific/Auckland],Yes
C,17,2026-02-25T12:06:24+13:00[Pacific/Auckland],2026-02-25T12:06:41+13:00[Pacific/Auckland],Yes
<A>,16,2026-02-25T12:06:41+13:00[Pacific/Auckland],2026-02-25T12:06:57+13:00[Pacific/Auckland],Yes
D,16,2026-02-25T12:06:57+13:00[Pacific/Auckland],2026-02-25T12:07:13+13:00[Pacific/Auckland],Yes
<A>,11,2026-02-25T12:07:13+13:00[Pacific/Auckland],2026-02-25T12:07:24+13:00[Pacific/Auckland],Yes
C,20,2026-02-25T12:07:24+13:00[Pacific/Auckland],2026-02-25T12:07:44+13:00[Pacific/Auckland],Yes
<A>,15,2026-02-25T12:07:44+13:00[Pacific/Auckland],2026-02-25T12:07:59+13:00[Pacific/Auckland],Yes
C,17,2026-02-25T12:07:59+13:00[Pacific/Auckland],2026-02-25T12:08:16+13:00[Pacific/Auckland],Yes
<A>,19,2026-02-25T12:08:16+13:00[Pacific/Auckland],2026-02-25T12:08:35+13:00[Pacific/Auckland],Yes
C,25,2026-02-25T12:08:35+13:00[Pacific/Auckland],2026-02-25T12:09:00+13:00[Pacific/Auckland],Yes
<A>,21,2026-02-25T12:09:00+13:00[Pacific/Auckland],2026-02-25T12:09:21+13:00[Pacific/Auckland],
C,31,2026-02-25T12:09:21+13:00[Pacific/Auckland],2026-02-25T12:09:52+13:00[Pacific/Auckland],Yes
D,18,2026-02-25T12:09:52+13:00[Pacific/Auckland],2026-02-25T12:10:10+13:00[Pacific/Auckland],Yes
<A>,16,2026-02-25T12:10:10+13:00[Pacific/Auckland],2026-02-25T12:10:26+13:00[Pacific/Auckland],Yes
B,16,2026-02-25T12:10:26+13:00[Pacific/Auckland],2026-02-25T12:10:42+13:00[Pacific/Auckland],Yes
C,17,2026-02-25T12:10:42+13:00[Pacific/Auckland],2026-02-25T12:10:59+13:00[Pacific/Auckland],Yes
<A>,18,2026-02-25T12:10:59+13:00[Pacific/Auckland],2026-02-25T12:11:17+13:00[Pacific/Auckland],Yes
C,17,2026-02-25T12:11:17+13:00[Pacific/Auckland],2026-02-25T12:11:34+13:00[Pacific/Auckland],Yes
<A>,30,2026-02-25T12:11:34+13:00[Pacific/Auckland],2026-02-25T12:12:04+13:00[Pacific/Auckland],
B,16,2026-02-25T12:12:04+13:00[Pacific/Auckland],2026-02-25T12:12:20+13:00[Pacific/Auckland],Yes
C,22,2026-02-25T12:12:20+13:00[Pacific/Auckland],2026-02-25T12:12:42+13:00[Pacific/Auckland],Yes
D,16,2026-02-25T12:12:42+13:00[Pacific/Auckland],2026-02-25T12:12:58+13:00[Pacific/Auckland],Yes
<A>,15,2026-02-25T12:12:58+13:00[Pacific/Auckland],2026-02-25T12:13:13+13:00[Pacific/Auckland],Yes
C,19,2026-02-25T12:13:13+13:00[Pacific/Auckland],2026-02-25T12:13:32+13:00[Pacific/Auckland],Yes
<A>,22,2026-02-25T12:13:32+13:00[Pacific/Auckland],2026-02-25T12:13:54+13:00[Pacific/Auckland],
B,17,2026-02-25T12:13:54+13:00[Pacific/Auckland],2026-02-25T12:14:11+13:00[Pacific/Auckland],Yes
C,22,2026-02-25T12:14:11+13:00[Pacific/Auckland],2026-02-25T12:14:33+13:00[Pacific/Auckland],Yes
<A>,22,2026-02-25T12:14:33+13:00[Pacific/Auckland],2026-02-25T12:14:55+13:00[Pacific/Auckland],Yes
C,16,2026-02-25T12:14:55+13:00[Pacific/Auckland],2026-02-25T12:15:11+13:00[Pacific/Auckland],Yes
<A>,21,2026-02-25T12:15:11+13:00[Pacific/Auckland],2026-02-25T12:15:32+13:00[Pacific/Auckland],
B,16,2026-02-25T12:15:32+13:00[Pacific/Auckland],2026-02-25T12:15:48+13:00[Pacific/Auckland],Yes
C,22,2026-02-25T12:15:48+13:00[Pacific/Auckland],2026-02-25T12:16:10+13:00[Pacific/Auckland],Yes
<A>,19,2026-02-25T12:16:10+13:00[Pacific/Auckland],2026-02-25T12:16:29+13:00[Pacific/Auckland],Yes
C,15,2026-02-25T12:16:29+13:00[Pacific/Auckland],2026-02-25T12:16:44+13:00[Pacific/Auckland],Yes
<A>,12,2026-02-25T12:16:44+13:00[Pacific/Auckland],2026-02-25T12:16:56+13:00[Pacific/Auckland],Yes
B,16,2026-02-25T12:16:56+13:00[Pacific/Auckland],2026-02-25T12:17:12+13:00[Pacific/Auckland],Yes
C,17,2026-02-25T12:17:12+13:00[Pacific/Auckland],2026-02-25T12:17:29+13:00[Pacific/Auckland],Yes
D,16,2026-02-25T12:17:29+13:00[Pacific/Auckland],2026-02-25T12:17:45+13:00[Pacific/Auckland],Yes
<A>,14,2026-02-25T12:17:45+13:00[Pacific/Auckland],2026-02-25T12:17:59+13:00[Pacific/Auckland],Yes
C,12,2026-02-25T12:17:59+13:00[Pacific/Auckland],2026-02-25T12:18:11+13:00[Pacific/Auckland],Yes
<A>,14,2026-02-25T12:18:11+13:00[Pacific/Auckland],2026-02-25T12:18:25+13:00[Pacific/Auckland],Yes
B,16,2026-02-25T12:18:25+13:00[Pacific/Auckland],2026-02-25T12:18:41+13:00[Pacific/Auckland],Yes
D,16,2026-02-25T12:18:41+13:00[Pacific/Auckland],2026-02-25T12:18:57+13:00[Pacific/Auckland],Yes
<A>,17,2026-02-25T12:18:57+13:00[Pacific/Auckland],2026-02-25T12:19:14+13:00[Pacific/Auckland],Yes
C,21,2026-02-25T12:19:14+13:00[Pacific/Auckland],2026-02-25T12:19:35+13:00[Pacific/Auckland],Yes
<A>,25,2026-02-25T12:19:35+13:00[Pacific/Auckland],2026-02-25T12:20:00+13:00[Pacific/Auckland],
B,17,2026-02-25T12:20:00+13:00[Pacific/Auckland],2026-02-25T12:20:17+13:00[Pacific/Auckland],Yes
<A>,11,2026-02-25T12:20:17+13:00[Pacific/Auckland],2026-02-25T12:20:28+13:00[Pacific/Auckland],Yes
C,18,2026-02-25T12:20:28+13:00[Pacific/Auckland],2026-02-25T12:20:46+13:00[Pacific/Auckland],Yes
<A>,21,2026-02-25T12:20:46+13:00[Pacific/Auckland],2026-02-25T12:21:07+13:00[Pacific/Auckland],
C,20,2026-02-25T12:21:07+13:00[Pacific/Auckland],2026-02-25T12:21:27+13:00[Pacific/Auckland],Yes
<A>,13,2026-02-25T12:21:27+13:00[Pacific/Auckland],2026-02-25T12:21:40+13:00[Pacific/Auckland],Yes
B,17,2026-02-25T12:21:40+13:00[Pacific/Auckland],2026-02-25T12:21:57+13:00[Pacific/Auckland],Yes
D,16,2026-02-25T12:21:57+13:00[Pacific/Auckland],2026-02-25T12:22:13+13:00[Pacific/Auckland],Yes
<A>,18,2026-02-25T12:22:13+13:00[Pacific/Auckland],2026-02-25T12:22:31+13:00[Pacific/Auckland],Yes
C,23,2026-02-25T12:22:31+13:00[Pacific/Auckland],2026-02-25T12:22:54+13:00[Pacific/Auckland],Yes
<A>,21,2026-02-25T12:22:54+13:00[Pacific/Auckland],2026-02-25T12:23:15+13:00[Pacific/Auckland],
B,16,2026-02-25T12:23:15+13:00[Pacific/Auckland],2026-02-25T12:23:31+13:00[Pacific/Auckland],Yes
C,24,2026-02-25T12:23:31+13:00[Pacific/Auckland],2026-02-25T12:23:55+13:00[Pacific/Auckland],Yes
D,16,2026-02-25T12:23:55+13:00[Pacific/Auckland],2026-02-25T12:24:11+13:00[Pacific/Auckland],Yes
<A>,15,2026-02-25T12:24:11+13:00[Pacific/Auckland],2026-02-25T12:24:26+13:00[Pacific/Auckland],Yes
B,16,2026-02-25T12:24:26+13:00[Pacific/Auckland],2026-02-25T12:24:42+13:00[Pacific/Auckland],Yes
C,17,2026-02-25T12:24:42+13:00[Pacific/Auckland],2026-02-25T12:24:59+13:00[Pacific/Auckland],Yes
<A>,15,2026-02-25T12:24:59+13:00[Pacific/Auckland],2026-02-25T12:25:14+13:00[Pacific/Auckland],Yes
D,22,2026-02-25T12:25:14+13:00[Pacific/Auckland],2026-02-25T12:25:36+13:00[Pacific/Auckland],
<A>,18,2026-02-25T12:25:36+13:00[Pacific/Auckland],2026-02-25T12:25:54+13:00[Pacific/Auckland],Yes
C,13,2026-02-25T12:25:54+13:00[Pacific/Auckland],2026-02-25T12:26:07+13:00[Pacific/Auckland],Yes
<A>,19,2026-02-25T12:26:07+13:00[Pacific/Auckland],2026-02-25T12:26:26+13:00[Pacific/Auckland],Yes
C,15,2026-02-25T12:26:26+13:00[Pacific/Auckland],2026-02-25T12:26:41+13:00[Pacific/Auckland],Yes
<A>,13,2026-02-25T12:26:41+13:00[Pacific/Auckland],2026-02-25T12:26:54+13:00[Pacific/Auckland],Yes
C,16,2026-02-25T12:26:54+13:00[Pacific/Auckland],2026-02-25T12:27:10+13:00[Pacific/Auckland],Yes
D,16,2026-02-25T12:27:10+13:00[Pacific/Auckland],2026-02-25T12:27:26+13:00[Pacific/Auckland],Yes
<A>,18,2026-02-25T12:27:26+13:00[Pacific/Auckland],2026-02-25T12:27:44+13:00[Pacific/Auckland],Yes
C,17,2026-02-25T12:27:44+13:00[Pacific/Auckland],2026-02-25T12:28:01+13:00[Pacific/Auckland],Yes
<A>,13,2026-02-25T12:28:01+13:00[Pacific/Auckland],2026-02-25T12:28:14+13:00[Pacific/Auckland],Yes
D,17,2026-02-25T12:28:14+13:00[Pacific/Auckland],2026-02-25T12:28:31+13:00[Pacific/Auckland],Yes
<A>,19,2026-02-25T12:28:31+13:00[Pacific/Auckland],2026-02-25T12:28:50+13:00[Pacific/Auckland],Yes
B,16,2026-02-25T12:28:50+13:00[Pacific/Auckland],2026-02-25T12:29:06+13:00[Pacific/Auckland],Yes
C,19,2026-02-25T12:29:06+13:00[Pacific/Auckland],2026-02-25T12:29:25+13:00[Pacific/Auckland],Yes
<A>,16,2026-02-25T12:29:25+13:00[Pacific/Auckland],2026-02-25T12:29:41+13:00[Pacific/Auckland],Yes
C,20,2026-02-25T12:29:41+13:00[Pacific/Auckland],2026-02-25T12:30:01+13:00[Pacific/Auckland],Yes
<A>,13,2026-02-25T12:30:01+13:00[Pacific/Auckland],2026-02-25T12:30:14+13:00[Pacific/Auckland],Yes
C,21,2026-02-25T12:30:14+13:00[Pacific/Auckland],2026-02-25T12:30:35+13:00[Pacific/Auckland],Yes
<A>,33,2026-02-25T12:30:35+13:00[Pacific/Auckland],2026-02-25T12:31:08+13:00[Pacific/Auckland],Yes
C,15,2026-02-25T12:31:08+13:00[Pacific/Auckland],2026-02-25T12:31:23+13:00[Pacific/Auckland],Yes
<A>,18,2026-02-25T12:31:23+13:00[Pacific/Auckland],2026-02-25T12:31:41+13:00[Pacific/Auckland],Yes
C,29,2026-02-25T12:31:41+13:00[Pacific/Auckland],2026-02-25T12:32:10+13:00[Pacific/Auckland],Yes
<A>,15,2026-02-25T12:32:10+13:00[Pacific/Auckland],2026-02-25T12:32:25+13:00[Pacific/Auckland],Yes
C,15,2026-02-25T12:32:25+13:00[Pacific/Auckland],2026-02-25T12:32:40+13:00[Pacific/Auckland],Yes
<A>,16,2026-02-25T12:32:40+13:00[Pacific/Auckland],2026-02-25T12:32:56+13:00[Pacific/Auckland],Yes
D,16,2026-02-25T12:32:56+13:00[Pacific/Auckland],2026-02-25T12:33:12+13:00[Pacific/Auckland],Yes
<A>,14,2026-02-25T12:33:12+13:00[Pacific/Auckland],2026-02-25T12:33:26+13:00[Pacific/Auckland],Yes
C,28,2026-02-25T12:33:26+13:00[Pacific/Auckland],2026-02-25T12:33:54+13:00[Pacific/Auckland],Yes
<A>,17,2026-02-25T12:33:54+13:00[Pacific/Auckland],2026-02-25T12:34:11+13:00[Pacific/Auckland],Yes
C,22,2026-02-25T12:34:11+13:00[Pacific/Auckland],2026-02-25T12:34:33+13:00[Pacific/Auckland],Yes
<A>,15,2026-02-25T12:34:33+13:00[Pacific/Auckland],2026-02-25T12:34:48+13:00[Pacific/Auckland],Yes
C,25,2026-02-25T12:34:48+13:00[Pacific/Auckland],2026-02-25T12:35:13+13:00[Pacific/Auckland],Yes
<A>,15,2026-02-25T12:35:13+13:00[Pacific/Auckland],2026-02-25T12:35:28+13:00[Pacific/Auckland],Yes
B,16,2026-02-25T12:35:28+13:00[Pacific/Auckland],2026-02-25T12:35:44+13:00[Pacific/Auckland],Yes
C,16,2026-02-25T12:35:44+13:00[Pacific/Auckland],2026-02-25T12:36:00+13:00[Pacific/Auckland],Yes
<A>,22,2026-02-25T12:36:00+13:00[Pacific/Auckland],2026-02-25T12:36:22+13:00[Pacific/Auckland],Yes
C,17,2026-02-25T12:36:22+13:00[Pacific/Auckland],2026-02-25T12:36:39+13:00[Pacific/Auckland],Yes
<A>,28,2026-02-25T12:36:39+13:00[Pacific/Auckland],2026-02-25T12:37:07+13:00[Pacific/Auckland],
B,18,2026-02-25T12:37:07+13:00[Pacific/Auckland],2026-02-25T12:37:25+13:00[Pacific/Auckland],Yes
C,21,2026-02-25T12:37:25+13:00[Pacific/Auckland],2026-02-25T12:37:46+13:00[Pacific/Auckland],Yes
D,16,2026-02-25T12:37:46+13:00[Pacific/Auckland],2026-02-25T12:38:02+13:00[Pacific/Auckland],Yes
<A>,18,2026-02-25T12:38:02+13:00[Pacific/Auckland],2026-02-25T12:38:20+13:00[Pacific/Auckland],Yes
B,18,2026-02-25T12:38:20+13:00[Pacific/Auckland],2026-02-25T12:38:38+13:00[Pacific/Auckland],Yes
C,16,2026-02-25T12:38:38+13:00[Pacific/Auckland],2026-02-25T12:38:54+13:00[Pacific/Auckland],Yes
<A>,26,2026-02-25T12:38:54+13:00[Pacific/Auckland],2026-02-25T12:39:20+13:00[Pacific/Auckland],Yes
C,15,2026-02-25T12:39:20+13:00[Pacific/Auckland],2026-02-25T12:39:35+13:00[Pacific/Auckland],Yes
D,16,2026-02-25T12:39:35+13:00[Pacific/Auckland],2026-02-25T12:39:51+13:00[Pacific/Auckland],Yes
<A>,21,2026-02-25T12:39:51+13:00[Pacific/Auckland],2026-02-25T12:40:12+13:00[Pacific/Auckland],
B,16,2026-02-25T12:40:12+13:00[Pacific/Auckland],2026-02-25T12:40:28+13:00[Pacific/Auckland],Yes
C,24,2026-02-25T12:40:28+13:00[Pacific/Auckland],2026-02-25T12:40:52+13:00[Pacific/Auckland],Yes
D,19,2026-02-25T12:40:52+13:00[Pacific/Auckland],2026-02-25T12:41:11+13:00[Pacific/Auckland],Yes
<A>,17,2026-02-25T12:41:11+13:00[Pacific/Auckland],2026-02-25T12:41:28+13:00[Pacific/Auckland],Yes
C,24,2026-02-25T12:41:28+13:00[Pacific/Auckland],2026-02-25T12:41:52+13:00[Pacific/Auckland],Yes
<A>,12,2026-02-25T12:41:52+13:00[Pacific/Auckland],2026-02-25T12:42:04+13:00[Pacific/Auckland],Yes
C,16,2026-02-25T12:42:04+13:00[Pacific/Auckland],2026-02-25T12:42:20+13:00[Pacific/Auckland],Yes
<A>,13,2026-02-25T12:42:20+13:00[Pacific/Auckland],2026-02-25T12:42:33+13:00[Pacific/Auckland],Yes
C,19,2026-02-25T12:42:33+13:00[Pacific/Auckland],2026-02-25T12:42:52+13:00[Pacific/Auckland],Yes
<A>,12,2026-02-25T12:42:52+13:00[Pacific/Auckland],2026-02-25T12:43:04+13:00[Pacific/Auckland],Yes
D,21,2026-02-25T12:43:04+13:00[Pacific/Auckland],2026-02-25T12:43:25+13:00[Pacific/Auckland],Yes
<A>,12,2026-02-25T12:43:25+13:00[Pacific/Auckland],2026-02-25T12:43:37+13:00[Pacific/Auckland],Yes
C,13,2026-02-25T12:43:37+13:00[Pacific/Auckland],2026-02-25T12:43:50+13:00[Pacific/Auckland],Yes
<A>,19,2026-02-25T12:43:50+13:00[Pacific/Auckland],2026-02-25T12:44:09+13:00[Pacific/Auckland],Yes
C,21,2026-02-25T12:44:09+13:00[Pacific/Auckland],2026-02-25T12:44:30+13:00[Pacific/Auckland],Yes
<A>,18,2026-02-25T12:44:30+13:00[Pacific/Auckland],2026-02-25T12:44:48+13:00[Pacific/Auckland],Yes
C,18,2026-02-25T12:44:48+13:00[Pacific/Auckland],2026-02-25T12:45:06+13:00[Pacific/Auckland],Yes
<A>,23,2026-02-25T12:45:06+13:00[Pacific/Auckland],2026-02-25T12:45:29+13:00[Pacific/Auckland],
B,16,2026-02-25T12:45:29+13:00[Pacific/Auckland],2026-02-25T12:45:45+13:00[Pacific/Auckland],Yes
C,28,2026-02-25T12:45:45+13:00[Pacific/Auckland],2026-02-25T12:46:13+13:00[Pacific/Auckland],Yes
<A>,23,2026-02-25T12:46:13+13:00[Pacific/Auckland],2026-02-25T12:46:36+13:00[Pacific/Auckland],Yes
C,16,2026-02-25T12:46:36+13:00[Pacific/Auckland],2026-02-25T12:46:52+13:00[Pacific/Auckland],Yes
D,16,2026-02-25T12:46:52+13:00[Pacific/Auckland],2026-02-25T12:47:08+13:00[Pacific/Auckland],Yes
<A>,11,2026-02-25T12:47:08+13:00[Pacific/Auckland],2026-02-25T12:47:19+13:00[Pacific/Auckland],Yes
B,16,2026-02-25T12:47:19+13:00[Pacific/Auckland],2026-02-25T12:47:35+13:00[Pacific/Auckland],Yes
C,17,2026-02-25T12:47:35+13:00[Pacific/Auckland],2026-02-25T12:47:52+13:00[Pacific/Auckland],Yes
D,16,2026-02-25T12:47:52+13:00[Pacific/Auckland],2026-02-25T12:48:08+13:00[Pacific/Auckland],Yes
<A>,28,2026-02-25T12:48:08+13:00[Pacific/Auckland],2026-02-25T12:48:36+13:00[Pacific/Auckland],Yes
C,24,2026-02-25T12:48:36+13:00[Pacific/Auckland],2026-02-25T12:49:00+13:00[Pacific/Auckland],Yes
<A>,19,2026-02-25T12:49:00+13:00[Pacific/Auckland],2026-02-25T12:49:19+13:00[Pacific/Auckland],Yes
C,21,2026-02-25T12:49:19+13:00[Pacific/Auckland],2026-02-25T12:49:40+13:00[Pacific/Auckland],Yes
<A>,16,2026-02-25T12:49:40+13:00[Pacific/Auckland],2026-02-25T12:49:56+13:00[Pacific/Auckland],Yes
C,17,2026-02-25T12:49:56+13:00[Pacific/Auckland],2026-02-25T12:50:13+13:00[Pacific/Auckland],Yes
<A>,16,2026-02-25T12:50:13+13:00[Pacific/Auckland],2026-02-25T12:50:29+13:00[Pacific/Auckland],Yes
C,18,2026-02-25T12:50:29+13:00[Pacific/Auckland],2026-02-25T12:50:47+13:00[Pacific/Auckland],Yes
D,16,2026-02-25T12:50:47+13:00[Pacific/Auckland],2026-02-25T12:51:03+13:00[Pacific/Auckland],Yes
<A>,13,2026-02-25T12:51:03+13:00[Pacific/Auckland],2026-02-25T12:51:16+13:00[Pacific/Auckland],Yes
C,21,2026-02-25T12:51:16+13:00[Pacific/Auckland],2026-02-25T12:51:37+13:00[Pacific/Auckland],Yes
<A>,14,2026-02-25T12:51:37+13:00[Pacific/Auckland],2026-02-25T12:51:51+13:00[Pacific/Auckland],Yes
C,16,2026-02-25T12:51:51+13:00[Pacific/Auckland],2026-02-25T12:52:07+13:00[Pacific/Auckland],Yes
<A>,19,2026-02-25T12:52:07+13:00[Pacific/Auckland],2026-02-25T12:52:26+13:00[Pacific/Auckland],Yes
C,15,2026-02-25T12:52:26+13:00[Pacific/Auckland],2026-02-25T12:52:41+13:00[Pacific/Auckland],Yes
<A>,12,2026-02-25T12:52:41+13:00[Pacific/Auckland],2026-02-25T12:52:53+13:00[Pacific/Auckland],Yes
C,14,2026-02-25T12:52:53+13:00[Pacific/Auckland],2026-02-25T12:53:07+13:00[Pacific/Auckland],Yes
D,17,2026-02-25T12:53:07+13:00[Pacific/Auckland],2026-02-25T12:53:24+13:00[Pacific/Auckland],Yes
<A>,14,2026-02-25T12:53:24+13:00[Pacific/Auckland],2026-02-25T12:53:38+13:00[Pacific/Auckland],Yes
B,16,2026-02-25T12:53:38+13:00[Pacific/Auckland],2026-02-25T12:53:54+13:00[Pacific/Auckland],Yes
C,18,2026-02-25T12:53:54+13:00[Pacific/Auckland],2026-02-25T12:54:12+13:00[Pacific/Auckland],Yes
D,15,2026-02-25T12:54:12+13:00[Pacific/Auckland],2026-02-25T12:54:27+13:00[Pacific/Auckland],Yes
<A>,15,2026-02-25T12:54:27+13:00[Pacific/Auckland],2026-02-25T12:54:42+13:00[Pacific/Auckland],Yes
C,20,2026-02-25T12:54:42+13:00[Pacific/Auckland],2026-02-25T12:55:02+13:00[Pacific/Auckland],Yes
<A>,19,2026-02-25T12:55:02+13:00[Pacific/Auckland],2026-02-25T12:55:21+13:00[Pacific/Auckland],Yes
B,16,2026-02-25T12:55:21+13:00[Pacific/Auckland],2026-02-25T12:55:37+13:00[Pacific/Auckland],Yes
C,40,2026-02-25T12:55:37+13:00[Pacific/Auckland],2026-02-25T12:56:17+13:00[Pacific/Auckland],
D,16,2026-02-25T12:56:17+13:00[Pacific/Auckland],2026-02-25T12:56:33+13:00[Pacific/Auckland],Yes
<A>,12,2026-02-25T12:56:33+13:00[Pacific/Auckland],2026-02-25T12:56:45+13:00[Pacific/Auckland],Yes
B,16,2026-02-25T12:56:45+13:00[Pacific/Auckland],2026-02-25T12:57:01+13:00[Pacific/Auckland],Yes
C,17,2026-02-25T12:57:01+13:00[Pacific/Auckland],2026-02-25T12:57:18+13:00[Pacific/Auckland],Yes
D,15,2026-02-25T12:57:18+13:00[Pacific/Auckland],2026-02-25T12:57:33+13:00[Pacific/Auckland],Yes
<A>,13,2026-02-25T12:57:33+13:00[Pacific/Auckland],2026-02-25T12:57:46+13:00[Pacific/Auckland],Yes
B,17,2026-02-25T12:57:46+13:00[Pacific/Auckland],2026-02-25T12:58:03+13:00[Pacific/Auckland],Yes
C,18,2026-02-25T12:58:03+13:00[Pacific/Auckland],2026-02-25T12:58:21+13:00[Pacific/Auckland],Yes
D,16,2026-02-25T12:58:21+13:00[Pacific/Auckland],2026-02-25T12:58:37+13:00[Pacific/Auckland],Yes
<A>,17,2026-02-25T12:58:37+13:00[Pacific/Auckland],2026-02-25T12:58:54+13:00[Pacific/Auckland],Yes
C,32,2026-02-25T12:58:54+13:00[Pacific/Auckland],2026-02-25T12:59:26+13:00[Pacific/Auckland],Yes
<A>,17,2026-02-25T12:59:26+13:00[Pacific/Auckland],2026-02-25T12:59:43+13:00[Pacific/Auckland],Yes
C,15,2026-02-25T12:59:43+13:00[Pacific/Auckland],2026-02-25T12:59:58+13:00[Pacific/Auckland],Yes
<A>,39,2026-02-25T12:59:58+13:00[Pacific/Auckland],2026-02-25T13:00:37+13:00[Pacific/Auckland],Yes
C,21,2026-02-25T13:00:37+13:00[Pacific/Auckland],2026-02-25T13:00:58+13:00[Pacific/Auckland],Yes
<A>,38,2026-02-25T13:00:58+13:00[Pacific/Auckland],2026-02-25T13:01:36+13:00[Pacific/Auckland],
B,16,2026-02-25T13:01:36+13:00[Pacific/Auckland],2026-02-25T13:01:52+13:00[Pacific/Auckland],Yes
C,18,2026-02-25T13:01:52+13:00[Pacific/Auckland],2026-02-25T13:02:10+13:00[Pacific/Auckland],Yes
<A>,19,2026-02-25T13:02:10+13:00[Pacific/Auckland],2026-02-25T13:02:29+13:00[Pacific/Auckland],Yes
C,16,2026-02-25T13:02:29+13:00[Pacific/Auckland],2026-02-25T13:02:45+13:00[Pacific/Auckland],Yes
<A>,36,2026-02-25T13:02:45+13:00[Pacific/Auckland],2026-02-25T13:03:21+13:00[Pacific/Auckland],
B,16,2026-02-25T13:03:21+13:00[Pacific/Auckland],2026-02-25T13:03:37+13:00[Pacific/Auckland],Yes
C,17,2026-02-25T13:03:37+13:00[Pacific/Auckland],2026-02-25T13:03:54+13:00[Pacific/Auckland],Yes
<A>,16,2026-02-25T13:03:54+13:00[Pacific/Auckland],2026-02-25T13:04:10+13:00[Pacific/Auckland],Yes
C,15,2026-02-25T13:04:10+13:00[Pacific/Auckland],2026-02-25T13:04:25+13:00[Pacific/Auckland],Yes
D,16,2026-02-25T13:04:25+13:00[Pacific/Auckland],2026-02-25T13:04:41+13:00[Pacific/Auckland],Yes
<A>,21,2026-02-25T13:04:41+13:00[Pacific/Auckland],2026-02-25T13:05:02+13:00[Pacific/Auckland],
C,18,2026-02-25T13:05:02+13:00[Pacific/Auckland],2026-02-25T13:05:20+13:00[Pacific/Auckland],Yes
<A>,35,2026-02-25T13:05:20+13:00[Pacific/Auckland],2026-02-25T13:05:55+13:00[Pacific/Auckland],Yes
B,16,2026-02-25T13:05:55+13:00[Pacific/Auckland],2026-02-25T13:06:11+13:00[Pacific/Auckland],Yes
<A>,16,2026-02-25T13:06:11+13:00[Pacific/Auckland],2026-02-25T13:06:27+13:00[Pacific/Auckland],Yes
C,18,2026-02-25T13:06:27+13:00[Pacific/Auckland],2026-02-25T13:06:45+13:00[Pacific/Auckland],Yes
<A>,12,2026-02-25T13:06:45+13:00[Pacific/Auckland],2026-02-25T13:06:57+13:00[Pacific/Auckland],Yes
C,18,2026-02-25T13:06:57+13:00[Pacific/Auckland],2026-02-25T13:07:15+13:00[Pacific/Auckland],Yes
<A>,19,2026-02-25T13:07:15+13:00[Pacific/Auckland],2026-02-25T13:07:34+13:00[Pacific/Auckland],Yes
C,18,2026-02-25T13:07:34+13:00[Pacific/Auckland],2026-02-25T13:07:52+13:00[Pacific/Auckland],Yes
D,16,2026-02-25T13:07:52+13:00[Pacific/Auckland],2026-02-25T13:08:08+13:00[Pacific/Auckland],Yes
<A>,12,2026-02-25T13:08:08+13:00[Pacific/Auckland],2026-02-25T13:08:20+13:00[Pacific/Auckland],Yes
C,21,2026-02-25T13:08:20+13:00[Pacific/Auckland],2026-02-25T13:08:41+13:00[Pacific/Auckland],Yes
<A>,24,2026-02-25T13:08:41+13:00[Pacific/Auckland],2026-02-25T13:09:05+13:00[Pacific/Auckland],Yes
C,17,2026-02-25T13:09:05+13:00[Pacific/Auckland],2026-02-25T13:09:22+13:00[Pacific/Auckland],Yes
<A>,14,2026-02-25T13:09:22+13:00[Pacific/Auckland],2026-02-25T13:09:36+13:00[Pacific/Auckland],Yes
C,18,2026-02-25T13:09:36+13:00[Pacific/Auckland],2026-02-25T13:09:54+13:00[Pacific/Auckland],Yes
<A>,24,2026-02-25T13:09:54+13:00[Pacific/Auckland],2026-02-25T13:10:18+13:00[Pacific/Auckland],Yes
C,32,2026-02-25T13:10:18+13:00[Pacific/Auckland],2026-02-25T13:10:50+13:00[Pacific/Auckland],Yes
D,16,2026-02-25T13:10:50+13:00[Pacific/Auckland],2026-02-25T13:11:06+13:00[Pacific/Auckland],Yes
<A>,19,2026-02-25T13:11:06+13:00[Pacific/Auckland],2026-02-25T13:11:25+13:00[Pacific/Auckland],Yes
B,16,2026-02-25T13:11:25+13:00[Pacific/Auckland],2026-02-25T13:11:41+13:00[Pacific/Auckland],Yes
C,16,2026-02-25T13:11:41+13:00[Pacific/Auckland],2026-02-25T13:11:57+13:00[Pacific/Auckland],Yes
<A>,26,2026-02-25T13:11:57+13:00[Pacific/Auckland],2026-02-25T13:12:23+13:00[Pacific/Auckland],Yes
C,16,2026-02-25T13:12:23+13:00[Pacific/Auckland],2026-02-25T13:12:39+13:00[Pacific/Auckland],Yes
<A>,11,2026-02-25T13:12:39+13:00[Pacific/Auckland],2026-02-25T13:12:50+13:00[Pacific/Auckland],Yes
C,26,2026-02-25T13:12:50+13:00[Pacific/Auckland],2026-02-25T13:13:16+13:00[Pacific/Auckland],Yes
<A>,18,2026-02-25T13:13:16+13:00[Pacific/Auckland],2026-02-25T13:13:34+13:00[Pacific/Auckland],Yes
B,17,2026-02-25T13:13:34+13:00[Pacific/Auckland],2026-02-25T13:13:51+13:00[Pacific/Auckland],Yes
C,16,2026-02-25T13:13:51+13:00[Pacific/Auckland],2026-02-25T13:14:07+13:00[Pacific/Auckland],Yes
<A>,20,2026-02-25T13:14:07+13:00[Pacific/Auckland],2026-02-25T13:14:27+13:00[Pacific/Auckland],Yes
B,16,2026-02-25T13:14:27+13:00[Pacific/Auckland],2026-02-25T13:14:43+13:00[Pacific/Auckland],Yes
C,17,2026-02-25T13:14:43+13:00[Pacific/Auckland],2026-02-25T13:15:00+13:00[Pacific/Auckland],Yes
D,16,2026-02-25T13:15:00+13:00[Pacific/Auckland],2026-02-25T13:15:16+13:00[Pacific/Auckland],Yes
<A>,11,2026-02-25T13:15:16+13:00[Pacific/Auckland],2026-02-25T13:15:27+13:00[Pacific/Auckland],Yes
C,16,2026-02-25T13:15:27+13:00[Pacific/Auckland],2026-02-25T13:15:43+13:00[Pacific/Auckland],Yes
<A>,14,2026-02-25T13:15:43+13:00[Pacific/Auckland],2026-02-25T13:15:57+13:00[Pacific/Auckland],Yes
D,17,2026-02-25T13:15:57+13:00[Pacific/Auckland],2026-02-25T13:16:14+13:00[Pacific/Auckland],Yes
<A>,14,2026-02-25T13:16:14+13:00[Pacific/Auckland],2026-02-25T13:16:28+13:00[Pacific/Auckland],Yes
C,19,2026-02-25T13:16:28+13:00[Pacific/Auckland],2026-02-25T13:16:47+13:00[Pacific/Auckland],Yes
<A>,15,2026-02-25T13:16:47+13:00[Pacific/Auckland],2026-02-25T13:17:02+13:00[Pacific/Auckland],Yes
C,23,2026-02-25T13:17:02+13:00[Pacific/Auckland],2026-02-25T13:17:25+13:00[Pacific/Auckland],Yes
<A>,26,2026-02-25T13:17:25+13:00[Pacific/Auckland],2026-02-25T13:17:51+13:00[Pacific/Auckland],
B,16,2026-02-25T13:17:51+13:00[Pacific/Auckland],2026-02-25T13:18:07+13:00[Pacific/Auckland],Yes
C,21,2026-02-25T13:18:07+13:00[Pacific/Auckland],2026-02-25T13:18:28+13:00[Pacific/Auckland],Yes
<A>,13,2026-02-25T13:18:28+13:00[Pacific/Auckland],2026-02-25T13:18:41+13:00[Pacific/Auckland],Yes
C,18,2026-02-25T13:18:41+13:00[Pacific/Auckland],2026-02-25T13:18:59+13:00[Pacific/Auckland],Yes
<A>,15,2026-02-25T13:18:59+13:00[Pacific/Auckland],2026-02-25T13:19:14+13:00[Pacific/Auckland],Yes
C,19,2026-02-25T13:19:14+13:00[Pacific/Auckland],2026-02-25T13:19:33+13:00[Pacific/Auckland],Yes
<A>,14,2026-02-25T13:19:33+13:00[Pacific/Auckland],2026-02-25T13:19:47+13:00[Pacific/Auckland],Yes
C,14,2026-02-25T13:19:47+13:00[Pacific/Auckland],2026-02-25T13:20:01+13:00[Pacific/Auckland],Yes
<A>,54,2026-02-25T13:20:01+13:00[Pacific/Auckland],2026-02-25T13:20:55+13:00[Pacific/Auckland],
B,16,2026-02-25T13:20:55+13:00[Pacific/Auckland],2026-02-25T13:21:11+13:00[Pacific/Auckland],Yes
C,17,2026-02-25T13:21:11+13:00[Pacific/Auckland],2026-02-25T13:21:28+13:00[Pacific/Auckland],Yes
<A>,14,2026-02-25T13:21:28+13:00[Pacific/Auckland],2026-02-25T13:21:42+13:00[Pacific/Auckland],Yes
C,13,2026-02-25T13:21:42+13:00[Pacific/Auckland],2026-02-25T13:21:55+13:00[Pacific/Auckland],Yes
<A>,15,2026-02-25T13:21:55+13:00[Pacific/Auckland],2026-02-25T13:22:10+13:00[Pacific/Auckland],Yes
C,16,2026-02-25T13:22:10+13:00[Pacific/Auckland],2026-02-25T13:22:26+13:00[Pacific/Auckland],Yes
<A>,14,2026-02-25T13:22:26+13:00[Pacific/Auckland],2026-02-25T13:22:40+13:00[Pacific/Auckland],Yes
B,16,2026-02-25T13:22:40+13:00[Pacific/Auckland],2026-02-25T13:22:56+13:00[Pacific/Auckland],Yes
C,22,2026-02-25T13:22:56+13:00[Pacific/Auckland],2026-02-25T13:23:18+13:00[Pacific/Auckland],Yes
<A>,14,2026-02-25T13:23:18+13:00[Pacific/Auckland],2026-02-25T13:23:32+13:00[Pacific/Auckland],Yes
C,16,2026-02-25T13:23:32+13:00[Pacific/Auckland],2026-02-25T13:23:48+13:00[Pacific/Auckland],Yes
<A>,52,2026-02-25T13:23:48+13:00[Pacific/Auckland],2026-02-25T13:24:40+13:00[Pacific/Auckland],
B,16,2026-02-25T13:24:40+13:00[Pacific/Auckland],2026-02-25T13:24:56+13:00[Pacific/Auckland],Yes
D,19,2026-02-25T13:24:56+13:00[Pacific/Auckland],2026-02-25T13:25:15+13:00[Pacific/Auckland],Yes
<A>,15,2026-02-25T13:25:15+13:00[Pacific/Auckland],2026-02-25T13:25:30+13:00[Pacific/Auckland],Yes
C,34,2026-02-25T13:25:30+13:00[Pacific/Auckland],2026-02-25T13:26:04+13:00[Pacific/Auckland],Yes
<A>,21,2026-02-25T13:26:04+13:00[Pacific/Auckland],2026-02-25T13:26:25+13:00[Pacific/Auckland],
B,18,2026-02-25T13:26:25+13:00[Pacific/Auckland],2026-02-25T13:26:43+13:00[Pacific/Auckland],Yes
C,19,2026-02-25T13:26:43+13:00[Pacific/Auckland],2026-02-25T13:27:02+13:00[Pacific/Auckland],Yes
D,19,2026-02-25T13:27:02+13:00[Pacific/Auckland],2026-02-25T13:27:21+13:00[Pacific/Auckland],Yes
<A>,16,2026-02-25T13:27:21+13:00[Pacific/Auckland],2026-02-25T13:27:37+13:00[Pacific/Auckland],Yes
C,20,2026-02-25T13:27:37+13:00[Pacific/Auckland],2026-02-25T13:27:57+13:00[Pacific/Auckland],Yes
<A>,13,2026-02-25T13:27:57+13:00[Pacific/Auckland],2026-02-25T13:28:10+13:00[Pacific/Auckland],Yes
C,22,2026-02-25T13:28:10+13:00[Pacific/Auckland],2026-02-25T13:28:32+13:00[Pacific/Auckland],Yes
<A>,37,2026-02-25T13:28:32+13:00[Pacific/Auckland],2026-02-25T13:29:09+13:00[Pacific/Auckland],Yes
C,16,2026-02-25T13:29:09+13:00[Pacific/Auckland],2026-02-25T13:29:25+13:00[Pacific/Auckland],Yes
D,15,2026-02-25T13:29:25+13:00[Pacific/Auckland],2026-02-25T13:29:40+13:00[Pacific/Auckland],Yes
<A>,21,2026-02-25T13:29:40+13:00[Pacific/Auckland],2026-02-25T13:30:01+13:00[Pacific/Auckland],
B,19,2026-02-25T13:30:01+13:00[Pacific/Auckland],2026-02-25T13:30:20+13:00[Pacific/Auckland],Yes
D,16,2026-02-25T13:30:20+13:00[Pacific/Auckland],2026-02-25T13:30:36+13:00[Pacific/Auckland],Yes
<A>,13,2026-02-25T13:30:36+13:00[Pacific/Auckland],2026-02-25T13:30:49+13:00[Pacific/Auckland],Yes
C,15,2026-02-25T13:30:49+13:00[Pacific/Auckland],2026-02-25T13:31:04+13:00[Pacific/Auckland],Yes
<A>,19,2026-02-25T13:31:04+13:00[Pacific/Auckland],2026-02-25T13:31:23+13:00[Pacific/Auckland],Yes
B,17,2026-02-25T13:31:23+13:00[Pacific/Auckland],2026-02-25T13:31:40+13:00[Pacific/Auckland],Yes
C,16,2026-02-25T13:31:40+13:00[Pacific/Auckland],2026-02-25T13:31:56+13:00[Pacific/Auckland],Yes
D,16,2026-02-25T13:31:56+13:00[Pacific/Auckland],2026-02-25T13:32:12+13:00[Pacific/Auckland],Yes
<A>,15,2026-02-25T13:32:12+13:00[Pacific/Auckland],2026-02-25T13:32:27+13:00[Pacific/Auckland],Yes
C,22,2026-02-25T13:32:27+13:00[Pacific/Auckland],2026-02-25T13:32:49+13:00[Pacific/Auckland],Yes
<A>,15,2026-02-25T13:32:49+13:00[Pacific/Auckland],2026-02-25T13:33:04+13:00[Pacific/Auckland],Yes
C,20,2026-02-25T13:33:04+13:00[Pacific/Auckland],2026-02-25T13:33:24+13:00[Pacific/Auckland],Yes
D,16,2026-02-25T13:33:24+13:00[Pacific/Auckland],2026-02-25T13:33:40+13:00[Pacific/Auckland],Yes
<A>,14,2026-02-25T13:33:40+13:00[Pacific/Auckland],2026-02-25T13:33:54+13:00[Pacific/Auckland],Yes
C,15,2026-02-25T13:33:54+13:00[Pacific/Auckland],2026-02-25T13:34:09+13:00[Pacific/Auckland],Yes
<A>,11,2026-02-25T13:34:09+13:00[Pacific/Auckland],2026-02-25T13:34:20+13:00[Pacific/Auckland],Yes
C,18,2026-02-25T13:34:20+13:00[Pacific/Auckland],2026-02-25T13:34:38+13:00[Pacific/Auckland],Yes
<A>,12,2026-02-25T13:34:38+13:00[Pacific/Auckland],2026-02-25T13:34:50+13:00[Pacific/Auckland],Yes
C,19,2026-02-25T13:34:50+13:00[Pacific/Auckland],2026-02-25T13:35:09+13:00[Pacific/Auckland],Yes
<A>,12,2026-02-25T13:35:09+13:00[Pacific/Auckland],2026-02-25T13:35:21+13:00[Pacific/Auckland],Yes
C,13,2026-02-25T13:35:21+13:00[Pacific/Auckland],2026-02-25T13:35:34+13:00[Pacific/Auckland],Yes
<A>,14,2026-02-25T13:35:34+13:00[Pacific/Auckland],2026-02-25T13:35:48+13:00[Pacific/Auckland],Yes
C,30,2026-02-25T13:35:48+13:00[Pacific/Auckland],2026-02-25T13:36:18+13:00[Pacific/Auckland],Yes
<A>,25,2026-02-25T13:36:18+13:00[Pacific/Auckland],2026-02-25T13:36:43+13:00[Pacific/Auckland],Yes
C,17,2026-02-25T13:36:43+13:00[Pacific/Auckland],2026-02-25T13:37:00+13:00[Pacific/Auckland],Yes
D,16,2026-02-25T13:37:00+13:00[Pacific/Auckland],2026-02-25T13:37:16+13:00[Pacific/Auckland],Yes
<A>,12,2026-02-25T13:37:16+13:00[Pacific/Auckland],2026-02-25T13:37:28+13:00[Pacific/Auckland],Yes
C,18,2026-02-25T13:37:28+13:00[Pacific/Auckland],2026-02-25T13:37:46+13:00[Pacific/Auckland],Yes
<A>,45,2026-02-25T13:37:46+13:00[Pacific/Auckland],2026-02-25T13:38:31+13:00[Pacific/Auckland],Yes
C,27,2026-02-25T13:38:31+13:00[Pacific/Auckland],2026-02-25T13:38:58+13:00[Pacific/Auckland],Yes
<A>,11,2026-02-25T13:38:58+13:00[Pacific/Auckland],2026-02-25T13:39:09+13:00[Pacific/Auckland],Yes
D,18,2026-02-25T13:39:09+13:00[Pacific/Auckland],2026-02-25T13:39:27+13:00[Pacific/Auckland],Yes
<A>,11,2026-02-25T13:39:27+13:00[Pacific/Auckland],2026-02-25T13:39:38+13:00[Pacific/Auckland],Yes
C,24,2026-02-25T13:39:38+13:00[Pacific/Auckland],2026-02-25T13:40:02+13:00[Pacific/Auckland],Yes
<A>,20,2026-02-25T13:40:02+13:00[Pacific/Auckland],2026-02-25T13:40:22+13:00[Pacific/Auckland],Yes
B,16,2026-02-25T13:40:22+13:00[Pacific/Auckland],2026-02-25T13:40:38+13:00[Pacific/Auckland],Yes
C,17,2026-02-25T13:40:38+13:00[Pacific/Auckland],2026-02-25T13:40:55+13:00[Pacific/Auckland],Yes
<A>,23,2026-02-25T13:40:55+13:00[Pacific/Auckland],2026-02-25T13:41:18+13:00[Pacific/Auckland],Yes
C,16,2026-02-25T13:41:18+13:00[Pacific/Auckland],2026-02-25T13:41:34+13:00[Pacific/Auckland],Yes
<A>,14,2026-02-25T13:41:34+13:00[Pacific/Auckland],2026-02-25T13:41:48+13:00[Pacific/Auckland],Yes
C,13,2026-02-25T13:41:48+13:00[Pacific/Auckland],2026-02-25T13:42:01+13:00[Pacific/Auckland],Yes
<A>,13,2026-02-25T13:42:01+13:00[Pacific/Auckland],2026-02-25T13:42:14+13:00[Pacific/Auckland],Yes
C,13,2026-02-25T13:42:14+13:00[Pacific/Auckland],2026-02-25T13:42:27+13:00[Pacific/Auckland],Yes
<A>,20,2026-02-25T13:42:27+13:00[Pacific/Auckland],2026-02-25T13:42:47+13:00[Pacific/Auckland],Yes
C,16,2026-02-25T13:42:47+13:00[Pacific/Auckland],2026-02-25T13:43:03+13:00[Pacific/Auckland],Yes
<A>,38,2026-02-25T13:43:03+13:00[Pacific/Auckland],2026-02-25T13:43:41+13:00[Pacific/Auckland],
B,16,2026-02-25T13:43:41+13:00[Pacific/Auckland],2026-02-25T13:43:57+13:00[Pacific/Auckland],Yes
<A>,11,2026-02-25T13:43:57+13:00[Pacific/Auckland],2026-02-25T13:44:08+13:00[Pacific/Auckland],Yes
D,18,2026-02-25T13:44:08+13:00[Pacific/Auckland],2026-02-25T13:44:26+13:00[Pacific/Auckland],Yes
<A>,15,2026-02-25T13:44:26+13:00[Pacific/Auckland],2026-02-25T13:44:41+13:00[Pacific/Auckland],Yes
C,29,2026-02-25T13:44:41+13:00[Pacific/Auckland],2026-02-25T13:45:10+13:00[Pacific/Auckland],Yes
<A>,12,2026-02-25T13:45:10+13:00[Pacific/Auckland],2026-02-25T13:45:22+13:00[Pacific/Auckland],Yes
C,25,2026-02-25T13:45:22+13:00[Pacific/Auckland],2026-02-25T13:45:47+13:00[Pacific/Auckland],Yes
D,16,2026-02-25T13:45:47+13:00[Pacific/Auckland],2026-02-25T13:46:03+13:00[Pacific/Auckland],Yes
<A>,11,2026-02-25T13:46:03+13:00[Pacific/Auckland],2026-02-25T13:46:14+13:00[Pacific/Auckland],Yes
B,16,2026-02-25T13:46:14+13:00[Pacific/Auckland],2026-02-25T13:46:30+13:00[Pacific/Auckland],Yes
C,17,2026-02-25T13:46:30+13:00[Pacific/Auckland],2026-02-25T13:46:47+13:00[Pacific/Auckland],Yes
<A>,17,2026-02-25T13:46:47+13:00[Pacific/Auckland],2026-02-25T13:47:04+13:00[Pacific/Auckland],Yes
B,16,2026-02-25T13:47:04+13:00[Pacific/Auckland],2026-02-25T13:47:20+13:00[Pacific/Auckland],Yes
C,35,2026-02-25T13:47:20+13:00[Pacific/Auckland],2026-02-25T13:47:55+13:00[Pacific/Auckland],Yes
<A>,18,2026-02-25T13:47:55+13:00[Pacific/Auckland],2026-02-25T13:48:13+13:00[Pacific/Auckland],Yes
C,30,2026-02-25T13:48:13+13:00[Pacific/Auckland],2026-02-25T13:48:43+13:00[Pacific/Auckland],Yes
D,15,2026-02-25T13:48:43+13:00[Pacific/Auckland],2026-02-25T13:48:58+13:00[Pacific/Auckland],Yes
<A>,13,2026-02-25T13:48:58+13:00[Pacific/Auckland],2026-02-25T13:49:11+13:00[Pacific/Auckland],Yes
C,24,2026-02-25T13:49:11+13:00[Pacific/Auckland],2026-02-25T13:49:35+13:00[Pacific/Auckland],Yes
D,15,2026-02-25T13:49:35+13:00[Pacific/Auckland],2026-02-25T13:49:50+13:00[Pacific/Auckland],Yes
<A>,22,2026-02-25T13:49:50+13:00[Pacific/Auckland],2026-02-25T13:50:12+13:00[Pacific/Auckland],Yes
C,21,2026-02-25T13:50:12+13:00[Pacific/Auckland],2026-02-25T13:50:33+13:00[Pacific/Auckland],Yes
<A>,20,2026-02-25T13:50:33+13:00[Pacific/Auckland],2026-02-25T13:50:53+13:00[Pacific/Auckland],Yes
D,17,2026-02-25T13:50:53+13:00[Pacific/Auckland],2026-02-25T13:51:10+13:00[Pacific/Auckland],Yes
<A>,15,2026-02-25T13:51:10+13:00[Pacific/Auckland],2026-02-25T13:51:25+13:00[Pacific/Auckland],Yes
B,17,2026-02-25T13:51:25+13:00[Pacific/Auckland],2026-02-25T13:51:42+13:00[Pacific/Auckland],Yes
C,23,2026-02-25T13:51:42+13:00[Pacific/Auckland],2026-02-25T13:52:05+13:00[Pacific/Auckland],Yes
D,17,2026-02-25T13:52:05+13:00[Pacific/Auckland],2026-02-25T13:52:22+13:00[Pacific/Auckland],Yes
<A>,49,2026-02-25T13:52:22+13:00[Pacific/Auckland],2026-02-25T13:53:11+13:00[Pacific/Auckland],
B,17,2026-02-25T13:53:11+13:00[Pacific/Auckland],2026-02-25T13:53:28+13:00[Pacific/Auckland],Yes
C,16,2026-02-25T13:53:28+13:00[Pacific/Auckland],2026-02-25T13:53:44+13:00[Pacific/Auckland],Yes
<A>,20,2026-02-25T13:53:44+13:00[Pacific/Auckland],2026-02-25T13:54:04+13:00[Pacific/Auckland],Yes
B,16,2026-02-25T13:54:04+13:00[Pacific/Auckland],2026-02-25T13:54:20+13:00[Pacific/Auckland],Yes
C,16,2026-02-25T13:54:20+13:00[Pacific/Auckland],2026-02-25T13:54:36+13:00[Pacific/Auckland],Yes
D,16,2026-02-25T13:54:36+13:00[Pacific/Auckland],2026-02-25T13:54:52+13:00[Pacific/Auckland],Yes
<A>,11,2026-02-25T13:54:52+13:00[Pacific/Auckland],2026-02-25T13:55:03+13:00[Pacific/Auckland],Yes
B,17,2026-02-25T13:55:03+13:00[Pacific/Auckland],2026-02-25T13:55:20+13:00[Pacific/Auckland],Yes
C,19,2026-02-25T13:55:20+13:00[Pacific/Auckland],2026-02-25T13:55:39+13:00[Pacific/Auckland],Yes
D,16,2026-02-25T13:55:39+13:00[Pacific/Auckland],2026-02-25T13:55:55+13:00[Pacific/Auckland],Yes
<A>,28,2026-02-25T13:55:55+13:00[Pacific/Auckland],2026-02-25T13:56:23+13:00[Pacific/Auckland],Yes
C,17,2026-02-25T13:56:23+13:00[Pacific/Auckland],2026-02-25T13:56:40+13:00[Pacific/Auckland],Yes
D,16,2026-02-25T13:56:40+13:00[Pacific/Auckland],2026-02-25T13:56:56+13:00[Pacific/Auckland],Yes
<A>,19,2026-02-25T13:56:56+13:00[Pacific/Auckland],2026-02-25T13:57:15+13:00[Pacific/Auckland],Yes
B,27,2026-02-25T13:57:15+13:00[Pacific/Auckland],2026-02-25T13:57:42+13:00[Pacific/Auckland],
C,16,2026-02-25T13:57:42+13:00[Pacific/Auckland],2026-02-25T13:57:58+13:00[Pacific/Auckland],Yes
<A>,18,2026-02-25T13:57:58+13:00[Pacific/Auckland],2026-02-25T13:58:16+13:00[Pacific/Auckland],Yes
C,18,2026-02-25T13:58:16+13:00[Pacific/Auckland],2026-02-25T13:58:34+13:00[Pacific/Auckland],Yes
<A>,33,2026-02-25T13:58:34+13:00[Pacific/Auckland],2026-02-25T13:59:07+13:00[Pacific/Auckland],
B,16,2026-02-25T13:59:07+13:00[Pacific/Auckland],2026-02-25T13:59:23+13:00[Pacific/Auckland],Yes
C,17,2026-02-25T13:59:23+13:00[Pacific/Auckland],2026-02-25T13:59:40+13:00[Pacific/Auckland],Yes
D,16,2026-02-25T13:59:40+13:00[Pacific/Auckland],2026-02-25T13:59:56+13:00[Pacific/Auckland],Yes
<A>,18,2026-02-25T13:59:56+13:00[Pacific/Auckland],2026-02-25T14:00:14+13:00[Pacific/Auckland],Yes
C,16,2026-02-25T14:00:14+13:00[Pacific/Auckland],2026-02-25T14:00:30+13:00[Pacific/Auckland],Yes
<A>,11,2026-02-25T14:00:30+13:00[Pacific/Auckland],2026-02-25T14:00:41+13:00[Pacific/Auckland],Yes
C,19,2026-02-25T14:00:41+13:00[Pacific/Auckland],2026-02-25T14:01:00+13:00[Pacific/Auckland],Yes
<A>,14,2026-02-25T14:01:00+13:00[Pacific/Auckland],2026-02-25T14:01:14+13:00[Pacific/Auckland],Yes
B,16,2026-02-25T14:01:14+13:00[Pacific/Auckland],2026-02-25T14:01:30+13:00[Pacific/Auckland],Yes
C,21,2026-02-25T14:01:30+13:00[Pacific/Auckland],2026-02-25T14:01:51+13:00[Pacific/Auckland],Yes
D,16,2026-02-25T14:01:51+13:00[Pacific/Auckland],2026-02-25T14:02:07+13:00[Pacific/Auckland],Yes
<A>,12,2026-02-25T14:02:07+13:00[Pacific/Auckland],2026-02-25T14:02:19+13:00[Pacific/Auckland],Yes
B,16,2026-02-25T14:02:19+13:00[Pacific/Auckland],2026-02-25T14:02:35+13:00[Pacific/Auckland],Yes
<A>,18,2026-02-25T14:02:35+13:00[Pacific/Auckland],2026-02-25T14:02:53+13:00[Pacific/Auckland],Yes
B,16,2026-02-25T14:02:53+13:00[Pacific/Auckland],2026-02-25T14:03:09+13:00[Pacific/Auckland],Yes
C,19,2026-02-25T14:03:09+13:00[Pacific/Auckland],2026-02-25T14:03:28+13:00[Pacific/Auckland],Yes
<A>,11,2026-02-25T14:03:28+13:00[Pacific/Auckland],2026-02-25T14:03:39+13:00[Pacific/Auckland],Yes
C,17,2026-02-25T14:03:39+13:00[Pacific/Auckland],2026-02-25T14:03:56+13:00[Pacific/Auckland],Yes
<A>,25,2026-02-25T14:03:56+13:00[Pacific/Auckland],2026-02-25T14:04:21+13:00[Pacific/Auckland],
B,16,2026-02-25T14:04:21+13:00[Pacific/Auckland],2026-02-25T14:04:37+13:00[Pacific/Auckland],Yes
<A>,17,2026-02-25T14:04:37+13:00[Pacific/Auckland],2026-02-25T14:04:54+13:00[Pacific/Auckland],Yes
C,15,2026-02-25T14:04:54+13:00[Pacific/Auckland],2026-02-25T14:05:09+13:00[Pacific/Auckland],Yes
D,16,2026-02-25T14:05:09+13:00[Pacific/Auckland],2026-02-25T14:05:25+13:00[Pacific/Auckland],Yes
<A>,13,2026-02-25T14:05:25+13:00[Pacific/Auckland],2026-02-25T14:05:38+13:00[Pacific/Auckland],Yes
B,16,2026-02-25T14:05:38+13:00[Pacific/Auckland],2026-02-25T14:05:54+13:00[Pacific/Auckland],Yes
C,26,2026-02-25T14:05:54+13:00[Pacific/Auckland],2026-02-25T14:06:20+13:00[Pacific/Auckland],Yes
<A>,16,2026-02-25T14:06:20+13:00[Pacific/Auckland],2026-02-25T14:06:36+13:00[Pacific/Auckland],Yes
C,19,2026-02-25T14:06:36+13:00[Pacific/Auckland],2026-02-25T14:06:55+13:00[Pacific/Auckland],Yes
<A>,30,2026-02-25T14:06:55+13:00[Pacific/Auckland],2026-02-25T14:07:25+13:00[Pacific/Auckland],
B,16,2026-02-25T14:07:25+13:00[Pacific/Auckland],2026-02-25T14:07:41+13:00[Pacific/Auckland],Yes
C,18,2026-02-25T14:07:41+13:00[Pacific/Auckland],2026-02-25T14:07:59+13:00[Pacific/Auckland],Yes
<A>,19,2026-02-25T14:07:59+13:00[Pacific/Auckland],2026-02-25T14:08:18+13:00[Pacific/Auckland],Yes
C,23,2026-02-25T14:08:18+13:00[Pacific/Auckland],2026-02-25T14:08:41+13:00[Pacific/Auckland],Yes
<A>,17,2026-02-25T14:08:41+13:00[Pacific/Auckland],2026-02-25T14:08:58+13:00[Pacific/Auckland],Yes
C,22,2026-02-25T14:08:58+13:00[Pacific/Auckland],2026-02-25T14:09:20+13:00[Pacific/Auckland],Yes
D,16,2026-02-25T14:09:20+13:00[Pacific/Auckland],2026-02-25T14:09:36+13:00[Pacific/Auckland],Yes
<A>,11,2026-02-25T14:09:36+13:00[Pacific/Auckland],2026-02-25T14:09:47+13:00[Pacific/Auckland],Yes
B,16,2026-02-25T14:09:47+13:00[Pacific/Auckland],2026-02-25T14:10:03+13:00[Pacific/Auckland],Yes
C,19,2026-02-25T14:10:03+13:00[Pacific/Auckland],2026-02-25T14:10:22+13:00[Pacific/Auckland],Yes
<A>,17,2026-02-25T14:10:22+13:00[Pacific/Auckland],2026-02-25T14:10:39+13:00[Pacific/Auckland],Yes
B,16,2026-02-25T14:10:39+13:00[Pacific/Auckland],2026-02-25T14:10:55+13:00[Pacific/Auckland],Yes
C,21,2026-02-25T14:10:55+13:00[Pacific/Auckland],2026-02-25T14:11:16+13:00[Pacific/Auckland],Yes
D,15,2026-02-25T14:11:16+13:00[Pacific/Auckland],2026-02-25T14:11:31+13:00[Pacific/Auckland],Yes
<A>,22,2026-02-25T14:11:31+13:00[Pacific/Auckland],2026-02-25T14:11:53+13:00[Pacific/Auckland],Yes
C,11,2026-02-25T14:11:53+13:00[Pacific/Auckland],2026-02-25T14:12:04+13:00[Pacific/Auckland],Yes
<A>,13,2026-02-25T14:12:04+13:00[Pacific/Auckland],2026-02-25T14:12:17+13:00[Pacific/Auckland],Yes
C,16,2026-02-25T14:12:17+13:00[Pacific/Auckland],2026-02-25T14:12:33+13:00[Pacific/Auckland],Yes
<A>,20,2026-02-25T14:12:33+13:00[Pacific/Auckland],2026-02-25T14:12:53+13:00[Pacific/Auckland],Yes
C,15,2026-02-25T14:12:53+13:00[Pacific/Auckland],2026-02-25T14:13:08+13:00[Pacific/Auckland],Yes
<A>,21,2026-02-25T14:13:08+13:00[Pacific/Auckland],2026-02-25T14:13:29+13:00[Pacific/Auckland],
C,30,2026-02-25T14:13:29+13:00[Pacific/Auckland],2026-02-25T14:13:59+13:00[Pacific/Auckland],Yes
<A>,18,2026-02-25T14:13:59+13:00[Pacific/Auckland],2026-02-25T14:14:17+13:00[Pacific/Auckland],Yes
C,17,2026-02-25T14:14:17+13:00[Pacific/Auckland],2026-02-25T14:14:34+13:00[Pacific/Auckland],Yes
<A>,14,2026-02-25T14:14:34+13:00[Pacific/Auckland],2026-02-25T14:14:48+13:00[Pacific/Auckland],Yes
C,13,2026-02-25T14:14:48+13:00[Pacific/Auckland],2026-02-25T14:15:01+13:00[Pacific/Auckland],Yes
<A>,14,2026-02-25T14:15:01+13:00[Pacific/Auckland],2026-02-25T14:15:15+13:00[Pacific/Auckland],Yes
C,14,2026-02-25T14:15:15+13:00[Pacific/Auckland],2026-02-25T14:15:29+13:00[Pacific/Auckland],Yes
D,20,2026-02-25T14:15:29+13:00[Pacific/Auckland],2026-02-25T14:15:49+13:00[Pacific/Auckland],Yes
<A>,11,2026-02-25T14:15:49+13:00[Pacific/Auckland],2026-02-25T14:16:00+13:00[Pacific/Auckland],Yes
C,21,2026-02-25T14:16:00+13:00[Pacific/Auckland],2026-02-25T14:16:21+13:00[Pacific/Auckland],Yes
<A>,17,2026-02-25T14:16:21+13:00[Pacific/Auckland],2026-02-25T14:16:38+13:00[Pacific/Auckland],Yes
C,18,2026-02-25T14:16:38+13:00[Pacific/Auckland],2026-02-25T14:16:56+13:00[Pacific/Auckland],Yes
D,16,2026-02-25T14:16:56+13:00[Pacific/Auckland],2026-02-25T14:17:12+13:00[Pacific/Auckland],Yes
<A>,11,2026-02-25T14:17:12+13:00[Pacific/Auckland],2026-02-25T14:17:23+13:00[Pacific/Auckland],Yes
B,16,2026-02-25T14:17:23+13:00[Pacific/Auckland],2026-02-25T14:17:39+13:00[Pacific/Auckland],Yes
D,16,2026-02-25T14:17:39+13:00[Pacific/Auckland],2026-02-25T14:17:55+13:00[Pacific/Auckland],Yes
<A>,12,2026-02-25T14:17:55+13:00[Pacific/Auckland],2026-02-25T14:18:07+13:00[Pacific/Auckland],Yes
B,16,2026-02-25T14:18:07+13:00[Pacific/Auckland],2026-02-25T14:18:23+13:00[Pacific/Auckland],Yes
C,32,2026-02-25T14:18:23+13:00[Pacific/Auckland],2026-02-25T14:18:55+13:00[Pacific/Auckland],Yes
D,17,2026-02-25T14:18:55+13:00[Pacific/Auckland],2026-02-25T14:19:12+13:00[Pacific/Auckland],Yes
<A>,19,2026-02-25T14:19:12+13:00[Pacific/Auckland],2026-02-25T14:19:31+13:00[Pacific/Auckland],Yes
B,16,2026-02-25T14:19:31+13:00[Pacific/Auckland],2026-02-25T14:19:47+13:00[Pacific/Auckland],Yes
C,31,2026-02-25T14:19:47+13:00[Pacific/Auckland],2026-02-25T14:20:18+13:00[Pacific/Auckland],Yes
<A>,17,2026-02-25T14:20:18+13:00[Pacific/Auckland],2026-02-25T14:20:35+13:00[Pacific/Auckland],Yes
B,16,2026-02-25T14:20:35+13:00[Pacific/Auckland],2026-02-25T14:20:51+13:00[Pacific/Auckland],Yes
C,22,2026-02-25T14:20:51+13:00[Pacific/Auckland],2026-02-25T14:21:13+13:00[Pacific/Auckland],Yes
<A>,20,2026-02-25T14:21:13+13:00[Pacific/Auckland],2026-02-25T14:21:33+13:00[Pacific/Auckland],Yes
C,20,2026-02-25T14:21:33+13:00[Pacific/Auckland],2026-02-25T14:21:53+13:00[Pacific/Auckland],Yes
D,16,2026-02-25T14:21:53+13:00[Pacific/Auckland],2026-02-25T14:22:09+13:00[Pacific/Auckland],Yes
<A>,33,2026-02-25T14:22:09+13:00[Pacific/Auckland],2026-02-25T14:22:42+13:00[Pacific/Auckland],
B,16,2026-02-25T14:22:42+13:00[Pacific/Auckland],2026-02-25T14:22:58+13:00[Pacific/Auckland],Yes
C,18,2026-02-25T14:22:58+13:00[Pacific/Auckland],2026-02-25T14:23:16+13:00[Pacific/Auckland],Yes
<A>,22,2026-02-25T14:23:16+13:00[Pacific/Auckland],2026-02-25T14:23:38+13:00[Pacific/Auckland],Yes
C,18,2026-02-25T14:23:38+13:00[Pacific/Auckland],2026-02-25T14:23:56+13:00[Pacific/Auckland],Yes
D,16,2026-02-25T14:23:56+13:00[Pacific/Auckland],2026-02-25T14:24:12+13:00[Pacific/Auckland],Yes
<A>,11,2026-02-25T14:24:12+13:00[Pacific/Auckland],2026-02-25T14:24:23+13:00[Pacific/Auckland],Yes
B,16,2026-02-25T14:24:23+13:00[Pacific/Auckland],2026-02-25T14:24:39+13:00[Pacific/Auckland],Yes
C,18,2026-02-25T14:24:39+13:00[Pacific/Auckland],2026-02-25T14:24:57+13:00[Pacific/Auckland],Yes
<A>,12,2026-02-25T14:24:57+13:00[Pacific/Auckland],2026-02-25T14:25:09+13:00[Pacific/Auckland],Yes
C,23,2026-02-25T14:25:09+13:00[Pacific/Auckland],2026-02-25T14:25:32+13:00[Pacific/Auckland],Yes
<A>,13,2026-02-25T14:25:32+13:00[Pacific/Auckland],2026-02-25T14:25:45+13:00[Pacific/Auckland],Yes
C,19,2026-02-25T14:25:45+13:00[Pacific/Auckland],2026-02-25T14:26:04+13:00[Pacific/Auckland],Yes
D,16,2026-02-25T14:26:04+13:00[Pacific/Auckland],2026-02-25T14:26:20+13:00[Pacific/Auckland],Yes
<A>,19,2026-02-25T14:26:20+13:00[Pacific/Auckland],2026-02-25T14:26:39+13:00[Pacific/Auckland],Yes
C,42,2026-02-25T14:26:39+13:00[Pacific/Auckland],2026-02-25T14:27:21+13:00[Pacific/Auckland],Yes
D,16,2026-02-25T14:27:21+13:00[Pacific/Auckland],2026-02-25T14:27:37+13:00[Pacific/Auckland],Yes
<A>,33,2026-02-25T14:27:37+13:00[Pacific/Auckland],2026-02-25T14:28:10+13:00[Pacific/Auckland],Yes
B,16,2026-02-25T14:28:10+13:00[Pacific/Auckland],2026-02-25T14:28:26+13:00[Pacific/Auckland],Yes
C,22,2026-02-25T14:28:26+13:00[Pacific/Auckland],2026-02-25T14:28:48+13:00[Pacific/Auckland],Yes
D,16,2026-02-25T14:28:48+13:00[Pacific/Auckland],2026-02-25T14:29:04+13:00[Pacific/Auckland],Yes
<A>,14,2026-02-25T14:29:04+13:00[Pacific/Auckland],2026-02-25T14:29:18+13:00[Pacific/Auckland],Yes
B,18,2026-02-25T14:29:18+13:00[Pacific/Auckland],2026-02-25T14:29:36+13:00[Pacific/Auckland],Yes
C,25,2026-02-25T14:29:36+13:00[Pacific/Auckland],2026-02-25T14:30:01+13:00[Pacific/Auckland],Yes
<A>,21,2026-02-25T14:30:01+13:00[Pacific/Auckland],2026-02-25T14:30:22+13:00[Pacific/Auckland],Yes
C,13,2026-02-25T14:30:22+13:00[Pacific/Auckland],2026-02-25T14:30:35+13:00[Pacific/Auckland],Yes
<A>,21,2026-02-25T14:30:35+13:00[Pacific/Auckland],2026-02-25T14:30:56+13:00[Pacific/Auckland],
C,16,2026-02-25T14:30:56+13:00[Pacific/Auckland],2026-02-25T14:31:12+13:00[Pacific/Auckland],Yes
<A>,21,2026-02-25T14:31:12+13:00[Pacific/Auckland],2026-02-25T14:31:33+13:00[Pacific/Auckland],Yes
C,20,2026-02-25T14:31:33+13:00[Pacific/Auckland],2026-02-25T14:31:53+13:00[Pacific/Auckland],Yes
<A>,21,2026-02-25T14:31:53+13:00[Pacific/Auckland],2026-02-25T14:32:14+13:00[Pacific/Auckland],
D,21,2026-02-25T14:32:14+13:00[Pacific/Auckland],2026-02-25T14:32:35+13:00[Pacific/Auckland],Yes
<A>,17,2026-02-25T14:32:35+13:00[Pacific/Auckland],2026-02-25T14:32:52+13:00[Pacific/Auckland],Yes
B,16,2026-02-25T14:32:52+13:00[Pacific/Auckland],2026-02-25T14:33:08+13:00[Pacific/Auckland],Yes
C,24,2026-02-25T14:33:08+13:00[Pacific/Auckland],2026-02-25T14:33:32+13:00[Pacific/Auckland],Yes
D,16,2026-02-25T14:33:32+13:00[Pacific/Auckland],2026-02-25T14:33:48+13:00[Pacific/Auckland],Yes
<A>,11,2026-02-25T14:33:48+13:00[Pacific/Auckland],2026-02-25T14:33:59+13:00[Pacific/Auckland],Yes
C,38,2026-02-25T14:33:59+13:00[Pacific/Auckland],2026-02-25T14:34:37+13:00[Pacific/Auckland],Yes
D,15,2026-02-25T14:34:37+13:00[Pacific/Auckland],2026-02-25T14:34:52+13:00[Pacific/Auckland],Yes
<A>,19,2026-02-25T14:34:52+13:00[Pacific/Auckland],2026-02-25T14:35:11+13:00[Pacific/Auckland],Yes
B,17,2026-02-25T14:35:11+13:00[Pacific/Auckland],2026-02-25T14:35:28+13:00[Pacific/Auckland],Yes
C,16,2026-02-25T14:35:28+13:00[Pacific/Auckland],2026-02-25T14:35:44+13:00[Pacific/Auckland],Yes
D,16,2026-02-25T14:35:44+13:00[Pacific/Auckland],2026-02-25T14:36:00+13:00[Pacific/Auckland],Yes
<A>,23,2026-02-25T14:36:00+13:00[Pacific/Auckland],2026-02-25T14:36:23+13:00[Pacific/Auckland],Yes
B,16,2026-02-25T14:36:23+13:00[Pacific/Auckland],2026-02-25T14:36:39+13:00[Pacific/Auckland],Yes
C,16,2026-02-25T14:36:39+13:00[Pacific/Auckland],2026-02-25T14:36:55+13:00[Pacific/Auckland],Yes
D,16,2026-02-25T14:36:55+13:00[Pacific/Auckland],2026-02-25T14:37:11+13:00[Pacific/Auckland],Yes
<A>,23,2026-02-25T14:37:11+13:00[Pacific/Auckland],2026-02-25T14:37:34+13:00[Pacific/Auckland],Yes
B,17,2026-02-25T14:37:34+13:00[Pacific/Auckland],2026-02-25T14:37:51+13:00[Pacific/Auckland],Yes
C,25,2026-02-25T14:37:51+13:00[Pacific/Auckland],2026-02-25T14:38:16+13:00[Pacific/Auckland],Yes
<A>,24,2026-02-25T14:38:16+13:00[Pacific/Auckland],2026-02-25T14:38:40+13:00[Pacific/Auckland],Yes
C,23,2026-02-25T14:38:40+13:00[Pacific/Auckland],2026-02-25T14:39:03+13:00[Pacific/Auckland],Yes
D,16,2026-02-25T14:39:03+13:00[Pacific/Auckland],2026-02-25T14:39:19+13:00[Pacific/Auckland],Yes
<A>,16,2026-02-25T14:39:19+13:00[Pacific/Auckland],2026-02-25T14:39:35+13:00[Pacific/Auckland],Yes
C,17,2026-02-25T14:39:35+13:00[Pacific/Auckland],2026-02-25T14:39:52+13:00[Pacific/Auckland],Yes
D,17,2026-02-25T14:39:52+13:00[Pacific/Auckland],2026-02-25T14:40:09+13:00[Pacific/Auckland],Yes
<A>,13,2026-02-25T14:40:09+13:00[Pacific/Auckland],2026-02-25T14:40:22+13:00[Pacific/Auckland],Yes
C,24,2026-02-25T14:40:22+13:00[Pacific/Auckland],2026-02-25T14:40:46+13:00[Pacific/Auckland],Yes
<A>,21,2026-02-25T14:40:46+13:00[Pacific/Auckland],2026-02-25T14:41:07+13:00[Pacific/Auckland],
C,18,2026-02-25T14:41:07+13:00[Pacific/Auckland],2026-02-25T14:41:25+13:00[Pacific/Auckland],Yes
D,16,2026-02-25T14:41:25+13:00[Pacific/Auckland],2026-02-25T14:41:41+13:00[Pacific/Auckland],Yes
<A>,12,2026-02-25T14:41:41+13:00[Pacific/Auckland],2026-02-25T14:41:53+13:00[Pacific/Auckland],Yes
B,16,2026-02-25T14:41:53+13:00[Pacific/Auckland],2026-02-25T14:42:09+13:00[Pacific/Auckland],Yes
C,17,2026-02-25T14:42:09+13:00[Pacific/Auckland],2026-02-25T14:42:26+13:00[Pacific/Auckland],Yes
<A>,16,2026-02-25T14:42:26+13:00[Pacific/Auckland],2026-02-25T14:42:42+13:00[Pacific/Auckland],Yes
C,16,2026-02-25T14:42:42+13:00[Pacific/Auckland],2026-02-25T14:42:58+13:00[Pacific/Auckland],Yes
<A>,21,2026-02-25T14:42:58+13:00[Pacific/Auckland],2026-02-25T14:43:19+13:00[Pacific/Auckland],
B,16,2026-02-25T14:43:19+13:00[Pacific/Auckland],2026-02-25T14:43:35+13:00[Pacific/Auckland],Yes
C,25,2026-02-25T14:43:35+13:00[Pacific/Auckland],2026-02-25T14:44:00+13:00[Pacific/Auckland],Yes
D,18,2026-02-25T14:44:00+13:00[Pacific/Auckland],2026-02-25T14:44:18+13:00[Pacific/Auckland],Yes
<A>,17,2026-02-25T14:44:18+13:00[Pacific/Auckland],2026-02-25T14:44:35+13:00[Pacific/Auckland],Yes
B,17,2026-02-25T14:44:35+13:00[Pacific/Auckland],2026-02-25T14:44:52+13:00[Pacific/Auckland],Yes
C,24,2026-02-25T14:44:52+13:00[Pacific/Auckland],2026-02-25T14:45:16+13:00[Pacific/Auckland],Yes
<A>,18,2026-02-25T14:45:16+13:00[Pacific/Auckland],2026-02-25T14:45:34+13:00[Pacific/Auckland],Yes
C,13,2026-02-25T14:45:34+13:00[Pacific/Auckland],2026-02-25T14:45:47+13:00[Pacific/Auckland],Yes
<A>,15,2026-02-25T14:45:47+13:00[Pacific/Auckland],2026-02-25T14:46:02+13:00[Pacific/Auckland],Yes
C,21,2026-02-25T14:46:02+13:00[Pacific/Auckland],2026-02-25T14:46:23+13:00[Pacific/Auckland],Yes
<A>,18,2026-02-25T14:46:23+13:00[Pacific/Auckland],2026-02-25T14:46:41+13:00[Pacific/Auckland],Yes
C,31,2026-02-25T14:46:41+13:00[Pacific/Auckland],2026-02-25T14:47:12+13:00[Pacific/Auckland],Yes
D,16,2026-02-25T14:47:12+13:00[Pacific/Auckland],2026-02-25T14:47:28+13:00[Pacific/Auckland],Yes
<A>,15,2026-02-25T14:47:28+13:00[Pacific/Auckland],2026-02-25T14:47:43+13:00[Pacific/Auckland],Yes
C,19,2026-02-25T14:47:43+13:00[Pacific/Auckland],2026-02-25T14:48:02+13:00[Pacific/Auckland],Yes
<A>,18,2026-02-25T14:48:02+13:00[Pacific/Auckland],2026-02-25T14:48:20+13:00[Pacific/Auckland],Yes
C,24,2026-02-25T14:48:20+13:00[Pacific/Auckland],2026-02-25T14:48:44+13:00[Pacific/Auckland],Yes
D,16,2026-02-25T14:48:44+13:00[Pacific/Auckland],2026-02-25T14:49:00+13:00[Pacific/Auckland],Yes
<A>,20,2026-02-25T14:49:00+13:00[Pacific/Auckland],2026-02-25T14:49:20+13:00[Pacific/Auckland],Yes
C,30,2026-02-25T14:49:20+13:00[Pacific/Auckland],2026-02-25T14:49:50+13:00[Pacific/Auckland],Yes
<A>,16,2026-02-25T14:49:50+13:00[Pacific/Auckland],2026-02-25T14:50:06+13:00[Pacific/Auckland],Yes
C,22,2026-02-25T14:50:06+13:00[Pacific/Auckland],2026-02-25T14:50:28+13:00[Pacific/Auckland],Yes
D,20,2026-02-25T14:50:28+13:00[Pacific/Auckland],2026-02-25T14:50:48+13:00[Pacific/Auckland],Yes
<A>,21,2026-02-25T14:50:48+13:00[Pacific/Auckland],2026-02-25T14:51:09+13:00[Pacific/Auckland],
B,16,2026-02-25T14:51:09+13:00[Pacific/Auckland],2026-02-25T14:51:25+13:00[Pacific/Auckland],Yes
C,26,2026-02-25T14:51:25+13:00[Pacific/Auckland],2026-02-25T14:51:51+13:00[Pacific/Auckland],Yes
<A>,12,2026-02-25T14:51:51+13:00[Pacific/Auckland],2026-02-25T14:52:03+13:00[Pacific/Auckland],Yes
B,17,2026-02-25T14:52:03+13:00[Pacific/Auckland],2026-02-25T14:52:20+13:00[Pacific/Auckland],Yes
C,26,2026-02-25T14:52:20+13:00[Pacific/Auckland],2026-02-25T14:52:46+13:00[Pacific/Auckland],Yes
D,15,2026-02-25T14:52:46+13:00[Pacific/Auckland],2026-02-25T14:53:01+13:00[Pacific/Auckland],Yes
<A>,30,2026-02-25T14:53:01+13:00[Pacific/Auckland],2026-02-25T14:53:31+13:00[Pacific/Auckland],Yes
C,37,2026-02-25T14:53:31+13:00[Pacific/Auckland],2026-02-25T14:54:08+13:00[Pacific/Auckland],Yes
D,16,2026-02-25T14:54:08+13:00[Pacific/Auckland],2026-02-25T14:54:24+13:00[Pacific/Auckland],Yes
<A>,35,2026-02-25T14:54:24+13:00[Pacific/Auckland],2026-02-25T14:54:59+13:00[Pacific/Auckland],Yes
B,16,2026-02-25T14:54:59+13:00[Pacific/Auckland],2026-02-25T14:55:15+13:00[Pacific/Auckland],Yes
C,29,2026-02-25T14:55:15+13:00[Pacific/Auckland],2026-02-25T14:55:44+13:00[Pacific/Auckland],Yes
D,16,2026-02-25T14:55:44+13:00[Pacific/Auckland],2026-02-25T14:56:00+13:00[Pacific/Auckland],Yes
<A>,15,2026-02-25T14:56:00+13:00[Pacific/Auckland],2026-02-25T14:56:15+13:00[Pacific/Auckland],Yes
B,16,2026-02-25T14:56:15+13:00[Pacific/Auckland],2026-02-25T14:56:31+13:00[Pacific/Auckland],Yes
C,22,2026-02-25T14:56:31+13:00[Pacific/Auckland],2026-02-25T14:56:53+13:00[Pacific/Auckland],Yes
D,17,2026-02-25T14:56:53+13:00[Pacific/Auckland],2026-02-25T14:57:10+13:00[Pacific/Auckland],Yes
<A>,11,2026-02-25T14:57:10+13:00[Pacific/Auckland],2026-02-25T14:57:21+13:00[Pacific/Auckland],Yes
B,16,2026-02-25T14:57:21+13:00[Pacific/Auckland],2026-02-25T14:57:37+13:00[Pacific/Auckland],Yes
C,19,2026-02-25T14:57:37+13:00[Pacific/Auckland],2026-02-25T14:57:56+13:00[Pacific/Auckland],Yes
<A>,20,2026-02-25T14:57:56+13:00[Pacific/Auckland],2026-02-25T14:58:16+13:00[Pacific/Auckland],Yes
B,19,2026-02-25T14:58:16+13:00[Pacific/Auckland],2026-02-25T14:58:35+13:00[Pacific/Auckland],Yes
C,27,2026-02-25T14:58:35+13:00[Pacific/Auckland],2026-02-25T14:59:02+13:00[Pacific/Auckland],Yes
<A>,17,2026-02-25T14:59:02+13:00[Pacific/Auckland],2026-02-25T14:59:19+13:00[Pacific/Auckland],Yes
B,16,2026-02-25T14:59:19+13:00[Pacific/Auckland],2026-02-25T14:59:35+13:00[Pacific/Auckland],Yes
C,17,2026-02-25T14:59:35+13:00[Pacific/Auckland],2026-02-25T14:59:52+13:00[Pacific/Auckland],Yes
<A>,25,2026-02-25T14:59:52+13:00[Pacific/Auckland],2026-02-25T15:00:17+13:00[Pacific/Auckland],Yes
B,17,2026-02-25T15:00:17+13:00[Pacific/Auckland],2026-02-25T15:00:34+13:00[Pacific/Auckland],Yes
C,26,2026-02-25T15:00:34+13:00[Pacific/Auckland],2026-02-25T15:01:00+13:00[Pacific/Auckland],Yes
D,15,2026-02-25T15:01:00+13:00[Pacific/Auckland],2026-02-25T15:01:15+13:00[Pacific/Auckland],Yes
<A>,28,2026-02-25T15:01:15+13:00[Pacific/Auckland],2026-02-25T15:01:43+13:00[Pacific/Auckland],Yes
B,16,2026-02-25T15:01:43+13:00[Pacific/Auckland],2026-02-25T15:01:59+13:00[Pacific/Auckland],Yes
C,20,2026-02-25T15:01:59+13:00[Pacific/Auckland],2026-02-25T15:02:19+13:00[Pacific/Auckland],Yes
D,15,2026-02-25T15:02:19+13:00[Pacific/Auckland],2026-02-25T15:02:34+13:00[Pacific/Auckland],Yes
<A>,14,2026-02-25T15:02:34+13:00[Pacific/Auckland],2026-02-25T15:02:48+13:00[Pacific/Auckland],Yes
C,30,2026-02-25T15:02:48+13:00[Pacific/Auckland],2026-02-25T15:03:18+13:00[Pacific/Auckland],Yes
<A>,21,2026-02-25T15:03:18+13:00[Pacific/Auckland],2026-02-25T15:03:39+13:00[Pacific/Auckland],
B,19,2026-02-25T15:03:39+13:00[Pacific/Auckland],2026-02-25T15:03:58+13:00[Pacific/Auckland],Yes
C,18,2026-02-25T15:03:58+13:00[Pacific/Auckland],2026-02-25T15:04:16+13:00[Pacific/Auckland],Yes
D,16,2026-02-25T15:04:16+13:00[Pacific/Auckland],2026-02-25T15:04:32+13:00[Pacific/Auckland],Yes
<A>,19,2026-02-25T15:04:32+13:00[Pacific/Auckland],2026-02-25T15:04:51+13:00[Pacific/Auckland],Yes
C,24,2026-02-25T15:04:51+13:00[Pacific/Auckland],2026-02-25T15:05:15+13:00[Pacific/Auckland],Yes
D,16,2026-02-25T15:05:15+13:00[Pacific/Auckland],2026-02-25T15:05:31+13:00[Pacific/Auckland],Yes
<A>,23,2026-02-25T15:05:31+13:00[Pacific/Auckland],2026-02-25T15:05:54+13:00[Pacific/Auckland],Yes
B,17,2026-02-25T15:05:54+13:00[Pacific/Auckland],2026-02-25T15:06:11+13:00[Pacific/Auckland],Yes
C,18,2026-02-25T15:06:11+13:00[Pacific/Auckland],2026-02-25T15:06:29+13:00[Pacific/Auckland],Yes
D,20,2026-02-25T15:06:29+13:00[Pacific/Auckland],2026-02-25T15:06:49+13:00[Pacific/Auckland],Yes
<A>,20,2026-02-25T15:06:49+13:00[Pacific/Auckland],2026-02-25T15:07:09+13:00[Pacific/Auckland],Yes
B,16,2026-02-25T15:07:09+13:00[Pacific/Auckland],2026-02-25T15:07:25+13:00[Pacific/Auckland],Yes
C,26,2026-02-25T15:07:25+13:00[Pacific/Auckland],2026-02-25T15:07:51+13:00[Pacific/Auckland],Yes
<A>,22,2026-02-25T15:07:51+13:00[Pacific/Auckland],2026-02-25T15:08:13+13:00[Pacific/Auckland],Yes
C,19,2026-02-25T15:08:13+13:00[Pacific/Auckland],2026-02-25T15:08:32+13:00[Pacific/Auckland],Yes
<A>,21,2026-02-25T15:08:32+13:00[Pacific/Auckland],2026-02-25T15:08:53+13:00[Pacific/Auckland],
B,16,2026-02-25T15:08:53+13:00[Pacific/Auckland],2026-02-25T15:09:09+13:00[Pacific/Auckland],Yes
C,28,2026-02-25T15:09:09+13:00[Pacific/Auckland],2026-02-25T15:09:37+13:00[Pacific/Auckland],Yes
D,19,2026-02-25T15:09:37+13:00[Pacific/Auckland],2026-02-25T15:09:56+13:00[Pacific/Auckland],Yes
<A>,27,2026-02-25T15:09:56+13:00[Pacific/Auckland],2026-02-25T15:10:23+13:00[Pacific/Auckland],Yes
C,44,2026-02-25T15:10:23+13:00[Pacific/Auckland],2026-02-25T15:11:07+13:00[Pacific/Auckland],Yes
<A>,24,2026-02-25T15:11:07+13:00[Pacific/Auckland],2026-02-25T15:11:31+13:00[Pacific/Auckland],Yes
C,30,2026-02-25T15:11:31+13:00[Pacific/Auckland],2026-02-25T15:12:01+13:00[Pacific/Auckland],Yes
<A>,18,2026-02-25T15:12:01+13:00[Pacific/Auckland],2026-02-25T15:12:19+13:00[Pacific/Auckland],Yes
B,23,2026-02-25T15:12:19+13:00[Pacific/Auckland],2026-02-25T15:12:42+13:00[Pacific/Auckland],Yes
C,26,2026-02-25T15:12:42+13:00[Pacific/Auckland],2026-02-25T15:13:08+13:00[Pacific/Auckland],Yes
<A>,41,2026-02-25T15:13:08+13:00[Pacific/Auckland],2026-02-25T15:13:49+13:00[Pacific/Auckland],Yes
C,33,2026-02-25T15:13:49+13:00[Pacific/Auckland],2026-02-25T15:14:22+13:00[Pacific/Auckland],Yes
D,16,2026-02-25T15:14:22+13:00[Pacific/Auckland],2026-02-25T15:14:38+13:00[Pacific/Auckland],Yes
<A>,28,2026-02-25T15:14:38+13:00[Pacific/Auckland],2026-02-25T15:15:06+13:00[Pacific/Auckland],Yes
C,20,2026-02-25T15:15:06+13:00[Pacific/Auckland],2026-02-25T15:15:26+13:00[Pacific/Auckland],Yes
<A>,21,2026-02-25T15:15:26+13:00[Pacific/Auckland],2026-02-25T15:15:47+13:00[Pacific/Auckland],
C,49,2026-02-25T15:15:47+13:00[Pacific/Auckland],2026-02-25T15:16:36+13:00[Pacific/Auckland],Yes
<A>,28,2026-02-25T15:16:36+13:00[Pacific/Auckland],2026-02-25T15:17:04+13:00[Pacific/Auckland],Yes
C,24,2026-02-25T15:17:04+13:00[Pacific/Auckland],2026-02-25T15:17:28+13:00[Pacific/Auckland],Yes
<A>,18,2026-02-25T15:17:28+13:00[Pacific/Auckland],2026-02-25T15:17:46+13:00[Pacific/Auckland],Yes
C,25,2026-02-25T15:17:46+13:00[Pacific/Auckland],2026-02-25T15:18:11+13:00[Pacific/Auckland],Yes
D,17,2026-02-25T15:18:11+13:00[Pacific/Auckland],2026-02-25T15:18:28+13:00[Pacific/Auckland],Yes
<A>,30,2026-02-25T15:18:28+13:00[Pacific/Auckland],2026-02-25T15:18:58+13:00[Pacific/Auckland],Yes
C,40,2026-02-25T15:18:58+13:00[Pacific/Auckland],2026-02-25T15:19:38+13:00[Pacific/Auckland],Yes
<A>,49,2026-02-25T15:19:38+13:00[Pacific/Auckland],2026-02-25T15:20:27+13:00[Pacific/Auckland],Yes
C,32,2026-02-25T15:20:27+13:00[Pacific/Auckland],2026-02-25T15:20:59+13:00[Pacific/Auckland],Yes
<A>,16,2026-02-25T15:20:59+13:00[Pacific/Auckland],2026-02-25T15:21:15+13:00[Pacific/Auckland],Yes
C,40,2026-02-25T15:21:15+13:00[Pacific/Auckland],2026-02-25T15:21:55+13:00[Pacific/Auckland],Yes
<A>,21,2026-02-25T15:21:55+13:00[Pacific/Auckland],2026-02-25T15:22:16+13:00[Pacific/Auckland],
C,30,2026-02-25T15:22:16+13:00[Pacific/Auckland],2026-02-25T15:22:46+13:00[Pacific/Auckland],Yes
D,17,2026-02-25T15:22:46+13:00[Pacific/Auckland],2026-02-25T15:23:03+13:00[Pacific/Auckland],Yes
<A>,18,2026-02-25T15:23:03+13:00[Pacific/Auckland],2026-02-25T15:23:21+13:00[Pacific/Auckland],Yes
B,16,2026-02-25T15:23:21+13:00[Pacific/Auckland],2026-02-25T15:23:37+13:00[Pacific/Auckland],Yes
C,22,2026-02-25T15:23:37+13:00[Pacific/Auckland],2026-02-25T15:23:59+13:00[Pacific/Auckland],Yes
D,20,2026-02-25T15:23:59+13:00[Pacific/Auckland],2026-02-25T15:24:19+13:00[Pacific/Auckland],Yes
<A>,22,2026-02-25T15:24:19+13:00[Pacific/Auckland],2026-02-25T15:24:41+13:00[Pacific/Auckland],Yes
B,16,2026-02-25T15:24:41+13:00[Pacific/Auckland],2026-02-25T15:24:57+13:00[Pacific/Auckland],Yes
C,33,2026-02-25T15:24:57+13:00[Pacific/Auckland],2026-02-25T15:25:30+13:00[Pacific/Auckland],Yes
<A>,27,2026-02-25T15:25:30+13:00[Pacific/Auckland],2026-02-25T15:25:57+13:00[Pacific/Auckland],Yes
C,17,2026-02-25T15:25:57+13:00[Pacific/Auckland],2026-02-25T15:26:14+13:00[Pacific/Auckland],Yes
<A>,17,2026-02-25T15:26:14+13:00[Pacific/Auckland],2026-02-25T15:26:31+13:00[Pacific/Auckland],Yes
B,17,2026-02-25T15:26:31+13:00[Pacific/Auckland],2026-02-25T15:26:48+13:00[Pacific/Auckland],Yes
C,23,2026-02-25T15:26:48+13:00[Pacific/Auckland],2026-02-25T15:27:11+13:00[Pacific/Auckland],Yes
<A>,19,2026-02-25T15:27:11+13:00[Pacific/Auckland],2026-02-25T15:27:30+13:00[Pacific/Auckland],Yes
C,21,2026-02-25T15:27:30+13:00[Pacific/Auckland],2026-02-25T15:27:51+13:00[Pacific/Auckland],Yes
<A>,16,2026-02-25T15:27:51+13:00[Pacific/Auckland],2026-02-25T15:28:07+13:00[Pacific/Auckland],Yes
C,13,2026-02-25T15:28:07+13:00[Pacific/Auckland],2026-02-25T15:28:20+13:00[Pacific/Auckland],Yes
D,16,2026-02-25T15:28:20+13:00[Pacific/Auckland],2026-02-25T15:28:36+13:00[Pacific/Auckland],Yes
<A>,12,2026-02-25T15:28:36+13:00[Pacific/Auckland],2026-02-25T15:28:48+13:00[Pacific/Auckland],Yes
B,16,2026-02-25T15:28:48+13:00[Pacific/Auckland],2026-02-25T15:29:04+13:00[Pacific/Auckland],Yes
C,21,2026-02-25T15:29:04+13:00[Pacific/Auckland],2026-02-25T15:29:25+13:00[Pacific/Auckland],Yes
D,15,2026-02-25T15:29:25+13:00[Pacific/Auckland],2026-02-25T15:29:40+13:00[Pacific/Auckland],Yes
<A>,28,2026-02-25T15:29:40+13:00[Pacific/Auckland],2026-02-25T15:30:08+13:00[Pacific/Auckland],Yes
C,29,2026-02-25T15:30:08+13:00[Pacific/Auckland],2026-02-25T15:30:37+13:00[Pacific/Auckland],Yes
<A>,21,2026-02-25T15:30:37+13:00[Pacific/Auckland],2026-02-25T15:30:58+13:00[Pacific/Auckland],
C,29,2026-02-25T15:30:58+13:00[Pacific/Auckland],2026-02-25T15:31:27+13:00[Pacific/Auckland],Yes
D,16,2026-02-25T15:31:27+13:00[Pacific/Auckland],2026-02-25T15:31:43+13:00[Pacific/Auckland],Yes
<A>,21,2026-02-25T15:31:43+13:00[Pacific/Auckland],2026-02-25T15:32:04+13:00[Pacific/Auckland],Yes
B,18,2026-02-25T15:32:04+13:00[Pacific/Auckland],2026-02-25T15:32:22+13:00[Pacific/Auckland],Yes
C,28,2026-02-25T15:32:22+13:00[Pacific/Auckland],2026-02-25T15:32:50+13:00[Pacific/Auckland],Yes
<A>,19,2026-02-25T15:32:50+13:00[Pacific/Auckland],2026-02-25T15:33:09+13:00[Pacific/Auckland],Yes
C,28,2026-02-25T15:33:09+13:00[Pacific/Auckland],2026-02-25T15:33:37+13:00[Pacific/Auckland],Yes
<A>,21,2026-02-25T15:33:37+13:00[Pacific/Auckland],2026-02-25T15:33:58+13:00[Pacific/Auckland],
C,34,2026-02-25T15:33:58+13:00[Pacific/Auckland],2026-02-25T15:34:32+13:00[Pacific/Auckland],Yes
<A>,17,2026-02-25T15:34:32+13:00[Pacific/Auckland],2026-02-25T15:34:49+13:00[Pacific/Auckland],Yes
C,56,2026-02-25T15:34:49+13:00[Pacific/Auckland],2026-02-25T15:35:45+13:00[Pacific/Auckland],Yes
<A>,31,2026-02-25T15:35:45+13:00[Pacific/Auckland],2026-02-25T15:36:16+13:00[Pacific/Auckland],Yes
C,45,2026-02-25T15:36:16+13:00[Pacific/Auckland],2026-02-25T15:37:01+13:00[Pacific/Auckland],Yes
D,23,2026-02-25T15:37:01+13:00[Pacific/Auckland],2026-02-25T15:37:24+13:00[Pacific/Auckland],Yes
<A>,34,2026-02-25T15:37:24+13:00[Pacific/Auckland],2026-02-25T15:37:58+13:00[Pacific/Auckland],Yes
B,18,2026-02-25T15:37:58+13:00[Pacific/Auckland],2026-02-25T15:38:16+13:00[Pacific/Auckland],Yes
C,33,2026-02-25T15:38:16+13:00[Pacific/Auckland],2026-02-25T15:38:49+13:00[Pacific/Auckland],Yes
<A>,12,2026-02-25T15:38:49+13:00[Pacific/Auckland],2026-02-25T15:39:01+13:00[Pacific/Auckland],Yes
C,18,2026-02-25T15:39:01+13:00[Pacific/Auckland],2026-02-25T15:39:19+13:00[Pacific/Auckland],Yes
D,16,2026-02-25T15:39:19+13:00[Pacific/Auckland],2026-02-25T15:39:35+13:00[Pacific/Auckland],Yes
<A>,18,2026-02-25T15:39:35+13:00[Pacific/Auckland],2026-02-25T15:39:53+13:00[Pacific/Auckland],Yes
C,26,2026-02-25T15:39:53+13:00[Pacific/Auckland],2026-02-25T15:40:19+13:00[Pacific/Auckland],Yes
D,16,2026-02-25T15:40:19+13:00[Pacific/Auckland],2026-02-25T15:40:35+13:00[Pacific/Auckland],Yes
<A>,17,2026-02-25T15:40:35+13:00[Pacific/Auckland],2026-02-25T15:40:52+13:00[Pacific/Auckland],Yes
B,16,2026-02-25T15:40:52+13:00[Pacific/Auckland],2026-02-25T15:41:08+13:00[Pacific/Auckland],Yes
C,18,2026-02-25T15:41:08+13:00[Pacific/Auckland],2026-02-25T15:41:26+13:00[Pacific/Auckland],Yes
<A>,31,2026-02-25T15:41:26+13:00[Pacific/Auckland],2026-02-25T15:41:57+13:00[Pacific/Auckland],Yes
B,16,2026-02-25T15:41:57+13:00[Pacific/Auckland],2026-02-25T15:42:13+13:00[Pacific/Auckland],Yes
C,31,2026-02-25T15:42:13+13:00[Pacific/Auckland],2026-02-25T15:42:44+13:00[Pacific/Auckland],Yes
D,16,2026-02-25T15:42:44+13:00[Pacific/Auckland],2026-02-25T15:43:00+13:00[Pacific/Auckland],Yes
<A>,12,2026-02-25T15:43:00+13:00[Pacific/Auckland],2026-02-25T15:43:12+13:00[Pacific/Auckland],Yes
C,19,2026-02-25T15:43:12+13:00[Pacific/Auckland],2026-02-25T15:43:31+13:00[Pacific/Auckland],Yes
D,16,2026-02-25T15:43:31+13:00[Pacific/Auckland],2026-02-25T15:43:47+13:00[Pacific/Auckland],Yes
<A>,17,2026-02-25T15:43:47+13:00[Pacific/Auckland],2026-02-25T15:44:04+13:00[Pacific/Auckland],Yes
B,17,2026-02-25T15:44:04+13:00[Pacific/Auckland],2026-02-25T15:44:21+13:00[Pacific/Auckland],Yes
C,30,2026-02-25T15:44:21+13:00[Pacific/Auckland],2026-02-25T15:44:51+13:00[Pacific/Auckland],Yes
D,16,2026-02-25T15:44:51+13:00[Pacific/Auckland],2026-02-25T15:45:07+13:00[Pacific/Auckland],Yes
<A>,20,2026-02-25T15:45:07+13:00[Pacific/Auckland],2026-02-25T15:45:27+13:00[Pacific/Auckland],Yes
C,27,2026-02-25T15:45:27+13:00[Pacific/Auckland],2026-02-25T15:45:54+13:00[Pacific/Auckland],Yes
<A>,31,2026-02-25T15:45:54+13:00[Pacific/Auckland],2026-02-25T15:46:25+13:00[Pacific/Auckland],Yes
C,17,2026-02-25T15:46:25+13:00[Pacific/Auckland],2026-02-25T15:46:42+13:00[Pacific/Auckland],Yes
D,16,2026-02-25T15:46:42+13:00[Pacific/Auckland],2026-02-25T15:46:58+13:00[Pacific/Auckland],Yes
<A>,11,2026-02-25T15:46:58+13:00[Pacific/Auckland],2026-02-25T15:47:09+13:00[Pacific/Auckland],Yes
B,16,2026-02-25T15:47:09+13:00[Pacific/Auckland],2026-02-25T15:47:25+13:00[Pacific/Auckland],Yes
C,17,2026-02-25T15:47:25+13:00[Pacific/Auckland],2026-02-25T15:47:42+13:00[Pacific/Auckland],Yes
<A>,18,2026-02-25T15:47:42+13:00[Pacific/Auckland],2026-02-25T15:48:00+13:00[Pacific/Auckland],Yes
C,17,2026-02-25T15:48:00+13:00[Pacific/Auckland],2026-02-25T15:48:17+13:00[Pacific/Auckland],Yes
<A>,21,2026-02-25T15:48:17+13:00[Pacific/Auckland],2026-02-25T15:48:38+13:00[Pacific/Auckland],
B,16,2026-02-25T15:48:38+13:00[Pacific/Auckland],2026-02-25T15:48:54+13:00[Pacific/Auckland],Yes
C,27,2026-02-25T15:48:54+13:00[Pacific/Auckland],2026-02-25T15:49:21+13:00[Pacific/Auckland],Yes
D,16,2026-02-25T15:49:21+13:00[Pacific/Auckland],2026-02-25T15:49:37+13:00[Pacific/Auckland],Yes
<A>,21,2026-02-25T15:49:37+13:00[Pacific/Auckland],2026-02-25T15:49:58+13:00[Pacific/Auckland],Yes
C,26,2026-02-25T15:49:58+13:00[Pacific/Auckland],2026-02-25T15:50:24+13:00[Pacific/Auckland],Yes
D,16,2026-02-25T15:50:24+13:00[Pacific/Auckland],2026-02-25T15:50:40+13:00[Pacific/Auckland],Yes
<A>,17,2026-02-25T15:50:40+13:00[Pacific/Auckland],2026-02-25T15:50:57+13:00[Pacific/Auckland],Yes
C,32,2026-02-25T15:50:57+13:00[Pacific/Auckland],2026-02-25T15:51:29+13:00[Pacific/Auckland],Yes
D,16,2026-02-25T15:51:29+13:00[Pacific/Auckland],2026-02-25T15:51:45+13:00[Pacific/Auckland],Yes
<A>,17,2026-02-25T15:51:45+13:00[Pacific/Auckland],2026-02-25T15:52:02+13:00[Pacific/Auckland],Yes
C,29,2026-02-25T15:52:02+13:00[Pacific/Auckland],2026-02-25T15:52:31+13:00[Pacific/Auckland],Yes
D,16,2026-02-25T15:52:31+13:00[Pacific/Auckland],2026-02-25T15:52:47+13:00[Pacific/Auckland],Yes
<A>,12,2026-02-25T15:52:47+13:00[Pacific/Auckland],2026-02-25T15:52:59+13:00[Pacific/Auckland],Yes
C,25,2026-02-25T15:52:59+13:00[Pacific/Auckland],2026-02-25T15:53:24+13:00[Pacific/Auckland],Yes
<A>,29,2026-02-25T15:53:24+13:00[Pacific/Auckland],2026-02-25T15:53:53+13:00[Pacific/Auckland],
B,16,2026-02-25T15:53:53+13:00[Pacific/Auckland],2026-02-25T15:54:09+13:00[Pacific/Auckland],Yes
C,27,2026-02-25T15:54:09+13:00[Pacific/Auckland],2026-02-25T15:54:36+13:00[Pacific/Auckland],Yes
D,16,2026-02-25T15:54:36+13:00[Pacific/Auckland],2026-02-25T15:54:52+13:00[Pacific/Auckland],Yes
<A>,20,2026-02-25T15:54:52+13:00[Pacific/Auckland],2026-02-25T15:55:12+13:00[Pacific/Auckland],Yes
C,21,2026-02-25T15:55:12+13:00[Pacific/Auckland],2026-02-25T15:55:33+13:00[Pacific/Auckland],Yes
<A>,23,2026-02-25T15:55:33+13:00[Pacific/Auckland],2026-02-25T15:55:56+13:00[Pacific/Auckland],Yes
B,17,2026-02-25T15:55:56+13:00[Pacific/Auckland],2026-02-25T15:56:13+13:00[Pacific/Auckland],Yes
C,28,2026-02-25T15:56:13+13:00[Pacific/Auckland],2026-02-25T15:56:41+13:00[Pacific/Auckland],Yes
D,17,2026-02-25T15:56:41+13:00[Pacific/Auckland],2026-02-25T15:56:58+13:00[Pacific/Auckland],Yes
<A>,28,2026-02-25T15:56:58+13:00[Pacific/Auckland],2026-02-25T15:57:26+13:00[Pacific/Auckland],Yes
C,32,2026-02-25T15:57:26+13:00[Pacific/Auckland],2026-02-25T15:57:58+13:00[Pacific/Auckland],Yes
<A>,18,2026-02-25T15:57:58+13:00[Pacific/Auckland],2026-02-25T15:58:16+13:00[Pacific/Auckland],Yes
C,16,2026-02-25T15:58:16+13:00[Pacific/Auckland],2026-02-25T15:58:32+13:00[Pacific/Auckland],Yes
D,16,2026-02-25T15:58:32+13:00[Pacific/Auckland],2026-02-25T15:58:48+13:00[Pacific/Auckland],Yes
<A>,13,2026-02-25T15:58:48+13:00[Pacific/Auckland],2026-02-25T15:59:01+13:00[Pacific/Auckland],Yes
C,17,2026-02-25T15:59:01+13:00[Pacific/Auckland],2026-02-25T15:59:18+13:00[Pacific/Auckland],Yes
<A>,22,2026-02-25T15:59:18+13:00[Pacific/Auckland],2026-02-25T15:59:40+13:00[Pacific/Auckland],Yes
C,29,2026-02-25T15:59:40+13:00[Pacific/Auckland],2026-02-25T16:00:09+13:00[Pacific/Auckland],Yes
D,16,2026-02-25T16:00:09+13:00[Pacific/Auckland],2026-02-25T16:00:25+13:00[Pacific/Auckland],Yes
<A>,19,2026-02-25T16:00:25+13:00[Pacific/Auckland],2026-02-25T16:00:44+13:00[Pacific/Auckland],Yes
B,18,2026-02-25T16:00:44+13:00[Pacific/Auckland],2026-02-25T16:01:02+13:00[Pacific/Auckland],Yes
C,21,2026-02-25T16:01:02+13:00[Pacific/Auckland],2026-02-25T16:01:23+13:00[Pacific/Auckland],Yes
<A>,33,2026-02-25T16:01:23+13:00[Pacific/Auckland],2026-02-25T16:01:56+13:00[Pacific/Auckland],Yes
C,19,2026-02-25T16:01:56+13:00[Pacific/Auckland],2026-02-25T16:02:15+13:00[Pacific/Auckland],Yes
<A>,16,2026-02-25T16:02:15+13:00[Pacific/Auckland],2026-02-25T16:02:31+13:00[Pacific/Auckland],Yes
C,30,2026-02-25T16:02:31+13:00[Pacific/Auckland],2026-02-25T16:03:01+13:00[Pacific/Auckland],Yes
D,16,2026-02-25T16:03:01+13:00[Pacific/Auckland],2026-02-25T16:03:17+13:00[Pacific/Auckland],Yes
<A>,11,2026-02-25T16:03:17+13:00[Pacific/Auckland],2026-02-25T16:03:28+13:00[Pacific/Auckland],Yes
C,16,2026-02-25T16:03:28+13:00[Pacific/Auckland],2026-02-25T16:03:44+13:00[Pacific/Auckland],Yes
D,16,2026-02-25T16:03:44+13:00[Pacific/Auckland],2026-02-25T16:04:00+13:00[Pacific/Auckland],Yes
<A>,17,2026-02-25T16:04:00+13:00[Pacific/Auckland],2026-02-25T16:04:17+13:00[Pacific/Auckland],Yes
C,28,2026-02-25T16:04:17+13:00[Pacific/Auckland],2026-02-25T16:04:45+13:00[Pacific/Auckland],Yes
<A>,31,2026-02-25T16:04:45+13:00[Pacific/Auckland],2026-02-25T16:05:16+13:00[Pacific/Auckland],Yes
C,17,2026-02-25T16:05:16+13:00[Pacific/Auckland],2026-02-25T16:05:33+13:00[Pacific/Auckland],Yes
D,16,2026-02-25T16:05:33+13:00[Pacific/Auckland],2026-02-25T16:05:49+13:00[Pacific/Auckland],Yes
<A>,16,2026-02-25T16:05:49+13:00[Pacific/Auckland],2026-02-25T16:06:05+13:00[Pacific/Auckland],Yes
C,20,2026-02-25T16:06:05+13:00[Pacific/Auckland],2026-02-25T16:06:25+13:00[Pacific/Auckland],Yes
<A>,21,2026-02-25T16:06:25+13:00[Pacific/Auckland],2026-02-25T16:06:46+13:00[Pacific/Auckland],Yes
B,16,2026-02-25T16:06:46+13:00[Pacific/Auckland],2026-02-25T16:07:02+13:00[Pacific/Auckland],Yes
C,17,2026-02-25T16:07:02+13:00[Pacific/Auckland],2026-02-25T16:07:19+13:00[Pacific/Auckland],Yes
<A>,15,2026-02-25T16:07:19+13:00[Pacific/Auckland],2026-02-25T16:07:34+13:00[Pacific/Auckland],Yes
C,18,2026-02-25T16:07:34+13:00[Pacific/Auckland],2026-02-25T16:07:52+13:00[Pacific/Auckland],Yes
<A>,14,2026-02-25T16:07:52+13:00[Pacific/Auckland],2026-02-25T16:08:06+13:00[Pacific/Auckland],Yes
C,13,2026-02-25T16:08:06+13:00[Pacific/Auckland],2026-02-25T16:08:19+13:00[Pacific/Auckland],Yes
<A>,12,2026-02-25T16:08:19+13:00[Pacific/Auckland],2026-02-25T16:08:31+13:00[Pacific/Auckland],Yes
D,18,2026-02-25T16:08:31+13:00[Pacific/Auckland],2026-02-25T16:08:49+13:00[Pacific/Auckland],Yes
<A>,25,2026-02-25T16:08:49+13:00[Pacific/Auckland],2026-02-25T16:09:14+13:00[Pacific/Auckland],Yes
C,20,2026-02-25T16:09:14+13:00[Pacific/Auckland],2026-02-25T16:09:34+13:00[Pacific/Auckland],Yes
<A>,11,2026-02-25T16:09:34+13:00[Pacific/Auckland],2026-02-25T16:09:45+13:00[Pacific/Auckland],Yes
C,18,2026-02-25T16:09:45+13:00[Pacific/Auckland],2026-02-25T16:10:03+13:00[Pacific/Auckland],Yes
<A>,20,2026-02-25T16:10:03+13:00[Pacific/Auckland],2026-02-25T16:10:23+13:00[Pacific/Auckland],
B,16,2026-02-25T16:10:23+13:00[Pacific/Auckland],2026-02-25T16:10:39+13:00[Pacific/Auckland],Yes
C,23,2026-02-25T16:10:39+13:00[Pacific/Auckland],2026-02-25T16:11:02+13:00[Pacific/Auckland],Yes
<A>,21,2026-02-25T16:11:02+13:00[Pacific/Auckland],2026-02-25T16:11:23+13:00[Pacific/Auckland],Yes
B,16,2026-02-25T16:11:23+13:00[Pacific/Auckland],2026-02-25T16:11:39+13:00[Pacific/Auckland],Yes
C,22,2026-02-25T16:11:39+13:00[Pacific/Auckland],2026-02-25T16:12:01+13:00[Pacific/Auckland],Yes
<A>,26,2026-02-25T16:12:01+13:00[Pacific/Auckland],2026-02-25T16:12:27+13:00[Pacific/Auckland],Yes
B,16,2026-02-25T16:12:27+13:00[Pacific/Auckland],2026-02-25T16:12:43+13:00[Pacific/Auckland],Yes
C,18,2026-02-25T16:12:43+13:00[Pacific/Auckland],2026-02-25T16:13:01+13:00[Pacific/Auckland],Yes
D,16,2026-02-25T16:13:01+13:00[Pacific/Auckland],2026-02-25T16:13:17+13:00[Pacific/Auckland],Yes
<A>,23,2026-02-25T16:13:17+13:00[Pacific/Auckland],2026-02-25T16:13:40+13:00[Pacific/Auckland],Yes
C,35,2026-02-25T16:13:40+13:00[Pacific/Auckland],2026-02-25T16:14:15+13:00[Pacific/Auckland],Yes
<A>,19,2026-02-25T16:14:15+13:00[Pacific/Auckland],2026-02-25T16:14:34+13:00[Pacific/Auckland],Yes
C,23,2026-02-25T16:14:34+13:00[Pacific/Auckland],2026-02-25T16:14:57+13:00[Pacific/Auckland],Yes
<A>,13,2026-02-25T16:14:57+13:00[Pacific/Auckland],2026-02-25T16:15:10+13:00[Pacific/Auckland],Yes
C,27,2026-02-25T16:15:10+13:00[Pacific/Auckland],2026-02-25T16:15:37+13:00[Pacific/Auckland],Yes
<A>,33,2026-02-25T16:15:37+13:00[Pacific/Auckland],2026-02-25T16:16:10+13:00[Pacific/Auckland],Yes
B,17,2026-02-25T16:16:10+13:00[Pacific/Auckland],2026-02-25T16:16:27+13:00[Pacific/Auckland],Yes
C,24,2026-02-25T16:16:27+13:00[Pacific/Auckland],2026-02-25T16:16:51+13:00[Pacific/Auckland],Yes
D,15,2026-02-25T16:16:51+13:00[Pacific/Auckland],2026-02-25T16:17:06+13:00[Pacific/Auckland],Yes
<A>,24,2026-02-25T16:17:06+13:00[Pacific/Auckland],2026-02-25T16:17:30+13:00[Pacific/Auckland],Yes
C,37,2026-02-25T16:17:30+13:00[Pacific/Auckland],2026-02-25T16:18:07+13:00[Pacific/Auckland],Yes
<A>,19,2026-02-25T16:18:07+13:00[Pacific/Auckland],2026-02-25T16:18:26+13:00[Pacific/Auckland],Yes
C,19,2026-02-25T16:18:26+13:00[Pacific/Auckland],2026-02-25T16:18:45+13:00[Pacific/Auckland],Yes
D,15,2026-02-25T16:18:45+13:00[Pacific/Auckland],2026-02-25T16:19:00+13:00[Pacific/Auckland],Yes
<A>,19,2026-02-25T16:19:00+13:00[Pacific/Auckland],2026-02-25T16:19:19+13:00[Pacific/Auckland],Yes
C,24,2026-02-25T16:19:19+13:00[Pacific/Auckland],2026-02-25T16:19:43+13:00[Pacific/Auckland],Yes
<A>,25,2026-02-25T16:19:43+13:00[Pacific/Auckland],2026-02-25T16:20:08+13:00[Pacific/Auckland],Yes
C,27,2026-02-25T16:20:08+13:00[Pacific/Auckland],2026-02-25T16:20:35+13:00[Pacific/Auckland],Yes
<A>,21,2026-02-25T16:20:35+13:00[Pacific/Auckland],2026-02-25T16:20:56+13:00[Pacific/Auckland],
B,17,2026-02-25T16:20:56+13:00[Pacific/Auckland],2026-02-25T16:21:13+13:00[Pacific/Auckland],Yes
C,16,2026-02-25T16:21:13+13:00[Pacific/Auckland],2026-02-25T16:21:29+13:00[Pacific/Auckland],Yes
D,16,2026-02-25T16:21:29+13:00[Pacific/Auckland],2026-02-25T16:21:45+13:00[Pacific/Auckland],Yes
<A>,12,2026-02-25T16:21:45+13:00[Pacific/Auckland],2026-02-25T16:21:57+13:00[Pacific/Auckland],Yes
C,17,2026-02-25T16:21:57+13:00[Pacific/Auckland],2026-02-25T16:22:14+13:00[Pacific/Auckland],Yes
D,16,2026-02-25T16:22:14+13:00[Pacific/Auckland],2026-02-25T16:22:30+13:00[Pacific/Auckland],Yes
<A>,15,2026-02-25T16:22:30+13:00[Pacific/Auckland],2026-02-25T16:22:45+13:00[Pacific/Auckland],Yes
C,25,2026-02-25T16:22:45+13:00[Pacific/Auckland],2026-02-25T16:23:10+13:00[Pacific/Auckland],Yes
<A>,20,2026-02-25T16:23:10+13:00[Pacific/Auckland],2026-02-25T16:23:30+13:00[Pacific/Auckland],Yes
C,12,2026-02-25T16:23:30+13:00[Pacific/Auckland],2026-02-25T16:23:42+13:00[Pacific/Auckland],Yes
<A>,28,2026-02-25T16:23:42+13:00[Pacific/Auckland],2026-02-25T16:24:10+13:00[Pacific/Auckland],
B,18,2026-02-25T16:24:10+13:00[Pacific/Auckland],2026-02-25T16:24:28+13:00[Pacific/Auckland],Yes
C,16,2026-02-25T16:24:28+13:00[Pacific/Auckland],2026-02-25T16:24:44+13:00[Pacific/Auckland],Yes
D,19,2026-02-25T16:24:44+13:00[Pacific/Auckland],2026-02-25T16:25:03+13:00[Pacific/Auckland],Yes
<A>,21,2026-02-25T16:25:03+13:00[Pacific/Auckland],2026-02-25T16:25:24+13:00[Pacific/Auckland],Yes
C,30,2026-02-25T16:25:24+13:00[Pacific/Auckland],2026-02-25T16:25:54+13:00[Pacific/Auckland],Yes
<A>,23,2026-02-25T16:25:54+13:00[Pacific/Auckland],2026-02-25T16:26:17+13:00[Pacific/Auckland],Yes
B,16,2026-02-25T16:26:17+13:00[Pacific/Auckland],2026-02-25T16:26:33+13:00[Pacific/Auckland],Yes
C,19,2026-02-25T16:26:33+13:00[Pacific/Auckland],2026-02-25T16:26:52+13:00[Pacific/Auckland],Yes
<A>,22,2026-02-25T16:26:52+13:00[Pacific/Auckland],2026-02-25T16:27:14+13:00[Pacific/Auckland],Yes
D,17,2026-02-25T16:27:14+13:00[Pacific/Auckland],2026-02-25T16:27:31+13:00[Pacific/Auckland],Yes
<A>,21,2026-02-25T16:27:31+13:00[Pacific/Auckland],2026-02-25T16:27:52+13:00[Pacific/Auckland],
C,20,2026-02-25T16:27:52+13:00[Pacific/Auckland],2026-02-25T16:28:12+13:00[Pacific/Auckland],Yes
<A>,13,2026-02-25T16:28:12+13:00[Pacific/Auckland],2026-02-25T16:28:25+13:00[Pacific/Auckland],Yes
C,20,2026-02-25T16:28:25+13:00[Pacific/Auckland],2026-02-25T16:28:45+13:00[Pacific/Auckland],Yes
D,16,2026-02-25T16:28:45+13:00[Pacific/Auckland],2026-02-25T16:29:01+13:00[Pacific/Auckland],Yes
<A>,20,2026-02-25T16:29:01+13:00[Pacific/Auckland],2026-02-25T16:29:21+13:00[Pacific/Auckland],Yes
B,17,2026-02-25T16:29:21+13:00[Pacific/Auckland],2026-02-25T16:29:38+13:00[Pacific/Auckland],Yes
C,21,2026-02-25T16:29:38+13:00[Pacific/Auckland],2026-02-25T16:29:59+13:00[Pacific/Auckland],Yes
<A>,27,2026-02-25T16:29:59+13:00[Pacific/Auckland],2026-02-25T16:30:26+13:00[Pacific/Auckland],Yes
B,16,2026-02-25T16:30:26+13:00[Pacific/Auckland],2026-02-25T16:30:42+13:00[Pacific/Auckland],Yes
C,22,2026-02-25T16:30:42+13:00[Pacific/Auckland],2026-02-25T16:31:04+13:00[Pacific/Auckland],Yes
D,15,2026-02-25T16:31:04+13:00[Pacific/Auckland],2026-02-25T16:31:19+13:00[Pacific/Auckland],Yes
<A>,12,2026-02-25T16:31:19+13:00[Pacific/Auckland],2026-02-25T16:31:31+13:00[Pacific/Auckland],Yes
C,29,2026-02-25T16:31:31+13:00[Pacific/Auckland],2026-02-25T16:32:00+13:00[Pacific/Auckland],Yes
<A>,21,2026-02-25T16:32:00+13:00[Pacific/Auckland],2026-02-25T16:32:21+13:00[Pacific/Auckland],
B,16,2026-02-25T16:32:21+13:00[Pacific/Auckland],2026-02-25T16:32:37+13:00[Pacific/Auckland],Yes
C,20,2026-02-25T16:32:37+13:00[Pacific/Auckland],2026-02-25T16:32:57+13:00[Pacific/Auckland],Yes
D,16,2026-02-25T16:32:57+13:00[Pacific/Auckland],2026-02-25T16:33:13+13:00[Pacific/Auckland],Yes
<A>,17,2026-02-25T16:33:13+13:00[Pacific/Auckland],2026-02-25T16:33:30+13:00[Pacific/Auckland],Yes
C,27,2026-02-25T16:33:30+13:00[Pacific/Auckland],2026-02-25T16:33:57+13:00[Pacific/Auckland],Yes
<A>,20,2026-02-25T16:33:57+13:00[Pacific/Auckland],2026-02-25T16:34:17+13:00[Pacific/Auckland],
C,25,2026-02-25T16:34:17+13:00[Pacific/Auckland],2026-02-25T16:34:42+13:00[Pacific/Auckland],Yes
D,16,2026-02-25T16:34:42+13:00[Pacific/Auckland],2026-02-25T16:34:58+13:00[Pacific/Auckland],Yes
<A>,11,2026-02-25T16:34:58+13:00[Pacific/Auckland],2026-02-25T16:35:09+13:00[Pacific/Auckland],Yes
C,35,2026-02-25T16:35:09+13:00[Pacific/Auckland],2026-02-25T16:35:44+13:00[Pacific/Auckland],Yes
<A>,21,2026-02-25T16:35:44+13:00[Pacific/Auckland],2026-02-25T16:36:05+13:00[Pacific/Auckland],
B,16,2026-02-25T16:36:05+13:00[Pacific/Auckland],2026-02-25T16:36:21+13:00[Pacific/Auckland],Yes
C,20,2026-02-25T16:36:21+13:00[Pacific/Auckland],2026-02-25T16:36:41+13:00[Pacific/Auckland],Yes
<A>,44,2026-02-25T16:36:41+13:00[Pacific/Auckland],2026-02-25T16:37:25+13:00[Pacific/Auckland],Yes
C,33,2026-02-25T16:37:25+13:00[Pacific/Auckland],2026-02-25T16:37:58+13:00[Pacific/Auckland],Yes
D,16,2026-02-25T16:37:58+13:00[Pacific/Auckland],2026-02-25T16:38:14+13:00[Pacific/Auckland],Yes
<A>,21,2026-02-25T16:38:14+13:00[Pacific/Auckland],2026-02-25T16:38:35+13:00[Pacific/Auckland],Yes
C,26,2026-02-25T16:38:35+13:00[Pacific/Auckland],2026-02-25T16:39:01+13:00[Pacific/Auckland],Yes
<A>,21,2026-02-25T16:39:01+13:00[Pacific/Auckland],2026-02-25T16:39:22+13:00[Pacific/Auckland],
C,35,2026-02-25T16:39:22+13:00[Pacific/Auckland],2026-02-25T16:39:57+13:00[Pacific/Auckland],Yes
D,15,2026-02-25T16:39:57+13:00[Pacific/Auckland],2026-02-25T16:40:12+13:00[Pacific/Auckland],Yes
<A>,26,2026-02-25T16:40:12+13:00[Pacific/Auckland],2026-02-25T16:40:38+13:00[Pacific/Auckland],Yes
C,30,2026-02-25T16:40:38+13:00[Pacific/Auckland],2026-02-25T16:41:08+13:00[Pacific/Auckland],Yes
D,16,2026-02-25T16:41:08+13:00[Pacific/Auckland],2026-02-25T16:41:24+13:00[Pacific/Auckland],Yes
<A>,15,2026-02-25T16:41:24+13:00[Pacific/Auckland],2026-02-25T16:41:39+13:00[Pacific/Auckland],Yes
C,18,2026-02-25T16:41:39+13:00[Pacific/Auckland],2026-02-25T16:41:57+13:00[Pacific/Auckland],Yes
<A>,31,2026-02-25T16:41:57+13:00[Pacific/Auckland],2026-02-25T16:42:28+13:00[Pacific/Auckland],
C,20,2026-02-25T16:42:28+13:00[Pacific/Auckland],2026-02-25T16:42:48+13:00[Pacific/Auckland],Yes
<A>,21,2026-02-25T16:42:48+13:00[Pacific/Auckland],2026-02-25T16:43:09+13:00[Pacific/Auckland],Yes
C,30,2026-02-25T16:43:09+13:00[Pacific/Auckland],2026-02-25T16:43:39+13:00[Pacific/Auckland],Yes
<A>,21,2026-02-25T16:43:39+13:00[Pacific/Auckland],2026-02-25T16:44:00+13:00[Pacific/Auckland],
C,27,2026-02-25T16:44:00+13:00[Pacific/Auckland],2026-02-25T16:44:27+13:00[Pacific/Auckland],Yes
<A>,51,2026-02-25T16:44:27+13:00[Pacific/Auckland],2026-02-25T16:45:18+13:00[Pacific/Auckland],Yes
C,19,2026-02-25T16:45:18+13:00[Pacific/Auckland],2026-02-25T16:45:37+13:00[Pacific/Auckland],Yes
<A>,16,2026-02-25T16:45:37+13:00[Pacific/Auckland],2026-02-25T16:45:53+13:00[Pacific/Auckland],Yes
B,17,2026-02-25T16:45:53+13:00[Pacific/Auckland],2026-02-25T16:46:10+13:00[Pacific/Auckland],Yes
C,21,2026-02-25T16:46:10+13:00[Pacific/Auckland],2026-02-25T16:46:31+13:00[Pacific/Auckland],Yes
D,16,2026-02-25T16:46:31+13:00[Pacific/Auckland],2026-02-25T16:46:47+13:00[Pacific/Auckland],Yes
<A>,12,2026-02-25T16:46:47+13:00[Pacific/Auckland],2026-02-25T16:46:59+13:00[Pacific/Auckland],Yes
C,25,2026-02-25T16:46:59+13:00[Pacific/Auckland],2026-02-25T16:47:24+13:00[Pacific/Auckland],Yes
<A>,21,2026-02-25T16:47:24+13:00[Pacific/Auckland],2026-02-25T16:47:45+13:00[Pacific/Auckland],
C,24,2026-02-25T16:47:45+13:00[Pacific/Auckland],2026-02-25T16:48:09+13:00[Pacific/Auckland],Yes
D,16,2026-02-25T16:48:09+13:00[Pacific/Auckland],2026-02-25T16:48:25+13:00[Pacific/Auckland],Yes
<A>,18,2026-02-25T16:48:25+13:00[Pacific/Auckland],2026-02-25T16:48:43+13:00[Pacific/Auckland],Yes
B,16,2026-02-25T16:48:43+13:00[Pacific/Auckland],2026-02-25T16:48:59+13:00[Pacific/Auckland],Yes
C,24,2026-02-25T16:48:59+13:00[Pacific/Auckland],2026-02-25T16:49:23+13:00[Pacific/Auckland],Yes
D,16,2026-02-25T16:49:23+13:00[Pacific/Auckland],2026-02-25T16:49:39+13:00[Pacific/Auckland],Yes
<A>,24,2026-02-25T16:49:39+13:00[Pacific/Auckland],2026-02-25T16:50:03+13:00[Pacific/Auckland],Yes
B,17,2026-02-25T16:50:03+13:00[Pacific/Auckland],2026-02-25T16:50:20+13:00[Pacific/Auckland],Yes
C,36,2026-02-25T16:50:20+13:00[Pacific/Auckland],2026-02-25T16:50:56+13:00[Pacific/Auckland],
D,16,2026-02-25T16:50:56+13:00[Pacific/Auckland],2026-02-25T16:51:12+13:00[Pacific/Auckland],Yes
<A>,27,2026-02-25T16:51:12+13:00[Pacific/Auckland],2026-02-25T16:51:39+13:00[Pacific/Auckland],Yes
C,18,2026-02-25T16:51:39+13:00[Pacific/Auckland],2026-02-25T16:51:57+13:00[Pacific/Auckland],Yes
D,16,2026-02-25T16:51:57+13:00[Pacific/Auckland],2026-02-25T16:52:13+13:00[Pacific/Auckland],Yes
<A>,20,2026-02-25T16:52:13+13:00[Pacific/Auckland],2026-02-25T16:52:33+13:00[Pacific/Auckland],Yes
B,16,2026-02-25T16:52:33+13:00[Pacific/Auckland],2026-02-25T16:52:49+13:00[Pacific/Auckland],Yes
C,26,2026-02-25T16:52:49+13:00[Pacific/Auckland],2026-02-25T16:53:15+13:00[Pacific/Auckland],Yes
<A>,28,2026-02-25T16:53:15+13:00[Pacific/Auckland],2026-02-25T16:53:43+13:00[Pacific/Auckland],Yes
C,22,2026-02-25T16:53:43+13:00[Pacific/Auckland],2026-02-25T16:54:05+13:00[Pacific/Auckland],Yes
D,16,2026-02-25T16:54:05+13:00[Pacific/Auckland],2026-02-25T16:54:21+13:00[Pacific/Auckland],Yes
<A>,22,2026-02-25T16:54:21+13:00[Pacific/Auckland],2026-02-25T16:54:43+13:00[Pacific/Auckland],Yes
B,16,2026-02-25T16:54:43+13:00[Pacific/Auckland],2026-02-25T16:54:59+13:00[Pacific/Auckland],Yes
C,16,2026-02-25T16:54:59+13:00[Pacific/Auckland],2026-02-25T16:55:15+13:00[Pacific/Auckland],Yes
<A>,17,2026-02-25T16:55:15+13:00[Pacific/Auckland],2026-02-25T16:55:32+13:00[Pacific/Auckland],Yes
C,18,2026-02-25T16:55:32+13:00[Pacific/Auckland],2026-02-25T16:55:50+13:00[Pacific/Auckland],Yes
<A>,20,2026-02-25T16:55:50+13:00[Pacific/Auckland],2026-02-25T16:56:10+13:00[Pacific/Auckland],Yes
B,19,2026-02-25T16:56:10+13:00[Pacific/Auckland],2026-02-25T16:56:29+13:00[Pacific/Auckland],Yes
C,18,2026-02-25T16:56:29+13:00[Pacific/Auckland],2026-02-25T16:56:47+13:00[Pacific/Auckland],Yes
<A>,14,2026-02-25T16:56:47+13:00[Pacific/Auckland],2026-02-25T16:57:01+13:00[Pacific/Auckland],Yes
C,16,2026-02-25T16:57:01+13:00[Pacific/Auckland],2026-02-25T16:57:17+13:00[Pacific/Auckland],Yes
<A>,21,2026-02-25T16:57:17+13:00[Pacific/Auckland],2026-02-25T16:57:38+13:00[Pacific/Auckland],
C,29,2026-02-25T16:57:38+13:00[Pacific/Auckland],2026-02-25T16:58:07+13:00[Pacific/Auckland],Yes
<A>,22,2026-02-25T16:58:07+13:00[Pacific/Auckland],2026-02-25T16:58:29+13:00[Pacific/Auckland],Yes
C,12,2026-02-25T16:58:29+13:00[Pacific/Auckland],2026-02-25T16:58:41+13:00[Pacific/Auckland],Yes
<A>,31,2026-02-25T16:58:41+13:00[Pacific/Auckland],2026-02-25T16:59:12+13:00[Pacific/Auckland],
C,28,2026-02-25T16:59:12+13:00[Pacific/Auckland],2026-02-25T16:59:40+13:00[Pacific/Auckland],Yes
D,15,2026-02-25T16:59:40+13:00[Pacific/Auckland],2026-02-25T16:59:55+13:00[Pacific/Auckland],Yes
<A>,19,2026-02-25T16:59:55+13:00[Pacific/Auckland],2026-02-25T17:00:14+13:00[Pacific/Auckland],Yes
C,35,2026-02-25T17:00:14+13:00[Pacific/Auckland],2026-02-25T17:00:49+13:00[Pacific/Auckland],Yes
D,15,2026-02-25T17:00:49+13:00[Pacific/Auckland],2026-02-25T17:01:04+13:00[Pacific/Auckland],Yes
<A>,18,2026-02-25T17:01:04+13:00[Pacific/Auckland],2026-02-25T17:01:22+13:00[Pacific/Auckland],Yes
C,21,2026-02-25T17:01:22+13:00[Pacific/Auckland],2026-02-25T17:01:43+13:00[Pacific/Auckland],Yes
D,17,2026-02-25T17:01:43+13:00[Pacific/Auckland],2026-02-25T17:02:00+13:00[Pacific/Auckland],Yes
<A>,22,2026-02-25T17:02:00+13:00[Pacific/Auckland],2026-02-25T17:02:22+13:00[Pacific/Auckland],Yes
B,16,2026-02-25T17:02:22+13:00[Pacific/Auckland],2026-02-25T17:02:38+13:00[Pacific/Auckland],Yes
C,22,2026-02-25T17:02:38+13:00[Pacific/Auckland],2026-02-25T17:03:00+13:00[Pacific/Auckland],Yes
<A>,25,2026-02-25T17:03:00+13:00[Pacific/Auckland],2026-02-25T17:03:25+13:00[Pacific/Auckland],Yes
C,25,2026-02-25T17:03:25+13:00[Pacific/Auckland],2026-02-25T17:03:50+13:00[Pacific/Auckland],Yes
<A>,16,2026-02-25T17:03:50+13:00[Pacific/Auckland],2026-02-25T17:04:06+13:00[Pacific/Auckland],Yes
B,18,2026-02-25T17:04:06+13:00[Pacific/Auckland],2026-02-25T17:04:24+13:00[Pacific/Auckland],Yes
C,18,2026-02-25T17:04:24+13:00[Pacific/Auckland],2026-02-25T17:04:42+13:00[Pacific/Auckland],Yes
<A>,27,2026-02-25T17:04:42+13:00[Pacific/Auckland],2026-02-25T17:05:09+13:00[Pacific/Auckland],Yes
C,31,2026-02-25T17:05:09+13:00[Pacific/Auckland],2026-02-25T17:05:40+13:00[Pacific/Auckland],Yes
<A>,18,2026-02-25T17:05:40+13:00[Pacific/Auckland],2026-02-25T17:05:58+13:00[Pacific/Auckland],Yes
B,16,2026-02-25T17:05:58+13:00[Pacific/Auckland],2026-02-25T17:06:14+13:00[Pacific/Auckland],Yes
C,34,2026-02-25T17:06:14+13:00[Pacific/Auckland],2026-02-25T17:06:48+13:00[Pacific/Auckland],Yes
D,15,2026-02-25T17:06:48+13:00[Pacific/Auckland],2026-02-25T17:07:03+13:00[Pacific/Auckland],Yes
<A>,30,2026-02-25T17:07:03+13:00[Pacific/Auckland],2026-02-25T17:07:33+13:00[Pacific/Auckland],Yes
C,19,2026-02-25T17:07:33+13:00[Pacific/Auckland],2026-02-25T17:07:52+13:00[Pacific/Auckland],Yes
<A>,11,2026-02-25T17:07:52+13:00[Pacific/Auckland],2026-02-25T17:08:03+13:00[Pacific/Auckland],Yes
B,16,2026-02-25T17:08:03+13:00[Pacific/Auckland],2026-02-25T17:08:19+13:00[Pacific/Auckland],Yes
C,17,2026-02-25T17:08:19+13:00[Pacific/Auckland],2026-02-25T17:08:36+13:00[Pacific/Auckland],Yes
<A>,35,2026-02-25T17:08:36+13:00[Pacific/Auckland],2026-02-25T17:09:11+13:00[Pacific/Auckland],Yes
B,17,2026-02-25T17:09:11+13:00[Pacific/Auckland],2026-02-25T17:09:28+13:00[Pacific/Auckland],Yes
C,16,2026-02-25T17:09:28+13:00[Pacific/Auckland],2026-02-25T17:09:44+13:00[Pacific/Auckland],Yes
<A>,32,2026-02-25T17:09:44+13:00[Pacific/Auckland],2026-02-25T17:10:16+13:00[Pacific/Auckland],Yes
C,25,2026-02-25T17:10:16+13:00[Pacific/Auckland],2026-02-25T17:10:41+13:00[Pacific/Auckland],Yes
D,16,2026-02-25T17:10:41+13:00[Pacific/Auckland],2026-02-25T17:10:57+13:00[Pacific/Auckland],Yes
<A>,23,2026-02-25T17:10:57+13:00[Pacific/Auckland],2026-02-25T17:11:20+13:00[Pacific/Auckland],Yes
B,16,2026-02-25T17:11:20+13:00[Pacific/Auckland],2026-02-25T17:11:36+13:00[Pacific/Auckland],Yes
C,29,2026-02-25T17:11:36+13:00[Pacific/Auckland],2026-02-25T17:12:05+13:00[Pacific/Auckland],Yes
D,16,2026-02-25T17:12:05+13:00[Pacific/Auckland],2026-02-25T17:12:21+13:00[Pacific/Auckland],Yes
<A>,26,2026-02-25T17:12:21+13:00[Pacific/Auckland],2026-02-25T17:12:47+13:00[Pacific/Auckland],Yes
B,17,2026-02-25T17:12:47+13:00[Pacific/Auckland],2026-02-25T17:13:04+13:00[Pacific/Auckland],Yes
C,21,2026-02-25T17:13:04+13:00[Pacific/Auckland],2026-02-25T17:13:25+13:00[Pacific/Auckland],Yes
<A>,28,2026-02-25T17:13:25+13:00[Pacific/Auckland],2026-02-25T17:13:53+13:00[Pacific/Auckland],Yes
B,17,2026-02-25T17:13:53+13:00[Pacific/Auckland],2026-02-25T17:14:10+13:00[Pacific/Auckland],Yes
C,29,2026-02-25T17:14:10+13:00[Pacific/Auckland],2026-02-25T17:14:39+13:00[Pacific/Auckland],Yes
<A>,30,2026-02-25T17:14:39+13:00[Pacific/Auckland],2026-02-25T17:15:09+13:00[Pacific/Auckland],Yes
C,35,2026-02-25T17:15:09+13:00[Pacific/Auckland],2026-02-25T17:15:44+13:00[Pacific/Auckland],Yes
D,16,2026-02-25T17:15:44+13:00[Pacific/Auckland],2026-02-25T17:16:00+13:00[Pacific/Auckland],Yes
<A>,17,2026-02-25T17:16:00+13:00[Pacific/Auckland],2026-02-25T17:16:17+13:00[Pacific/Auckland],Yes
B,16,2026-02-25T17:16:17+13:00[Pacific/Auckland],2026-02-25T17:16:33+13:00[Pacific/Auckland],Yes
C,27,2026-02-25T17:16:33+13:00[Pacific/Auckland],2026-02-25T17:17:00+13:00[Pacific/Auckland],Yes
<A>,32,2026-02-25T17:17:00+13:00[Pacific/Auckland],2026-02-25T17:17:32+13:00[Pacific/Auckland],Yes
B,19,2026-02-25T17:17:32+13:00[Pacific/Auckland],2026-02-25T17:17:51+13:00[Pacific/Auckland],Yes
C,17,2026-02-25T17:17:51+13:00[Pacific/Auckland],2026-02-25T17:18:08+13:00[Pacific/Auckland],Yes
<A>,22,2026-02-25T17:18:08+13:00[Pacific/Auckland],2026-02-25T17:18:30+13:00[Pacific/Auckland],Yes
C,30,2026-02-25T17:18:30+13:00[Pacific/Auckland],2026-02-25T17:19:00+13:00[Pacific/Auckland],Yes
<A>,22,2026-02-25T17:19:00+13:00[Pacific/Auckland],2026-02-25T17:19:22+13:00[Pacific/Auckland],
B,16,2026-02-25T17:19:22+13:00[Pacific/Auckland],2026-02-25T17:19:38+13:00[Pacific/Auckland],Yes
<A>,15,2026-02-25T17:19:38+13:00[Pacific/Auckland],2026-02-25T17:19:53+13:00[Pacific/Auckland],Yes
C,20,2026-02-25T17:19:53+13:00[Pacific/Auckland],2026-02-25T17:20:13+13:00[Pacific/Auckland],Yes
<A>,21,2026-02-25T17:20:13+13:00[Pacific/Auckland],2026-02-25T17:20:34+13:00[Pacific/Auckland],
C,24,2026-02-25T17:20:34+13:00[Pacific/Auckland],2026-02-25T17:20:58+13:00[Pacific/Auckland],Yes
D,16,2026-02-25T17:20:58+13:00[Pacific/Auckland],2026-02-25T17:21:14+13:00[Pacific/Auckland],Yes
<A>,14,2026-02-25T17:21:14+13:00[Pacific/Auckland],2026-02-25T17:21:28+13:00[Pacific/Auckland],Yes
C,14,2026-02-25T17:21:28+13:00[Pacific/Auckland],2026-02-25T17:21:42+13:00[Pacific/Auckland],Yes
<A>,21,2026-02-25T17:21:42+13:00[Pacific/Auckland],2026-02-25T17:22:03+13:00[Pacific/Auckland],
C,31,2026-02-25T17:22:03+13:00[Pacific/Auckland],2026-02-25T17:22:34+13:00[Pacific/Auckland],Yes
<A>,23,2026-02-25T17:22:34+13:00[Pacific/Auckland],2026-02-25T17:22:57+13:00[Pacific/Auckland],Yes
C,26,2026-02-25T17:22:57+13:00[Pacific/Auckland],2026-02-25T17:23:23+13:00[Pacific/Auckland],Yes
D,16,2026-02-25T17:23:23+13:00[Pacific/Auckland],2026-02-25T17:23:39+13:00[Pacific/Auckland],Yes
<A>,21,2026-02-25T17:23:39+13:00[Pacific/Auckland],2026-02-25T17:24:00+13:00[Pacific/Auckland],
C,30,2026-02-25T17:24:00+13:00[Pacific/Auckland],2026-02-25T17:24:30+13:00[Pacific/Auckland],Yes
<A>,22,2026-02-25T17:24:30+13:00[Pacific/Auckland],2026-02-25T17:24:52+13:00[Pacific/Auckland],Yes
C,26,2026-02-25T17:24:52+13:00[Pacific/Auckland],2026-02-25T17:25:18+13:00[Pacific/Auckland],Yes
<A>,21,2026-02-25T17:25:18+13:00[Pacific/Auckland],2026-02-25T17:25:39+13:00[Pacific/Auckland],
C,25,2026-02-25T17:25:39+13:00[Pacific/Auckland],2026-02-25T17:26:04+13:00[Pacific/Auckland],Yes
<A>,25,2026-02-25T17:26:04+13:00[Pacific/Auckland],2026-02-25T17:26:29+13:00[Pacific/Auckland],Yes
C,13,2026-02-25T17:26:29+13:00[Pacific/Auckland],2026-02-25T17:26:42+13:00[Pacific/Auckland],Yes
<A>,21,2026-02-25T17:26:42+13:00[Pacific/Auckland],2026-02-25T17:27:03+13:00[Pacific/Auckland],
C,25,2026-02-25T17:27:03+13:00[Pacific/Auckland],2026-02-25T17:27:28+13:00[Pacific/Auckland],Yes
<A>,22,2026-02-25T17:27:28+13:00[Pacific/Auckland],2026-02-25T17:27:50+13:00[Pacific/Auckland],Yes
C,25,2026-02-25T17:27:50+13:00[Pacific/Auckland],2026-02-25T17:28:15+13:00[Pacific/Auckland],Yes
<A>,21,2026-02-25T17:28:15+13:00[Pacific/Auckland],2026-02-25T17:28:36+13:00[Pacific/Auckland],
C,29,2026-02-25T17:28:36+13:00[Pacific/Auckland],2026-02-25T17:29:05+13:00[Pacific/Auckland],Yes
<A>,22,2026-02-25T17:29:05+13:00[Pacific/Auckland],2026-02-25T17:29:27+13:00[Pacific/Auckland],Yes
C,29,2026-02-25T17:29:27+13:00[Pacific/Auckland],2026-02-25T17:29:56+13:00[Pacific/Auckland],Yes
<A>,21,2026-02-25T17:29:56+13:00[Pacific/Auckland],2026-02-25T17:30:17+13:00[Pacific/Auckland],
C,19,2026-02-25T17:30:17+13:00[Pacific/Auckland],2026-02-25T17:30:36+13:00[Pacific/Auckland],Yes
D,16,2026-02-25T17:30:36+13:00[Pacific/Auckland],2026-02-25T17:30:52+13:00[Pacific/Auckland],Yes
<A>,27,2026-02-25T17:30:52+13:00[Pacific/Auckland],2026-02-25T17:31:19+13:00[Pacific/Auckland],Yes
C,25,2026-02-25T17:31:19+13:00[Pacific/Auckland],2026-02-25T17:31:44+13:00[Pacific/Auckland],Yes
<A>,16,2026-02-25T17:31:44+13:00[Pacific/Auckland],2026-02-25T17:32:00+13:00[Pacific/Auckland],Yes
B,16,2026-02-25T17:32:00+13:00[Pacific/Auckland],2026-02-25T17:32:16+13:00[Pacific/Auckland],Yes
C,22,2026-02-25T17:32:16+13:00[Pacific/Auckland],2026-02-25T17:32:38+13:00[Pacific/Auckland],Yes
D,17,2026-02-25T17:32:38+13:00[Pacific/Auckland],2026-02-25T17:32:55+13:00[Pacific/Auckland],Yes
<A>,14,2026-02-25T17:32:55+13:00[Pacific/Auckland],2026-02-25T17:33:09+13:00[Pacific/Auckland],Yes
B,16,2026-02-25T17:33:09+13:00[Pacific/Auckland],2026-02-25T17:33:25+13:00[Pacific/Auckland],Yes
C,17,2026-02-25T17:33:25+13:00[Pacific/Auckland],2026-02-25T17:33:42+13:00[Pacific/Auckland],Yes
<A>,21,2026-02-25T17:33:42+13:00[Pacific/Auckland],2026-02-25T17:34:03+13:00[Pacific/Auckland],Yes
C,26,2026-02-25T17:34:03+13:00[Pacific/Auckland],2026-02-25T17:34:29+13:00[Pacific/Auckland],Yes
D,16,2026-02-25T17:34:29+13:00[Pacific/Auckland],2026-02-25T17:34:45+13:00[Pacific/Auckland],Yes
<A>,18,2026-02-25T17:34:45+13:00[Pacific/Auckland],2026-02-25T17:35:03+13:00[Pacific/Auckland],Yes
B,21,2026-02-25T17:35:03+13:00[Pacific/Auckland],2026-02-25T17:35:24+13:00[Pacific/Auckland],Yes
C,18,2026-02-25T17:35:24+13:00[Pacific/Auckland],2026-02-25T17:35:42+13:00[Pacific/Auckland],Yes
<A>,29,2026-02-25T17:35:42+13:00[Pacific/Auckland],2026-02-25T17:36:11+13:00[Pacific/Auckland],Yes
C,26,2026-02-25T17:36:11+13:00[Pacific/Auckland],2026-02-25T17:36:37+13:00[Pacific/Auckland],Yes
<A>,15,2026-02-25T17:36:37+13:00[Pacific/Auckland],2026-02-25T17:36:52+13:00[Pacific/Auckland],Yes
C,32,2026-02-25T17:36:52+13:00[Pacific/Auckland],2026-02-25T17:37:24+13:00[Pacific/Auckland],Yes
D,16,2026-02-25T17:37:24+13:00[Pacific/Auckland],2026-02-25T17:37:40+13:00[Pacific/Auckland],Yes
<A>,17,2026-02-25T17:37:40+13:00[Pacific/Auckland],2026-02-25T17:37:57+13:00[Pacific/Auckland],Yes
B,17,2026-02-25T17:37:57+13:00[Pacific/Auckland],2026-02-25T17:38:14+13:00[Pacific/Auckland],Yes
C,18,2026-02-25T17:38:14+13:00[Pacific/Auckland],2026-02-25T17:38:32+13:00[Pacific/Auckland],Yes
<A>,16,2026-02-25T17:38:32+13:00[Pacific/Auckland],2026-02-25T17:38:48+13:00[Pacific/Auckland],Yes
B,16,2026-02-25T17:38:48+13:00[Pacific/Auckland],2026-02-25T17:39:04+13:00[Pacific/Auckland],Yes
<A>,19,2026-02-25T17:39:04+13:00[Pacific/Auckland],2026-02-25T17:39:23+13:00[Pacific/Auckland],Yes
B,16,2026-02-25T17:39:23+13:00[Pacific/Auckland],2026-02-25T17:39:39+13:00[Pacific/Auckland],Yes
C,21,2026-02-25T17:39:39+13:00[Pacific/Auckland],2026-02-25T17:40:00+13:00[Pacific/Auckland],Yes
<A>,24,2026-02-25T17:40:00+13:00[Pacific/Auckland],2026-02-25T17:40:24+13:00[Pacific/Auckland],Yes
B,16,2026-02-25T17:40:24+13:00[Pacific/Auckland],2026-02-25T17:40:40+13:00[Pacific/Auckland],Yes
C,20,2026-02-25T17:40:40+13:00[Pacific/Auckland],2026-02-25T17:41:00+13:00[Pacific/Auckland],Yes
D,16,2026-02-25T17:41:00+13:00[Pacific/Auckland],2026-02-25T17:41:16+13:00[Pacific/Auckland],Yes
<A>,15,2026-02-25T17:41:16+13:00[Pacific/Auckland],2026-02-25T17:41:31+13:00[Pacific/Auckland],Yes
C,21,2026-02-25T17:41:31+13:00[Pacific/Auckland],2026-02-25T17:41:52+13:00[Pacific/Auckland],Yes
<A>,16,2026-02-25T17:41:52+13:00[Pacific/Auckland],2026-02-25T17:42:08+13:00[Pacific/Auckland],Yes
C,17,2026-02-25T17:42:08+13:00[Pacific/Auckland],2026-02-25T17:42:25+13:00[Pacific/Auckland],Yes
<A>,22,2026-02-25T17:42:25+13:00[Pacific/Auckland],2026-02-25T17:42:47+13:00[Pacific/Auckland],Yes
C,34,2026-02-25T17:42:47+13:00[Pacific/Auckland],2026-02-25T17:43:21+13:00[Pacific/Auckland],Yes
<A>,19,2026-02-25T17:43:21+13:00[Pacific/Auckland],2026-02-25T17:43:40+13:00[Pacific/Auckland],Yes
C,17,2026-02-25T17:43:40+13:00[Pacific/Auckland],2026-02-25T17:43:57+13:00[Pacific/Auckland],Yes
<A>,21,2026-02-25T17:43:57+13:00[Pacific/Auckland],2026-02-25T17:44:18+13:00[Pacific/Auckland],Yes
C,27,2026-02-25T17:44:18+13:00[Pacific/Auckland],2026-02-25T17:44:45+13:00[Pacific/Auckland],Yes
D,16,2026-02-25T17:44:45+13:00[Pacific/Auckland],2026-02-25T17:45:01+13:00[Pacific/Auckland],Yes
<A>,21,2026-02-25T17:45:01+13:00[Pacific/Auckland],2026-02-25T17:45:22+13:00[Pacific/Auckland],
C,28,2026-02-25T17:45:22+13:00[Pacific/Auckland],2026-02-25T17:45:50+13:00[Pacific/Auckland],Yes
<A>,21,2026-02-25T17:45:50+13:00[Pacific/Auckland],2026-02-25T17:46:11+13:00[Pacific/Auckland],Yes
C,12,2026-02-25T17:46:11+13:00[Pacific/Auckland],2026-02-25T17:46:23+13:00[Pacific/Auckland],Yes
<A>,29,2026-02-25T17:46:23+13:00[Pacific/Auckland],2026-02-25T17:46:52+13:00[Pacific/Auckland],
B,16,2026-02-25T17:46:52+13:00[Pacific/Auckland],2026-02-25T17:47:08+13:00[Pacific/Auckland],Yes
<A>,13,2026-02-25T17:47:08+13:00[Pacific/Auckland],2026-02-25T17:47:21+13:00[Pacific/Auckland],Yes
C,21,2026-02-25T17:47:21+13:00[Pacific/Auckland],2026-02-25T17:47:42+13:00[Pacific/Auckland],Yes
<A>,19,2026-02-25T17:47:42+13:00[Pacific/Auckland],2026-02-25T17:48:01+13:00[Pacific/Auckland],Yes
B,16,2026-02-25T17:48:01+13:00[Pacific/Auckland],2026-02-25T17:48:17+13:00[Pacific/Auckland],Yes
C,26,2026-02-25T17:48:17+13:00[Pacific/Auckland],2026-02-25T17:48:43+13:00[Pacific/Auckland],Yes
<A>,19,2026-02-25T17:48:43+13:00[Pacific/Auckland],2026-02-25T17:49:02+13:00[Pacific/Auckland],Yes
C,23,2026-02-25T17:49:02+13:00[Pacific/Auckland],2026-02-25T17:49:25+13:00[Pacific/Auckland],Yes
<A>,21,2026-02-25T17:49:25+13:00[Pacific/Auckland],2026-02-25T17:49:46+13:00[Pacific/Auckland],
B,16,2026-02-25T17:49:46+13:00[Pacific/Auckland],2026-02-25T17:50:02+13:00[Pacific/Auckland],Yes
C,26,2026-02-25T17:50:02+13:00[Pacific/Auckland],2026-02-25T17:50:28+13:00[Pacific/Auckland],Yes
D,16,2026-02-25T17:50:28+13:00[Pacific/Auckland],2026-02-25T17:50:44+13:00[Pacific/Auckland],Yes
<A>,17,2026-02-25T17:50:44+13:00[Pacific/Auckland],2026-02-25T17:51:01+13:00[Pacific/Auckland],Yes
C,15,2026-02-25T17:51:01+13:00[Pacific/Auckland],2026-02-25T17:51:16+13:00[Pacific/Auckland],Yes
<A>,12,2026-02-25T17:51:16+13:00[Pacific/Auckland],2026-02-25T17:51:28+13:00[Pacific/Auckland],Yes
C,21,2026-02-25T17:51:28+13:00[Pacific/Auckland],2026-02-25T17:51:49+13:00[Pacific/Auckland],Yes
<A>,19,2026-02-25T17:51:49+13:00[Pacific/Auckland],2026-02-25T17:52:08+13:00[Pacific/Auckland],Yes
C,12,2026-02-25T17:52:08+13:00[Pacific/Auckland],2026-02-25T17:52:20+13:00[Pacific/Auckland],Yes
D,16,2026-02-25T17:52:20+13:00[Pacific/Auckland],2026-02-25T17:52:36+13:00[Pacific/Auckland],Yes
<A>,11,2026-02-25T17:52:36+13:00[Pacific/Auckland],2026-02-25T17:52:47+13:00[Pacific/Auckland],Yes
C,17,2026-02-25T17:52:47+13:00[Pacific/Auckland],2026-02-25T17:53:04+13:00[Pacific/Auckland],Yes
<A>,15,2026-02-25T17:53:04+13:00[Pacific/Auckland],2026-02-25T17:53:19+13:00[Pacific/Auckland],Yes
C,29,2026-02-25T17:53:19+13:00[Pacific/Auckland],2026-02-25T17:53:48+13:00[Pacific/Auckland],Yes
<A>,26,2026-02-25T17:53:48+13:00[Pacific/Auckland],2026-02-25T17:54:14+13:00[Pacific/Auckland],Yes
C,19,2026-02-25T17:54:14+13:00[Pacific/Auckland],2026-02-25T17:54:33+13:00[Pacific/Auckland],Yes
<A>,12,2026-02-25T17:54:33+13:00[Pacific/Auckland],2026-02-25T17:54:45+13:00[Pacific/Auckland],Yes
C,13,2026-02-25T17:54:45+13:00[Pacific/Auckland],2026-02-25T17:54:58+13:00[Pacific/Auckland],Yes
<A>,18,2026-02-25T17:54:58+13:00[Pacific/Auckland],2026-02-25T17:55:16+13:00[Pacific/Auckland],Yes
C,14,2026-02-25T17:55:16+13:00[Pacific/Auckland],2026-02-25T17:55:30+13:00[Pacific/Auckland],Yes
<A>,13,2026-02-25T17:55:30+13:00[Pacific/Auckland],2026-02-25T17:55:43+13:00[Pacific/Auckland],Yes
C,20,2026-02-25T17:55:43+13:00[Pacific/Auckland],2026-02-25T17:56:03+13:00[Pacific/Auckland],Yes
D,16,2026-02-25T17:56:03+13:00[Pacific/Auckland],2026-02-25T17:56:19+13:00[Pacific/Auckland],Yes
<A>,21,2026-02-25T17:56:19+13:00[Pacific/Auckland],2026-02-25T17:56:40+13:00[Pacific/Auckland],
B,16,2026-02-25T17:56:40+13:00[Pacific/Auckland],2026-02-25T17:56:56+13:00[Pacific/Auckland],Yes
C,17,2026-02-25T17:56:56+13:00[Pacific/Auckland],2026-02-25T17:57:13+13:00[Pacific/Auckland],Yes
<A>,31,2026-02-25T17:57:13+13:00[Pacific/Auckland],2026-02-25T17:57:44+13:00[Pacific/Auckland],Yes
D,18,2026-02-25T17:57:44+13:00[Pacific/Auckland],2026-02-25T17:58:02+13:00[Pacific/Auckland],Yes
<A>,13,2026-02-25T17:58:02+13:00[Pacific/Auckland],2026-02-25T17:58:15+13:00[Pacific/Auckland],Yes
C,20,2026-02-25T17:58:15+13:00[Pacific/Auckland],2026-02-25T17:58:35+13:00[Pacific/Auckland],Yes
<A>,22,2026-02-25T17:58:35+13:00[Pacific/Auckland],2026-02-25T17:58:57+13:00[Pacific/Auckland],Yes
B,16,2026-02-25T17:58:57+13:00[Pacific/Auckland],2026-02-25T17:59:13+13:00[Pacific/Auckland],Yes
C,21,2026-02-25T17:59:13+13:00[Pacific/Auckland],2026-02-25T17:59:34+13:00[Pacific/Auckland],Yes
<A>,11,2026-02-25T17:59:34+13:00[Pacific/Auckland],2026-02-25T17:59:45+13:00[Pacific/Auckland],Yes
C,13,2026-02-25T17:59:45+13:00[Pacific/Auckland],2026-02-25T17:59:58+13:00[Pacific/Auckland],Yes
D,16,2026-02-25T17:59:58+13:00[Pacific/Auckland],2026-02-25T18:00:14+13:00[Pacific/Auckland],Yes
<A>,15,2026-02-25T18:00:14+13:00[Pacific/Auckland],2026-02-25T18:00:29+13:00[Pacific/Auckland],Yes
B,19,2026-02-25T18:00:29+13:00[Pacific/Auckland],2026-02-25T18:00:48+13:00[Pacific/Auckland],Yes
C,23,2026-02-25T18:00:48+13:00[Pacific/Auckland],2026-02-25T18:01:11+13:00[Pacific/Auckland],Yes
<A>,16,2026-02-25T18:01:11+13:00[Pacific/Auckland],2026-02-25T18:01:27+13:00[Pacific/Auckland],Yes
C,17,2026-02-25T18:01:27+13:00[Pacific/Auckland],2026-02-25T18:01:44+13:00[Pacific/Auckland],Yes
<A>,12,2026-02-25T18:01:44+13:00[Pacific/Auckland],2026-02-25T18:01:56+13:00[Pacific/Auckland],Yes
C,13,2026-02-25T18:01:56+13:00[Pacific/Auckland],2026-02-25T18:02:09+13:00[Pacific/Auckland],Yes
<A>,12,2026-02-25T18:02:09+13:00[Pacific/Auckland],2026-02-25T18:02:21+13:00[Pacific/Auckland],Yes
C,18,2026-02-25T18:02:21+13:00[Pacific/Auckland],2026-02-25T18:02:39+13:00[Pacific/Auckland],Yes
<A>,20,2026-02-25T18:02:39+13:00[Pacific/Auckland],2026-02-25T18:02:59+13:00[Pacific/Auckland],Yes
C,18,2026-02-25T18:02:59+13:00[Pacific/Auckland],2026-02-25T18:03:17+13:00[Pacific/Auckland],Yes
<A>,19,2026-02-25T18:03:17+13:00[Pacific/Auckland],2026-02-25T18:03:36+13:00[Pacific/Auckland],Yes
C,19,2026-02-25T18:03:36+13:00[Pacific/Auckland],2026-02-25T18:03:55+13:00[Pacific/Auckland],Yes
D,15,2026-02-25T18:03:55+13:00[Pacific/Auckland],2026-02-25T18:04:10+13:00[Pacific/Auckland],Yes
<A>,22,2026-02-25T18:04:10+13:00[Pacific/Auckland],2026-02-25T18:04:32+13:00[Pacific/Auckland],Yes
C,18,2026-02-25T18:04:32+13:00[Pacific/Auckland],2026-02-25T18:04:50+13:00[Pacific/Auckland],Yes
D,17,2026-02-25T18:04:50+13:00[Pacific/Auckland],2026-02-25T18:05:07+13:00[Pacific/Auckland],Yes
<A>,20,2026-02-25T18:05:07+13:00[Pacific/Auckland],2026-02-25T18:05:27+13:00[Pacific/Auckland],Yes
C,24,2026-02-25T18:05:27+13:00[Pacific/Auckland],2026-02-25T18:05:51+13:00[Pacific/Auckland],Yes
<A>,21,2026-02-25T18:05:51+13:00[Pacific/Auckland],2026-02-25T18:06:12+13:00[Pacific/Auckland],Yes
C,18,2026-02-25T18:06:12+13:00[Pacific/Auckland],2026-02-25T18:06:30+13:00[Pacific/Auckland],Yes
<A>,30,2026-02-25T18:06:30+13:00[Pacific/Auckland],2026-02-25T18:07:00+13:00[Pacific/Auckland],
B,16,2026-02-25T18:07:00+13:00[Pacific/Auckland],2026-02-25T18:07:16+13:00[Pacific/Auckland],Yes
<A>,23,2026-02-25T18:07:16+13:00[Pacific/Auckland],2026-02-25T18:07:39+13:00[Pacific/Auckland],Yes
C,12,2026-02-25T18:07:39+13:00[Pacific/Auckland],2026-02-25T18:07:51+13:00[Pacific/Auckland],Yes
<A>,20,2026-02-25T18:07:51+13:00[Pacific/Auckland],2026-02-25T18:08:11+13:00[Pacific/Auckland],
B,22,2026-02-25T18:08:11+13:00[Pacific/Auckland],2026-02-25T18:08:33+13:00[Pacific/Auckland],Yes
<A>,15,2026-02-25T18:08:33+13:00[Pacific/Auckland],2026-02-25T18:08:48+13:00[Pacific/Auckland],Yes
C,13,2026-02-25T18:08:48+13:00[Pacific/Auckland],2026-02-25T18:09:01+13:00[Pacific/Auckland],Yes
<A>,12,2026-02-25T18:09:01+13:00[Pacific/Auckland],2026-02-25T18:09:13+13:00[Pacific/Auckland],Yes
C,15,2026-02-25T18:09:13+13:00[Pacific/Auckland],2026-02-25T18:09:28+13:00[Pacific/Auckland],Yes
<A>,13,2026-02-25T18:09:28+13:00[Pacific/Auckland],2026-02-25T18:09:41+13:00[Pacific/Auckland],Yes
C,17,2026-02-25T18:09:41+13:00[Pacific/Auckland],2026-02-25T18:09:58+13:00[Pacific/Auckland],Yes
<A>,21,2026-02-25T18:09:58+13:00[Pacific/Auckland],2026-02-25T18:10:19+13:00[Pacific/Auckland],Yes
C,34,2026-02-25T18:10:19+13:00[Pacific/Auckland],2026-02-25T18:10:53+13:00[Pacific/Auckland],Yes
<A>,24,2026-02-25T18:10:53+13:00[Pacific/Auckland],2026-02-25T18:11:17+13:00[Pacific/Auckland],
B,16,2026-02-25T18:11:17+13:00[Pacific/Auckland],2026-02-25T18:11:33+13:00[Pacific/Auckland],Yes
C,21,2026-02-25T18:11:33+13:00[Pacific/Auckland],2026-02-25T18:11:54+13:00[Pacific/Auckland],Yes
<A>,15,2026-02-25T18:11:54+13:00[Pacific/Auckland],2026-02-25T18:12:09+13:00[Pacific/Auckland],Yes
C,22,2026-02-25T18:12:09+13:00[Pacific/Auckland],2026-02-25T18:12:31+13:00[Pacific/Auckland],Yes
<A>,15,2026-02-25T18:12:31+13:00[Pacific/Auckland],2026-02-25T18:12:46+13:00[Pacific/Auckland],Yes
D,25,2026-02-25T18:12:46+13:00[Pacific/Auckland],2026-02-25T18:13:11+13:00[Pacific/Auckland],Yes
<A>,14,2026-02-25T18:13:11+13:00[Pacific/Auckland],2026-02-25T18:13:25+13:00[Pacific/Auckland],Yes
B,17,2026-02-25T18:13:25+13:00[Pacific/Auckland],2026-02-25T18:13:42+13:00[Pacific/Auckland],Yes
C,16,2026-02-25T18:13:42+13:00[Pacific/Auckland],2026-02-25T18:13:58+13:00[Pacific/Auckland],Yes
D,16,2026-02-25T18:13:58+13:00[Pacific/Auckland],2026-02-25T18:14:14+13:00[Pacific/Auckland],Yes
<A>,20,2026-02-25T18:14:14+13:00[Pacific/Auckland],2026-02-25T18:14:34+13:00[Pacific/Auckland],Yes
C,19,2026-02-25T18:14:34+13:00[Pacific/Auckland],2026-02-25T18:14:53+13:00[Pacific/Auckland],Yes
<A>,21,2026-02-25T18:14:53+13:00[Pacific/Auckland],2026-02-25T18:15:14+13:00[Pacific/Auckland],
C,14,2026-02-25T18:15:14+13:00[Pacific/Auckland],2026-02-25T18:15:28+13:00[Pacific/Auckland],Yes
<A>,22,2026-02-25T18:15:28+13:00[Pacific/Auckland],2026-02-25T18:15:50+13:00[Pacific/Auckland],Yes
D,16,2026-02-25T18:15:50+13:00[Pacific/Auckland],2026-02-25T18:16:06+13:00[Pacific/Auckland],Yes
<A>,19,2026-02-25T18:16:06+13:00[Pacific/Auckland],2026-02-25T18:16:25+13:00[Pacific/Auckland],Yes
C,15,2026-02-25T18:16:25+13:00[Pacific/Auckland],2026-02-25T18:16:40+13:00[Pacific/Auckland],Yes
<A>,35,2026-02-25T18:16:40+13:00[Pacific/Auckland],2026-02-25T18:17:15+13:00[Pacific/Auckland],Yes
C,22,2026-02-25T18:17:15+13:00[Pacific/Auckland],2026-02-25T18:17:37+13:00[Pacific/Auckland],Yes
<A>,12,2026-02-25T18:17:37+13:00[Pacific/Auckland],2026-02-25T18:17:49+13:00[Pacific/Auckland],Yes
D,18,2026-02-25T18:17:49+13:00[Pacific/Auckland],2026-02-25T18:18:07+13:00[Pacific/Auckland],Yes
<A>,11,2026-02-25T18:18:07+13:00[Pacific/Auckland],2026-02-25T18:18:18+13:00[Pacific/Auckland],Yes
C,25,2026-02-25T18:18:18+13:00[Pacific/Auckland],2026-02-25T18:18:43+13:00[Pacific/Auckland],Yes
<A>,32,2026-02-25T18:18:43+13:00[Pacific/Auckland],2026-02-25T18:19:15+13:00[Pacific/Auckland],Yes
B,17,2026-02-25T18:19:15+13:00[Pacific/Auckland],2026-02-25T18:19:32+13:00[Pacific/Auckland],Yes
C,19,2026-02-25T18:19:32+13:00[Pacific/Auckland],2026-02-25T18:19:51+13:00[Pacific/Auckland],Yes
<A>,23,2026-02-25T18:19:51+13:00[Pacific/Auckland],2026-02-25T18:20:14+13:00[Pacific/Auckland],Yes
C,12,2026-02-25T18:20:14+13:00[Pacific/Auckland],2026-02-25T18:20:26+13:00[Pacific/Auckland],Yes
<A>,16,2026-02-25T18:20:26+13:00[Pacific/Auckland],2026-02-25T18:20:42+13:00[Pacific/Auckland],Yes
B,16,2026-02-25T18:20:42+13:00[Pacific/Auckland],2026-02-25T18:20:58+13:00[Pacific/Auckland],Yes
D,16,2026-02-25T18:20:58+13:00[Pacific/Auckland],2026-02-25T18:21:14+13:00[Pacific/Auckland],Yes
<A>,15,2026-02-25T18:21:14+13:00[Pacific/Auckland],2026-02-25T18:21:29+13:00[Pacific/Auckland],Yes
C,16,2026-02-25T18:21:29+13:00[Pacific/Auckland],2026-02-25T18:21:45+13:00[Pacific/Auckland],Yes
<A>,31,2026-02-25T18:21:45+13:00[Pacific/Auckland],2026-02-25T18:22:16+13:00[Pacific/Auckland],
B,16,2026-02-25T18:22:16+13:00[Pacific/Auckland],2026-02-25T18:22:32+13:00[Pacific/Auckland],Yes
C,17,2026-02-25T18:22:32+13:00[Pacific/Auckland],2026-02-25T18:22:49+13:00[Pacific/Auckland],Yes
D,16,2026-02-25T18:22:49+13:00[Pacific/Auckland],2026-02-25T18:23:05+13:00[Pacific/Auckland],Yes
<A>,16,2026-02-25T18:23:05+13:00[Pacific/Auckland],2026-02-25T18:23:21+13:00[Pacific/Auckland],Yes
B,16,2026-02-25T18:23:21+13:00[Pacific/Auckland],2026-02-25T18:23:37+13:00[Pacific/Auckland],Yes
C,18,2026-02-25T18:23:37+13:00[Pacific/Auckland],2026-02-25T18:23:55+13:00[Pacific/Auckland],Yes
<A>,25,2026-02-25T18:23:55+13:00[Pacific/Auckland],2026-02-25T18:24:20+13:00[Pacific/Auckland],Yes
C,22,2026-02-25T18:24:20+13:00[Pacific/Auckland],2026-02-25T18:24:42+13:00[Pacific/Auckland],Yes
<A>,19,2026-02-25T18:24:42+13:00[Pacific/Auckland],2026-02-25T18:25:01+13:00[Pacific/Auckland],Yes
B,16,2026-02-25T18:25:01+13:00[Pacific/Auckland],2026-02-25T18:25:17+13:00[Pacific/Auckland],Yes
C,16,2026-02-25T18:25:17+13:00[Pacific/Auckland],2026-02-25T18:25:33+13:00[Pacific/Auckland],Yes
<A>,23,2026-02-25T18:25:33+13:00[Pacific/Auckland],2026-02-25T18:25:56+13:00[Pacific/Auckland],Yes
C,35,2026-02-25T18:25:56+13:00[Pacific/Auckland],2026-02-25T18:26:31+13:00[Pacific/Auckland],Yes
<A>,16,2026-02-25T18:26:31+13:00[Pacific/Auckland],2026-02-25T18:26:47+13:00[Pacific/Auckland],Yes
C,13,2026-02-25T18:26:47+13:00[Pacific/Auckland],2026-02-25T18:27:00+13:00[Pacific/Auckland],Yes
<A>,18,2026-02-25T18:27:00+13:00[Pacific/Auckland],2026-02-25T18:27:18+13:00[Pacific/Auckland],Yes
C,17,2026-02-25T18:27:18+13:00[Pacific/Auckland],2026-02-25T18:27:35+13:00[Pacific/Auckland],Yes
<A>,18,2026-02-25T18:27:35+13:00[Pacific/Auckland],2026-02-25T18:27:53+13:00[Pacific/Auckland],Yes
C,17,2026-02-25T18:27:53+13:00[Pacific/Auckland],2026-02-25T18:28:10+13:00[Pacific/Auckland],Yes
<A>,21,2026-02-25T18:28:10+13:00[Pacific/Auckland],2026-02-25T18:28:31+13:00[Pacific/Auckland],
B,17,2026-02-25T18:28:31+13:00[Pacific/Auckland],2026-02-25T18:28:48+13:00[Pacific/Auckland],Yes
C,16,2026-02-25T18:28:48+13:00[Pacific/Auckland],2026-02-25T18:29:04+13:00[Pacific/Auckland],Yes
<A>,22,2026-02-25T18:29:04+13:00[Pacific/Auckland],2026-02-25T18:29:26+13:00[Pacific/Auckland],Yes
C,17,2026-02-25T18:29:26+13:00[Pacific/Auckland],2026-02-25T18:29:43+13:00[Pacific/Auckland],Yes
<A>,14,2026-02-25T18:29:43+13:00[Pacific/Auckland],2026-02-25T18:29:57+13:00[Pacific/Auckland],Yes
B,20,2026-02-25T18:29:57+13:00[Pacific/Auckland],2026-02-25T18:30:17+13:00[Pacific/Auckland],Yes
<A>,34,2026-02-25T18:30:17+13:00[Pacific/Auckland],2026-02-25T18:30:51+13:00[Pacific/Auckland],Yes
C,15,2026-02-25T18:30:51+13:00[Pacific/Auckland],2026-02-25T18:31:06+13:00[Pacific/Auckland],Yes
<A>,12,2026-02-25T18:31:06+13:00[Pacific/Auckland],2026-02-25T18:31:18+13:00[Pacific/Auckland],Yes
D,18,2026-02-25T18:31:18+13:00[Pacific/Auckland],2026-02-25T18:31:36+13:00[Pacific/Auckland],Yes
<A>,20,2026-02-25T18:31:36+13:00[Pacific/Auckland],2026-02-25T18:31:56+13:00[Pacific/Auckland],Yes
C,21,2026-02-25T18:31:56+13:00[Pacific/Auckland],2026-02-25T18:32:17+13:00[Pacific/Auckland],Yes
<A>,27,2026-02-25T18:32:17+13:00[Pacific/Auckland],2026-02-25T18:32:44+13:00[Pacific/Auckland],
B,24,2026-02-25T18:32:44+13:00[Pacific/Auckland],2026-02-25T18:33:08+13:00[Pacific/Auckland],Yes
<A>,19,2026-02-25T18:33:08+13:00[Pacific/Auckland],2026-02-25T18:33:27+13:00[Pacific/Auckland],Yes
C,13,2026-02-25T18:33:27+13:00[Pacific/Auckland],2026-02-25T18:33:40+13:00[Pacific/Auckland],Yes
<A>,21,2026-02-25T18:33:40+13:00[Pacific/Auckland],2026-02-25T18:34:01+13:00[Pacific/Auckland],
B,16,2026-02-25T18:34:01+13:00[Pacific/Auckland],2026-02-25T18:34:17+13:00[Pacific/Auckland],Yes
C,16,2026-02-25T18:34:17+13:00[Pacific/Auckland],2026-02-25T18:34:33+13:00[Pacific/Auckland],Yes
D,16,2026-02-25T18:34:33+13:00[Pacific/Auckland],2026-02-25T18:34:49+13:00[Pacific/Auckland],Yes
<A>,15,2026-02-25T18:34:49+13:00[Pacific/Auckland],2026-02-25T18:35:04+13:00[Pacific/Auckland],Yes
C,16,2026-02-25T18:35:04+13:00[Pacific/Auckland],2026-02-25T18:35:20+13:00[Pacific/Auckland],Yes
<A>,32,2026-02-25T18:35:20+13:00[Pacific/Auckland],2026-02-25T18:35:52+13:00[Pacific/Auckland],
C,38,2026-02-25T18:35:52+13:00[Pacific/Auckland],2026-02-25T18:36:30+13:00[Pacific/Auckland],Yes
D,15,2026-02-25T18:36:30+13:00[Pacific/Auckland],2026-02-25T18:36:45+13:00[Pacific/Auckland],Yes
<A>,19,2026-02-25T18:36:45+13:00[Pacific/Auckland],2026-02-25T18:37:04+13:00[Pacific/Auckland],Yes
C,23,2026-02-25T18:37:04+13:00[Pacific/Auckland],2026-02-25T18:37:27+13:00[Pacific/Auckland],Yes
<A>,15,2026-02-25T18:37:27+13:00[Pacific/Auckland],2026-02-25T18:37:42+13:00[Pacific/Auckland],Yes
C,22,2026-02-25T18:37:42+13:00[Pacific/Auckland],2026-02-25T18:38:04+13:00[Pacific/Auckland],Yes
<A>,17,2026-02-25T18:38:04+13:00[Pacific/Auckland],2026-02-25T18:38:21+13:00[Pacific/Auckland],Yes
C,18,2026-02-25T18:38:21+13:00[Pacific/Auckland],2026-02-25T18:38:39+13:00[Pacific/Auckland],Yes
<A>,19,2026-02-25T18:38:39+13:00[Pacific/Auckland],2026-02-25T18:38:58+13:00[Pacific/Auckland],Yes
B,16,2026-02-25T18:38:58+13:00[Pacific/Auckland],2026-02-25T18:39:14+13:00[Pacific/Auckland],Yes
C,17,2026-02-25T18:39:14+13:00[Pacific/Auckland],2026-02-25T18:39:31+13:00[Pacific/Auckland],Yes
D,16,2026-02-25T18:39:31+13:00[Pacific/Auckland],2026-02-25T18:39:47+13:00[Pacific/Auckland],Yes
<A>,20,2026-02-25T18:39:47+13:00[Pacific/Auckland],2026-02-25T18:40:07+13:00[Pacific/Auckland],Yes
B,18,2026-02-25T18:40:07+13:00[Pacific/Auckland],2026-02-25T18:40:25+13:00[Pacific/Auckland],Yes
C,18,2026-02-25T18:40:25+13:00[Pacific/Auckland],2026-02-25T18:40:43+13:00[Pacific/Auckland],Yes
<A>,31,2026-02-25T18:40:43+13:00[Pacific/Auckland],2026-02-25T18:41:14+13:00[Pacific/Auckland],Yes
C,21,2026-02-25T18:41:14+13:00[Pacific/Auckland],2026-02-25T18:41:35+13:00[Pacific/Auckland],Yes
D,15,2026-02-25T18:41:35+13:00[Pacific/Auckland],2026-02-25T18:41:50+13:00[Pacific/Auckland],Yes
<A>,16,2026-02-25T18:41:50+13:00[Pacific/Auckland],2026-02-25T18:42:06+13:00[Pacific/Auckland],Yes
C,23,2026-02-25T18:42:06+13:00[Pacific/Auckland],2026-02-25T18:42:29+13:00[Pacific/Auckland],Yes
D,16,2026-02-25T18:42:29+13:00[Pacific/Auckland],2026-02-25T18:42:45+13:00[Pacific/Auckland],Yes
<A>,35,2026-02-25T18:42:45+13:00[Pacific/Auckland],2026-02-25T18:43:20+13:00[Pacific/Auckland],
B,16,2026-02-25T18:43:20+13:00[Pacific/Auckland],2026-02-25T18:43:36+13:00[Pacific/Auckland],Yes
C,20,2026-02-25T18:43:36+13:00[Pacific/Auckland],2026-02-25T18:43:56+13:00[Pacific/Auckland],Yes
D,16,2026-02-25T18:43:56+13:00[Pacific/Auckland],2026-02-25T18:44:12+13:00[Pacific/Auckland],Yes
<A>,14,2026-02-25T18:44:12+13:00[Pacific/Auckland],2026-02-25T18:44:26+13:00[Pacific/Auckland],Yes
C,30,2026-02-25T18:44:26+13:00[Pacific/Auckland],2026-02-25T18:44:56+13:00[Pacific/Auckland],Yes
<A>,14,2026-02-25T18:44:56+13:00[Pacific/Auckland],2026-02-25T18:45:10+13:00[Pacific/Auckland],Yes
D,17,2026-02-25T18:45:10+13:00[Pacific/Auckland],2026-02-25T18:45:27+13:00[Pacific/Auckland],Yes
<A>,21,2026-02-25T18:45:27+13:00[Pacific/Auckland],2026-02-25T18:45:48+13:00[Pacific/Auckland],Yes
C,30,2026-02-25T18:45:48+13:00[Pacific/Auckland],2026-02-25T18:46:18+13:00[Pacific/Auckland],Yes
<A>,37,2026-02-25T18:46:18+13:00[Pacific/Auckland],2026-02-25T18:46:55+13:00[Pacific/Auckland],
B,16,2026-02-25T18:46:55+13:00[Pacific/Auckland],2026-02-25T18:47:11+13:00[Pacific/Auckland],Yes
C,19,2026-02-25T18:47:11+13:00[Pacific/Auckland],2026-02-25T18:47:30+13:00[Pacific/Auckland],Yes
<A>,32,2026-02-25T18:47:30+13:00[Pacific/Auckland],2026-02-25T18:48:02+13:00[Pacific/Auckland],Yes
C,21,2026-02-25T18:48:02+13:00[Pacific/Auckland],2026-02-25T18:48:23+13:00[Pacific/Auckland],Yes
D,15,2026-02-25T18:48:23+13:00[Pacific/Auckland],2026-02-25T18:48:38+13:00[Pacific/Auckland],Yes
<A>,18,2026-02-25T18:48:38+13:00[Pacific/Auckland],2026-02-25T18:48:56+13:00[Pacific/Auckland],Yes
B,16,2026-02-25T18:48:56+13:00[Pacific/Auckland],2026-02-25T18:49:12+13:00[Pacific/Auckland],Yes
<A>,23,2026-02-25T18:49:12+13:00[Pacific/Auckland],2026-02-25T18:49:35+13:00[Pacific/Auckland],Yes
C,21,2026-02-25T18:49:35+13:00[Pacific/Auckland],2026-02-25T18:49:56+13:00[Pacific/Auckland],Yes
<A>,12,2026-02-25T18:49:56+13:00[Pacific/Auckland],2026-02-25T18:50:08+13:00[Pacific/Auckland],Yes
D,16,2026-02-25T18:50:08+13:00[Pacific/Auckland],2026-02-25T18:50:24+13:00[Pacific/Auckland],Yes
<A>,21,2026-02-25T18:50:24+13:00[Pacific/Auckland],2026-02-25T18:50:45+13:00[Pacific/Auckland],Yes
C,28,2026-02-25T18:50:45+13:00[Pacific/Auckland],2026-02-25T18:51:13+13:00[Pacific/Auckland],Yes
<A>,17,2026-02-25T18:51:13+13:00[Pacific/Auckland],2026-02-25T18:51:30+13:00[Pacific/Auckland],Yes
B,16,2026-02-25T18:51:30+13:00[Pacific/Auckland],2026-02-25T18:51:46+13:00[Pacific/Auckland],Yes
C,22,2026-02-25T18:51:46+13:00[Pacific/Auckland],2026-02-25T18:52:08+13:00[Pacific/Auckland],Yes
D,16,2026-02-25T18:52:08+13:00[Pacific/Auckland],2026-02-25T18:52:24+13:00[Pacific/Auckland],Yes
<A>,12,2026-02-25T18:52:24+13:00[Pacific/Auckland],2026-02-25T18:52:36+13:00[Pacific/Auckland],Yes
C,18,2026-02-25T18:52:36+13:00[Pacific/Auckland],2026-02-25T18:52:54+13:00[Pacific/Auckland],Yes
<A>,11,2026-02-25T18:52:54+13:00[Pacific/Auckland],2026-02-25T18:53:05+13:00[Pacific/Auckland],Yes
D,17,2026-02-25T18:53:05+13:00[Pacific/Auckland],2026-02-25T18:53:22+13:00[Pacific/Auckland],Yes
<A>,18,2026-02-25T18:53:22+13:00[Pacific/Auckland],2026-02-25T18:53:40+13:00[Pacific/Auckland],Yes
C,11,2026-02-25T18:53:40+13:00[Pacific/Auckland],2026-02-25T18:53:51+13:00[Pacific/Auckland],Yes
<A>,11,2026-02-25T18:53:51+13:00[Pacific/Auckland],2026-02-25T18:54:02+13:00[Pacific/Auckland],Yes
C,14,2026-02-25T18:54:02+13:00[Pacific/Auckland],2026-02-25T18:54:16+13:00[Pacific/Auckland],Yes
<A>,23,2026-02-25T18:54:16+13:00[Pacific/Auckland],2026-02-25T18:54:39+13:00[Pacific/Auckland],
B,16,2026-02-25T18:54:39+13:00[Pacific/Auckland],2026-02-25T18:54:55+13:00[Pacific/Auckland],Yes
D,16,2026-02-25T18:54:55+13:00[Pacific/Auckland],2026-02-25T18:55:11+13:00[Pacific/Auckland],Yes
<A>,11,2026-02-25T18:55:11+13:00[Pacific/Auckland],2026-02-25T18:55:22+13:00[Pacific/Auckland],Yes
C,20,2026-02-25T18:55:22+13:00[Pacific/Auckland],2026-02-25T18:55:42+13:00[Pacific/Auckland],Yes
<A>,20,2026-02-25T18:55:42+13:00[Pacific/Auckland],2026-02-25T18:56:02+13:00[Pacific/Auckland],
C,31,2026-02-25T18:56:02+13:00[Pacific/Auckland],2026-02-25T18:56:33+13:00[Pacific/Auckland],Yes
<A>,33,2026-02-25T18:56:33+13:00[Pacific/Auckland],2026-02-25T18:57:06+13:00[Pacific/Auckland],Yes
C,20,2026-02-25T18:57:06+13:00[Pacific/Auckland],2026-02-25T18:57:26+13:00[Pacific/Auckland],Yes
<A>,18,2026-02-25T18:57:26+13:00[Pacific/Auckland],2026-02-25T18:57:44+13:00[Pacific/Auckland],Yes
C,15,2026-02-25T18:57:44+13:00[Pacific/Auckland],2026-02-25T18:57:59+13:00[Pacific/Auckland],Yes
<A>,15,2026-02-25T18:57:59+13:00[Pacific/Auckland],2026-02-25T18:58:14+13:00[Pacific/Auckland],Yes
C,12,2026-02-25T18:58:14+13:00[Pacific/Auckland],2026-02-25T18:58:26+13:00[Pacific/Auckland],Yes
<A>,17,2026-02-25T18:58:26+13:00[Pacific/Auckland],2026-02-25T18:58:43+13:00[Pacific/Auckland],Yes
C,16,2026-02-25T18:58:43+13:00[Pacific/Auckland],2026-02-25T18:58:59+13:00[Pacific/Auckland],Yes
<A>,12,2026-02-25T18:58:59+13:00[Pacific/Auckland],2026-02-25T18:59:11+13:00[Pacific/Auckland],Yes
C,20,2026-02-25T18:59:11+13:00[Pacific/Auckland],2026-02-25T18:59:31+13:00[Pacific/Auckland],Yes
D,15,2026-02-25T18:59:31+13:00[Pacific/Auckland],2026-02-25T18:59:46+13:00[Pacific/Auckland],Yes
<A>,27,2026-02-25T18:59:46+13:00[Pacific/Auckland],2026-02-25T19:00:13+13:00[Pacific/Auckland],Yes
C,24,2026-02-25T19:00:13+13:00[Pacific/Auckland],2026-02-25T19:00:37+13:00[Pacific/Auckland],Yes
<A>,15,2026-02-25T19:00:37+13:00[Pacific/Auckland],2026-02-25T19:00:52+13:00[Pacific/Auckland],Yes
C,13,2026-02-25T19:00:52+13:00[Pacific/Auckland],2026-02-25T19:01:05+13:00[Pacific/Auckland],Yes
<A>,19,2026-02-25T19:01:05+13:00[Pacific/Auckland],2026-02-25T19:01:24+13:00[Pacific/Auckland],Yes
C,13,2026-02-25T19:01:24+13:00[Pacific/Auckland],2026-02-25T19:01:37+13:00[Pacific/Auckland],Yes
D,16,2026-02-25T19:01:37+13:00[Pacific/Auckland],2026-02-25T19:01:53+13:00[Pacific/Auckland],Yes
<A>,16,2026-02-25T19:01:53+13:00[Pacific/Auckland],2026-02-25T19:02:09+13:00[Pacific/Auckland],Yes
C,16,2026-02-25T19:02:09+13:00[Pacific/Auckland],2026-02-25T19:02:25+13:00[Pacific/Auckland],Yes
D,15,2026-02-25T19:02:25+13:00[Pacific/Auckland],2026-02-25T19:02:40+13:00[Pacific/Auckland],Yes
<A>,12,2026-02-25T19:02:40+13:00[Pacific/Auckland],2026-02-25T19:02:52+13:00[Pacific/Auckland],Yes
C,16,2026-02-25T19:02:52+13:00[Pacific/Auckland],2026-02-25T19:03:08+13:00[Pacific/Auckland],Yes
D,16,2026-02-25T19:03:08+13:00[Pacific/Auckland],2026-02-25T19:03:24+13:00[Pacific/Auckland],Yes
<A>,11,2026-02-25T19:03:24+13:00[Pacific/Auckland],2026-02-25T19:03:35+13:00[Pacific/Auckland],Yes
C,13,2026-02-25T19:03:35+13:00[Pacific/Auckland],2026-02-25T19:03:48+13:00[Pacific/Auckland],Yes
<A>,39,2026-02-25T19:03:48+13:00[Pacific/Auckland],2026-02-25T19:04:27+13:00[Pacific/Auckland],
B,16,2026-02-25T19:04:27+13:00[Pacific/Auckland],2026-02-25T19:04:43+13:00[Pacific/Auckland],Yes
C,18,2026-02-25T19:04:43+13:00[Pacific/Auckland],2026-02-25T19:05:01+13:00[Pacific/Auckland],Yes
D,16,2026-02-25T19:05:01+13:00[Pacific/Auckland],2026-02-25T19:05:17+13:00[Pacific/Auckland],Yes
<A>,14,2026-02-25T19:05:17+13:00[Pacific/Auckland],2026-02-25T19:05:31+13:00[Pacific/Auckland],Yes
C,13,2026-02-25T19:05:31+13:00[Pacific/Auckland],2026-02-25T19:05:44+13:00[Pacific/Auckland],Yes
<A>,14,2026-02-25T19:05:44+13:00[Pacific/Auckland],2026-02-25T19:05:58+13:00[Pacific/Auckland],Yes
D,16,2026-02-25T19:05:58+13:00[Pacific/Auckland],2026-02-25T19:06:14+13:00[Pacific/Auckland],Yes
<A>,11,2026-02-25T19:06:14+13:00[Pacific/Auckland],2026-02-25T19:06:25+13:00[Pacific/Auckland],Yes
B,17,2026-02-25T19:06:25+13:00[Pacific/Auckland],2026-02-25T19:06:42+13:00[Pacific/Auckland],Yes
C,17,2026-02-25T19:06:42+13:00[Pacific/Auckland],2026-02-25T19:06:59+13:00[Pacific/Auckland],Yes
D,17,2026-02-25T19:06:59+13:00[Pacific/Auckland],2026-02-25T19:07:16+13:00[Pacific/Auckland],Yes
<A>,21,2026-02-25T19:07:16+13:00[Pacific/Auckland],2026-02-25T19:07:37+13:00[Pacific/Auckland],Yes
C,15,2026-02-25T19:07:37+13:00[Pacific/Auckland],2026-02-25T19:07:52+13:00[Pacific/Auckland],Yes
D,16,2026-02-25T19:07:52+13:00[Pacific/Auckland],2026-02-25T19:08:08+13:00[Pacific/Auckland],Yes
<A>,15,2026-02-25T19:08:08+13:00[Pacific/Auckland],2026-02-25T19:08:23+13:00[Pacific/Auckland],Yes
C,16,2026-02-25T19:08:23+13:00[Pacific/Auckland],2026-02-25T19:08:39+13:00[Pacific/Auckland],Yes
<A>,31,2026-02-25T19:08:39+13:00[Pacific/Auckland],2026-02-25T19:09:10+13:00[Pacific/Auckland],Yes
C,26,2026-02-25T19:09:10+13:00[Pacific/Auckland],2026-02-25T19:09:36+13:00[Pacific/Auckland],Yes
D,16,2026-02-25T19:09:36+13:00[Pacific/Auckland],2026-02-25T19:09:52+13:00[Pacific/Auckland],Yes
<A>,13,2026-02-25T19:09:52+13:00[Pacific/Auckland],2026-02-25T19:10:05+13:00[Pacific/Auckland],Yes
C,17,2026-02-25T19:10:05+13:00[Pacific/Auckland],2026-02-25T19:10:22+13:00[Pacific/Auckland],Yes
<A>,22,2026-02-25T19:10:22+13:00[Pacific/Auckland],2026-02-25T19:10:44+13:00[Pacific/Auckland],Yes
B,16,2026-02-25T19:10:44+13:00[Pacific/Auckland],2026-02-25T19:11:00+13:00[Pacific/Auckland],Yes
C,23,2026-02-25T19:11:00+13:00[Pacific/Auckland],2026-02-25T19:11:23+13:00[Pacific/Auckland],Yes
D,16,2026-02-25T19:11:23+13:00[Pacific/Auckland],2026-02-25T19:11:39+13:00[Pacific/Auckland],Yes
<A>,22,2026-02-25T19:11:39+13:00[Pacific/Auckland],2026-02-25T19:12:01+13:00[Pacific/Auckland],Yes
C,30,2026-02-25T19:12:01+13:00[Pacific/Auckland],2026-02-25T19:12:31+13:00[Pacific/Auckland],Yes
D,16,2026-02-25T19:12:31+13:00[Pacific/Auckland],2026-02-25T19:12:47+13:00[Pacific/Auckland],Yes
<A>,15,2026-02-25T19:12:47+13:00[Pacific/Auckland],2026-02-25T19:13:02+13:00[Pacific/Auckland],Yes
C,17,2026-02-25T19:13:02+13:00[Pacific/Auckland],2026-02-25T19:13:19+13:00[Pacific/Auckland],Yes
<A>,21,2026-02-25T19:13:19+13:00[Pacific/Auckland],2026-02-25T19:13:40+13:00[Pacific/Auckland],
C,29,2026-02-25T19:13:40+13:00[Pacific/Auckland],2026-02-25T19:14:09+13:00[Pacific/Auckland],Yes
<A>,11,2026-02-25T19:14:09+13:00[Pacific/Auckland],2026-02-25T19:14:20+13:00[Pacific/Auckland],Yes
D,20,2026-02-25T19:14:20+13:00[Pacific/Auckland],2026-02-25T19:14:40+13:00[Pacific/Auckland],Yes
<A>,37,2026-02-25T19:14:40+13:00[Pacific/Auckland],2026-02-25T19:15:17+13:00[Pacific/Auckland],
B,16,2026-02-25T19:15:17+13:00[Pacific/Auckland],2026-02-25T19:15:33+13:00[Pacific/Auckland],Yes
C,25,2026-02-25T19:15:33+13:00[Pacific/Auckland],2026-02-25T19:15:58+13:00[Pacific/Auckland],Yes
<A>,31,2026-02-25T19:15:58+13:00[Pacific/Auckland],2026-02-25T19:16:29+13:00[Pacific/Auckland],Yes
B,16,2026-02-25T19:16:29+13:00[Pacific/Auckland],2026-02-25T19:16:45+13:00[Pacific/Auckland],Yes
C,27,2026-02-25T19:16:45+13:00[Pacific/Auckland],2026-02-25T19:17:12+13:00[Pacific/Auckland],Yes
<A>,12,2026-02-25T19:17:12+13:00[Pacific/Auckland],2026-02-25T19:17:24+13:00[Pacific/Auckland],Yes
C,14,2026-02-25T19:17:24+13:00[Pacific/Auckland],2026-02-25T19:17:38+13:00[Pacific/Auckland],Yes
<A>,21,2026-02-25T19:17:38+13:00[Pacific/Auckland],2026-02-25T19:17:59+13:00[Pacific/Auckland],
C,23,2026-02-25T19:17:59+13:00[Pacific/Auckland],2026-02-25T19:18:22+13:00[Pacific/Auckland],Yes
D,16,2026-02-25T19:18:22+13:00[Pacific/Auckland],2026-02-25T19:18:38+13:00[Pacific/Auckland],Yes
<A>,11,2026-02-25T19:18:38+13:00[Pacific/Auckland],2026-02-25T19:18:49+13:00[Pacific/Auckland],Yes
B,17,2026-02-25T19:18:49+13:00[Pacific/Auckland],2026-02-25T19:19:06+13:00[Pacific/Auckland],Yes
C,16,2026-02-25T19:19:06+13:00[Pacific/Auckland],2026-02-25T19:19:22+13:00[Pacific/Auckland],Yes
D,16,2026-02-25T19:19:22+13:00[Pacific/Auckland],2026-02-25T19:19:38+13:00[Pacific/Auckland],Yes
<A>,12,2026-02-25T19:19:38+13:00[Pacific/Auckland],2026-02-25T19:19:50+13:00[Pacific/Auckland],Yes
C,12,2026-02-25T19:19:50+13:00[Pacific/Auckland],2026-02-25T19:20:02+13:00[Pacific/Auckland],Yes
<A>,14,2026-02-25T19:20:02+13:00[Pacific/Auckland],2026-02-25T19:20:16+13:00[Pacific/Auckland],Yes
C,13,2026-02-25T19:20:16+13:00[Pacific/Auckland],2026-02-25T19:20:29+13:00[Pacific/Auckland],Yes
<A>,31,2026-02-25T19:20:29+13:00[Pacific/Auckland],2026-02-25T19:21:00+13:00[Pacific/Auckland],Yes
C,23,2026-02-25T19:21:00+13:00[Pacific/Auckland],2026-02-25T19:21:23+13:00[Pacific/Auckland],Yes
D,16,2026-02-25T19:21:23+13:00[Pacific/Auckland],2026-02-25T19:21:39+13:00[Pacific/Auckland],Yes
<A>,18,2026-02-25T19:21:39+13:00[Pacific/Auckland],2026-02-25T19:21:57+13:00[Pacific/Auckland],Yes
B,17,2026-02-25T19:21:57+13:00[Pacific/Auckland],2026-02-25T19:22:14+13:00[Pacific/Auckland],Yes
C,16,2026-02-25T19:22:14+13:00[Pacific/Auckland],2026-02-25T19:22:30+13:00[Pacific/Auckland],Yes
<A>,11,2026-02-25T19:22:30+13:00[Pacific/Auckland],2026-02-25T19:22:41+13:00[Pacific/Auckland],Yes
C,14,2026-02-25T19:22:41+13:00[Pacific/Auckland],2026-02-25T19:22:55+13:00[Pacific/Auckland],Yes
D,16,2026-02-25T19:22:55+13:00[Pacific/Auckland],2026-02-25T19:23:11+13:00[Pacific/Auckland],Yes
<A>,14,2026-02-25T19:23:11+13:00[Pacific/Auckland],2026-02-25T19:23:25+13:00[Pacific/Auckland],Yes
C,22,2026-02-25T19:23:25+13:00[Pacific/Auckland],2026-02-25T19:23:47+13:00[Pacific/Auckland],Yes
D,16,2026-02-25T19:23:47+13:00[Pacific/Auckland],2026-02-25T19:24:03+13:00[Pacific/Auckland],Yes
<A>,18,2026-02-25T19:24:03+13:00[Pacific/Auckland],2026-02-25T19:24:21+13:00[Pacific/Auckland],Yes
B,16,2026-02-25T19:24:21+13:00[Pacific/Auckland],2026-02-25T19:24:37+13:00[Pacific/Auckland],Yes
C,19,2026-02-25T19:24:37+13:00[Pacific/Auckland],2026-02-25T19:24:56+13:00[Pacific/Auckland],Yes
D,16,2026-02-25T19:24:56+13:00[Pacific/Auckland],2026-02-25T19:25:12+13:00[Pacific/Auckland],Yes
<A>,19,2026-02-25T19:25:12+13:00[Pacific/Auckland],2026-02-25T19:25:31+13:00[Pacific/Auckland],Yes
B,17,2026-02-25T19:25:31+13:00[Pacific/Auckland],2026-02-25T19:25:48+13:00[Pacific/Auckland],Yes
C,16,2026-02-25T19:25:48+13:00[Pacific/Auckland],2026-02-25T19:26:04+13:00[Pacific/Auckland],Yes
<A>,13,2026-02-25T19:26:04+13:00[Pacific/Auckland],2026-02-25T19:26:17+13:00[Pacific/Auckland],Yes
B,16,2026-02-25T19:26:17+13:00[Pacific/Auckland],2026-02-25T19:26:33+13:00[Pacific/Auckland],Yes
D,16,2026-02-25T19:26:33+13:00[Pacific/Auckland],2026-02-25T19:26:49+13:00[Pacific/Auckland],Yes
<A>,12,2026-02-25T19:26:49+13:00[Pacific/Auckland],2026-02-25T19:27:01+13:00[Pacific/Auckland],Yes
B,16,2026-02-25T19:27:01+13:00[Pacific/Auckland],2026-02-25T19:27:17+13:00[Pacific/Auckland],Yes
C,19,2026-02-25T19:27:17+13:00[Pacific/Auckland],2026-02-25T19:27:36+13:00[Pacific/Auckland],Yes
D,16,2026-02-25T19:27:36+13:00[Pacific/Auckland],2026-02-25T19:27:52+13:00[Pacific/Auckland],Yes
<A>,20,2026-02-25T19:27:52+13:00[Pacific/Auckland],2026-02-25T19:28:12+13:00[Pacific/Auckland],Yes
B,16,2026-02-25T19:28:12+13:00[Pacific/Auckland],2026-02-25T19:28:28+13:00[Pacific/Auckland],Yes
C,19,2026-02-25T19:28:28+13:00[Pacific/Auckland],2026-02-25T19:28:47+13:00[Pacific/Auckland],Yes
<A>,17,2026-02-25T19:28:47+13:00[Pacific/Auckland],2026-02-25T19:29:04+13:00[Pacific/Auckland],Yes
C,12,2026-02-25T19:29:04+13:00[Pacific/Auckland],2026-02-25T19:29:16+13:00[Pacific/Auckland],Yes
D,16,2026-02-25T19:29:16+13:00[Pacific/Auckland],2026-02-25T19:29:32+13:00[Pacific/Auckland],Yes
<A>,17,2026-02-25T19:29:32+13:00[Pacific/Auckland],2026-02-25T19:29:49+13:00[Pacific/Auckland],Yes
C,13,2026-02-25T19:29:49+13:00[Pacific/Auckland],2026-02-25T19:30:02+13:00[Pacific/Auckland],Yes
<A>,17,2026-02-25T19:30:02+13:00[Pacific/Auckland],2026-02-25T19:30:19+13:00[Pacific/Auckland],Yes
B,16,2026-02-25T19:30:19+13:00[Pacific/Auckland],2026-02-25T19:30:35+13:00[Pacific/Auckland],Yes
<A>,18,2026-02-25T19:30:35+13:00[Pacific/Auckland],2026-02-25T19:30:53+13:00[Pacific/Auckland],Yes
C,13,2026-02-25T19:30:53+13:00[Pacific/Auckland],2026-02-25T19:31:06+13:00[Pacific/Auckland],Yes
<A>,15,2026-02-25T19:31:06+13:00[Pacific/Auckland],2026-02-25T19:31:21+13:00[Pacific/Auckland],Yes
C,16,2026-02-25T19:31:21+13:00[Pacific/Auckland],2026-02-25T19:31:37+13:00[Pacific/Auckland],Yes
<A>,12,2026-02-25T19:31:37+13:00[Pacific/Auckland],2026-02-25T19:31:49+13:00[Pacific/Auckland],Yes
C,15,2026-02-25T19:31:49+13:00[Pacific/Auckland],2026-02-25T19:32:04+13:00[Pacific/Auckland],Yes
D,16,2026-02-25T19:32:04+13:00[Pacific/Auckland],2026-02-25T19:32:20+13:00[Pacific/Auckland],Yes
<A>,17,2026-02-25T19:32:20+13:00[Pacific/Auckland],2026-02-25T19:32:37+13:00[Pacific/Auckland],Yes
C,29,2026-02-25T19:32:37+13:00[Pacific/Auckland],2026-02-25T19:33:06+13:00[Pacific/Auckland],Yes
<A>,31,2026-02-25T19:33:06+13:00[Pacific/Auckland],2026-02-25T19:33:37+13:00[Pacific/Auckland],Yes
C,21,2026-02-25T19:33:37+13:00[Pacific/Auckland],2026-02-25T19:33:58+13:00[Pacific/Auckland],Yes
<A>,24,2026-02-25T19:33:58+13:00[Pacific/Auckland],2026-02-25T19:34:22+13:00[Pacific/Auckland],
B,16,2026-02-25T19:34:22+13:00[Pacific/Auckland],2026-02-25T19:34:38+13:00[Pacific/Auckland],Yes
<A>,25,2026-02-25T19:34:38+13:00[Pacific/Auckland],2026-02-25T19:35:03+13:00[Pacific/Auckland],Yes
C,13,2026-02-25T19:35:03+13:00[Pacific/Auckland],2026-02-25T19:35:16+13:00[Pacific/Auckland],Yes
<A>,11,2026-02-25T19:35:16+13:00[Pacific/Auckland],2026-02-25T19:35:27+13:00[Pacific/Auckland],Yes
B,16,2026-02-25T19:35:27+13:00[Pacific/Auckland],2026-02-25T19:35:43+13:00[Pacific/Auckland],Yes
<A>,15,2026-02-25T19:35:43+13:00[Pacific/Auckland],2026-02-25T19:35:58+13:00[Pacific/Auckland],Yes
C,18,2026-02-25T19:35:58+13:00[Pacific/Auckland],2026-02-25T19:36:16+13:00[Pacific/Auckland],Yes
<A>,17,2026-02-25T19:36:16+13:00[Pacific/Auckland],2026-02-25T19:36:33+13:00[Pacific/Auckland],Yes
D,17,2026-02-25T19:36:33+13:00[Pacific/Auckland],2026-02-25T19:36:50+13:00[Pacific/Auckland],Yes
<A>,12,2026-02-25T19:36:50+13:00[Pacific/Auckland],2026-02-25T19:37:02+13:00[Pacific/Auckland],Yes
C,16,2026-02-25T19:37:02+13:00[Pacific/Auckland],2026-02-25T19:37:18+13:00[Pacific/Auckland],Yes
D,15,2026-02-25T19:37:18+13:00[Pacific/Auckland],2026-02-25T19:37:33+13:00[Pacific/Auckland],Yes
<A>,17,2026-02-25T19:37:33+13:00[Pacific/Auckland],2026-02-25T19:37:50+13:00[Pacific/Auckland],Yes
B,17,2026-02-25T19:37:50+13:00[Pacific/Auckland],2026-02-25T19:38:07+13:00[Pacific/Auckland],Yes
C,16,2026-02-25T19:38:07+13:00[Pacific/Auckland],2026-02-25T19:38:23+13:00[Pacific/Auckland],Yes
D,16,2026-02-25T19:38:23+13:00[Pacific/Auckland],2026-02-25T19:38:39+13:00[Pacific/Auckland],Yes
<A>,11,2026-02-25T19:38:39+13:00[Pacific/Auckland],2026-02-25T19:38:50+13:00[Pacific/Auckland],Yes
B,18,2026-02-25T19:38:50+13:00[Pacific/Auckland],2026-02-25T19:39:08+13:00[Pacific/Auckland],Yes
C,17,2026-02-25T19:39:08+13:00[Pacific/Auckland],2026-02-25T19:39:25+13:00[Pacific/Auckland],Yes
<A>,21,2026-02-25T19:39:25+13:00[Pacific/Auckland],2026-02-25T19:39:46+13:00[Pacific/Auckland],Yes
C,16,2026-02-25T19:39:46+13:00[Pacific/Auckland],2026-02-25T19:40:02+13:00[Pacific/Auckland],Yes
<A>,11,2026-02-25T19:40:02+13:00[Pacific/Auckland],2026-02-25T19:40:13+13:00[Pacific/Auckland],Yes
D,16,2026-02-25T19:40:13+13:00[Pacific/Auckland],2026-02-25T19:40:29+13:00[Pacific/Auckland],Yes
<A>,11,2026-02-25T19:40:29+13:00[Pacific/Auckland],2026-02-25T19:40:40+13:00[Pacific/Auckland],Yes
B,16,2026-02-25T19:40:40+13:00[Pacific/Auckland],2026-02-25T19:40:56+13:00[Pacific/Auckland],Yes
C,18,2026-02-25T19:40:56+13:00[Pacific/Auckland],2026-02-25T19:41:14+13:00[Pacific/Auckland],Yes
D,15,2026-02-25T19:41:14+13:00[Pacific/Auckland],2026-02-25T19:41:29+13:00[Pacific/Auckland],Yes
<A>,15,2026-02-25T19:41:29+13:00[Pacific/Auckland],2026-02-25T19:41:44+13:00[Pacific/Auckland],Yes
C,13,2026-02-25T19:41:44+13:00[Pacific/Auckland],2026-02-25T19:41:57+13:00[Pacific/Auckland],Yes
<A>,23,2026-02-25T19:41:57+13:00[Pacific/Auckland],2026-02-25T19:42:20+13:00[Pacific/Auckland],
B,16,2026-02-25T19:42:20+13:00[Pacific/Auckland],2026-02-25T19:42:36+13:00[Pacific/Auckland],Yes
C,20,2026-02-25T19:42:36+13:00[Pacific/Auckland],2026-02-25T19:42:56+13:00[Pacific/Auckland],Yes
<A>,18,2026-02-25T19:42:56+13:00[Pacific/Auckland],2026-02-25T19:43:14+13:00[Pacific/Auckland],Yes
C,21,2026-02-25T19:43:14+13:00[Pacific/Auckland],2026-02-25T19:43:35+13:00[Pacific/Auckland],Yes
<A>,16,2026-02-25T19:43:35+13:00[Pacific/Auckland],2026-02-25T19:43:51+13:00[Pacific/Auckland],Yes
C,13,2026-02-25T19:43:51+13:00[Pacific/Auckland],2026-02-25T19:44:04+13:00[Pacific/Auckland],Yes
<A>,49,2026-02-25T19:44:04+13:00[Pacific/Auckland],2026-02-25T19:44:53+13:00[Pacific/Auckland],Yes
C,16,2026-02-25T19:44:53+13:00[Pacific/Auckland],2026-02-25T19:45:09+13:00[Pacific/Auckland],Yes
<A>,19,2026-02-25T19:45:09+13:00[Pacific/Auckland],2026-02-25T19:45:28+13:00[Pacific/Auckland],Yes
B,16,2026-02-25T19:45:28+13:00[Pacific/Auckland],2026-02-25T19:45:44+13:00[Pacific/Auckland],Yes
<A>,13,2026-02-25T19:45:44+13:00[Pacific/Auckland],2026-02-25T19:45:57+13:00[Pacific/Auckland],Yes
C,16,2026-02-25T19:45:57+13:00[Pacific/Auckland],2026-02-25T19:46:13+13:00[Pacific/Auckland],Yes
D,16,2026-02-25T19:46:13+13:00[Pacific/Auckland],2026-02-25T19:46:29+13:00[Pacific/Auckland],Yes
<A>,18,2026-02-25T19:46:29+13:00[Pacific/Auckland],2026-02-25T19:46:47+13:00[Pacific/Auckland],Yes
C,18,2026-02-25T19:46:47+13:00[Pacific/Auckland],2026-02-25T19:47:05+13:00[Pacific/Auckland],Yes
<A>,19,2026-02-25T19:47:05+13:00[Pacific/Auckland],2026-02-25T19:47:24+13:00[Pacific/Auckland],Yes
C,19,2026-02-25T19:47:24+13:00[Pacific/Auckland],2026-02-25T19:47:43+13:00[Pacific/Auckland],Yes
<A>,64,2026-02-25T19:47:43+13:00[Pacific/Auckland],2026-02-25T19:48:47+13:00[Pacific/Auckland],
B,16,2026-02-25T19:48:47+13:00[Pacific/Auckland],2026-02-25T19:49:03+13:00[Pacific/Auckland],Yes
C,21,2026-02-25T19:49:03+13:00[Pacific/Auckland],2026-02-25T19:49:24+13:00[Pacific/Auckland],Yes
<A>,18,2026-02-25T19:49:24+13:00[Pacific/Auckland],2026-02-25T19:49:42+13:00[Pacific/Auckland],Yes
C,12,2026-02-25T19:49:42+13:00[Pacific/Auckland],2026-02-25T19:49:54+13:00[Pacific/Auckland],Yes
<A>,21,2026-02-25T19:49:54+13:00[Pacific/Auckland],2026-02-25T19:50:15+13:00[Pacific/Auckland],
C,13,2026-02-25T19:50:15+13:00[Pacific/Auckland],2026-02-25T19:50:28+13:00[Pacific/Auckland],Yes
<A>,14,2026-02-25T19:50:28+13:00[Pacific/Auckland],2026-02-25T19:50:42+13:00[Pacific/Auckland],Yes
C,15,2026-02-25T19:50:42+13:00[Pacific/Auckland],2026-02-25T19:50:57+13:00[Pacific/Auckland],Yes
<A>,15,2026-02-25T19:50:57+13:00[Pacific/Auckland],2026-02-25T19:51:12+13:00[Pacific/Auckland],Yes
C,15,2026-02-25T19:51:12+13:00[Pacific/Auckland],2026-02-25T19:51:27+13:00[Pacific/Auckland],Yes
<A>,15,2026-02-25T19:51:27+13:00[Pacific/Auckland],2026-02-25T19:51:42+13:00[Pacific/Auckland],Yes
C,13,2026-02-25T19:51:42+13:00[Pacific/Auckland],2026-02-25T19:51:55+13:00[Pacific/Auckland],Yes
<A>,13,2026-02-25T19:51:55+13:00[Pacific/Auckland],2026-02-25T19:52:08+13:00[Pacific/Auckland],Yes
B,16,2026-02-25T19:52:08+13:00[Pacific/Auckland],2026-02-25T19:52:24+13:00[Pacific/Auckland],Yes
<A>,18,2026-02-25T19:52:24+13:00[Pacific/Auckland],2026-02-25T19:52:42+13:00[Pacific/Auckland],Yes
C,12,2026-02-25T19:52:42+13:00[Pacific/Auckland],2026-02-25T19:52:54+13:00[Pacific/Auckland],Yes
<A>,37,2026-02-25T19:52:54+13:00[Pacific/Auckland],2026-02-25T19:53:31+13:00[Pacific/Auckland],Yes
C,13,2026-02-25T19:53:31+13:00[Pacific/Auckland],2026-02-25T19:53:44+13:00[Pacific/Auckland],Yes
<A>,20,2026-02-25T19:53:44+13:00[Pacific/Auckland],2026-02-25T19:54:04+13:00[Pacific/Auckland],
B,17,2026-02-25T19:54:04+13:00[Pacific/Auckland],2026-02-25T19:54:21+13:00[Pacific/Auckland],Yes
C,17,2026-02-25T19:54:21+13:00[Pacific/Auckland],2026-02-25T19:54:38+13:00[Pacific/Auckland],Yes
D,16,2026-02-25T19:54:38+13:00[Pacific/Auckland],2026-02-25T19:54:54+13:00[Pacific/Auckland],Yes
<A>,12,2026-02-25T19:54:54+13:00[Pacific/Auckland],2026-02-25T19:55:06+13:00[Pacific/Auckland],Yes
C,18,2026-02-25T19:55:06+13:00[Pacific/Auckland],2026-02-25T19:55:24+13:00[Pacific/Auckland],Yes
<A>,15,2026-02-25T19:55:24+13:00[Pacific/Auckland],2026-02-25T19:55:39+13:00[Pacific/Auckland],Yes
C,19,2026-02-25T19:55:39+13:00[Pacific/Auckland],2026-02-25T19:55:58+13:00[Pacific/Auckland],Yes
<A>,12,2026-02-25T19:55:58+13:00[Pacific/Auckland],2026-02-25T19:56:10+13:00[Pacific/Auckland],Yes
C,30,2026-02-25T19:56:10+13:00[Pacific/Auckland],2026-02-25T19:56:40+13:00[Pacific/Auckland],
D,16,2026-02-25T19:56:40+13:00[Pacific/Auckland],2026-02-25T19:56:56+13:00[Pacific/Auckland],Yes
<A>,12,2026-02-25T19:56:56+13:00[Pacific/Auckland],2026-02-25T19:57:08+13:00[Pacific/Auckland],Yes
C,17,2026-02-25T19:57:08+13:00[Pacific/Auckland],2026-02-25T19:57:25+13:00[Pacific/Auckland],Yes
<A>,12,2026-02-25T19:57:25+13:00[Pacific/Auckland],2026-02-25T19:57:37+13:00[Pacific/Auckland],Yes
C,16,2026-02-25T19:57:37+13:00[Pacific/Auckland],2026-02-25T19:57:53+13:00[Pacific/Auckland],Yes
<A>,13,2026-02-25T19:57:53+13:00[Pacific/Auckland],2026-02-25T19:58:06+13:00[Pacific/Auckland],Yes
B,16,2026-02-25T19:58:06+13:00[Pacific/Auckland],2026-02-25T19:58:22+13:00[Pacific/Auckland],Yes
C,16,2026-02-25T19:58:22+13:00[Pacific/Auckland],2026-02-25T19:58:38+13:00[Pacific/Auckland],Yes
D,16,2026-02-25T19:58:38+13:00[Pacific/Auckland],2026-02-25T19:58:54+13:00[Pacific/Auckland],Yes
<A>,17,2026-02-25T19:58:54+13:00[Pacific/Auckland],2026-02-25T19:59:11+13:00[Pacific/Auckland],Yes
B,16,2026-02-25T19:59:11+13:00[Pacific/Auckland],2026-02-25T19:59:27+13:00[Pacific/Auckland],Yes
<A>,11,2026-02-25T19:59:27+13:00[Pacific/Auckland],2026-02-25T19:59:38+13:00[Pacific/Auckland],Yes
C,22,2026-02-25T19:59:38+13:00[Pacific/Auckland],2026-02-25T20:00:00+13:00[Pacific/Auckland],Yes
<A>,19,2026-02-25T20:00:00+13:00[Pacific/Auckland],2026-02-25T20:00:19+13:00[Pacific/Auckland],Yes
B,16,2026-02-25T20:00:19+13:00[Pacific/Auckland],2026-02-25T20:00:35+13:00[Pacific/Auckland],Yes
<A>,15,2026-02-25T20:00:35+13:00[Pacific/Auckland],2026-02-25T20:00:50+13:00[Pacific/Auckland],Yes
C,18,2026-02-25T20:00:50+13:00[Pacific/Auckland],2026-02-25T20:01:08+13:00[Pacific/Auckland],Yes
<A>,17,2026-02-25T20:01:08+13:00[Pacific/Auckland],2026-02-25T20:01:25+13:00[Pacific/Auckland],Yes
C,18,2026-02-25T20:01:25+13:00[Pacific/Auckland],2026-02-25T20:01:43+13:00[Pacific/Auckland],Yes
<A>,22,2026-02-25T20:01:43+13:00[Pacific/Auckland],2026-02-25T20:02:05+13:00[Pacific/Auckland],Yes
D,17,2026-02-25T20:02:05+13:00[Pacific/Auckland],2026-02-25T20:02:22+13:00[Pacific/Auckland],Yes
<A>,11,2026-02-25T20:02:22+13:00[Pacific/Auckland],2026-02-25T20:02:33+13:00[Pacific/Auckland],Yes
B,16,2026-02-25T20:02:33+13:00[Pacific/Auckland],2026-02-25T20:02:49+13:00[Pacific/Auckland],Yes
<A>,21,2026-02-25T20:02:49+13:00[Pacific/Auckland],2026-02-25T20:03:10+13:00[Pacific/Auckland],Yes
C,12,2026-02-25T20:03:10+13:00[Pacific/Auckland],2026-02-25T20:03:22+13:00[Pacific/Auckland],Yes
<A>,21,2026-02-25T20:03:22+13:00[Pacific/Auckland],2026-02-25T20:03:43+13:00[Pacific/Auckland],
C,14,2026-02-25T20:03:43+13:00[Pacific/Auckland],2026-02-25T20:03:57+13:00[Pacific/Auckland],Yes
<A>,19,2026-02-25T20:03:57+13:00[Pacific/Auckland],2026-02-25T20:04:16+13:00[Pacific/Auckland],Yes
C,13,2026-02-25T20:04:16+13:00[Pacific/Auckland],2026-02-25T20:04:29+13:00[Pacific/Auckland],Yes
<A>,43,2026-02-25T20:04:29+13:00[Pacific/Auckland],2026-02-25T20:05:12+13:00[Pacific/Auckland],
B,16,2026-02-25T20:05:12+13:00[Pacific/Auckland],2026-02-25T20:05:28+13:00[Pacific/Auckland],Yes
C,17,2026-02-25T20:05:28+13:00[Pacific/Auckland],2026-02-25T20:05:45+13:00[Pacific/Auckland],Yes
D,16,2026-02-25T20:05:45+13:00[Pacific/Auckland],2026-02-25T20:06:01+13:00[Pacific/Auckland],Yes
<A>,18,2026-02-25T20:06:01+13:00[Pacific/Auckland],2026-02-25T20:06:19+13:00[Pacific/Auckland],Yes
C,18,2026-02-25T20:06:19+13:00[Pacific/Auckland],2026-02-25T20:06:37+13:00[Pacific/Auckland],Yes
<A>,16,2026-02-25T20:06:37+13:00[Pacific/Auckland],2026-02-25T20:06:53+13:00[Pacific/Auckland],Yes
B,16,2026-02-25T20:06:53+13:00[Pacific/Auckland],2026-02-25T20:07:09+13:00[Pacific/Auckland],Yes
<A>,28,2026-02-25T20:07:09+13:00[Pacific/Auckland],2026-02-25T20:07:37+13:00[Pacific/Auckland],Yes
B,16,2026-02-25T20:07:37+13:00[Pacific/Auckland],2026-02-25T20:07:53+13:00[Pacific/Auckland],Yes
C,23,2026-02-25T20:07:53+13:00[Pacific/Auckland],2026-02-25T20:08:16+13:00[Pacific/Auckland],Yes
D,17,2026-02-25T20:08:16+13:00[Pacific/Auckland],2026-02-25T20:08:33+13:00[Pacific/Auckland],Yes
<A>,13,2026-02-25T20:08:33+13:00[Pacific/Auckland],2026-02-25T20:08:46+13:00[Pacific/Auckland],Yes
C,26,2026-02-25T20:08:46+13:00[Pacific/Auckland],2026-02-25T20:09:12+13:00[Pacific/Auckland],Yes
<A>,12,2026-02-25T20:09:12+13:00[Pacific/Auckland],2026-02-25T20:09:24+13:00[Pacific/Auckland],Yes
D,17,2026-02-25T20:09:24+13:00[Pacific/Auckland],2026-02-25T20:09:41+13:00[Pacific/Auckland],Yes
<A>,42,2026-02-25T20:09:41+13:00[Pacific/Auckland],2026-02-25T20:10:23+13:00[Pacific/Auckland],Yes
B,16,2026-02-25T20:10:23+13:00[Pacific/Auckland],2026-02-25T20:10:39+13:00[Pacific/Auckland],Yes
C,17,2026-02-25T20:10:39+13:00[Pacific/Auckland],2026-02-25T20:10:56+13:00[Pacific/Auckland],Yes
D,16,2026-02-25T20:10:56+13:00[Pacific/Auckland],2026-02-25T20:11:12+13:00[Pacific/Auckland],Yes
<A>,23,2026-02-25T20:11:12+13:00[Pacific/Auckland],2026-02-25T20:11:35+13:00[Pacific/Auckland],Yes
B,17,2026-02-25T20:11:35+13:00[Pacific/Auckland],2026-02-25T20:11:52+13:00[Pacific/Auckland],Yes
<A>,14,2026-02-25T20:11:52+13:00[Pacific/Auckland],2026-02-25T20:12:06+13:00[Pacific/Auckland],Yes
C,15,2026-02-25T20:12:06+13:00[Pacific/Auckland],2026-02-25T20:12:21+13:00[Pacific/Auckland],Yes
<A>,14,2026-02-25T20:12:21+13:00[Pacific/Auckland],2026-02-25T20:12:35+13:00[Pacific/Auckland],Yes
C,14,2026-02-25T20:12:35+13:00[Pacific/Auckland],2026-02-25T20:12:49+13:00[Pacific/Auckland],Yes
D,16,2026-02-25T20:12:49+13:00[Pacific/Auckland],2026-02-25T20:13:05+13:00[Pacific/Auckland],Yes
<A>,22,2026-02-25T20:13:05+13:00[Pacific/Auckland],2026-02-25T20:13:27+13:00[Pacific/Auckland],Yes
C,13,2026-02-25T20:13:27+13:00[Pacific/Auckland],2026-02-25T20:13:40+13:00[Pacific/Auckland],Yes
<A>,36,2026-02-25T20:13:40+13:00[Pacific/Auckland],2026-02-25T20:14:16+13:00[Pacific/Auckland],
B,17,2026-02-25T20:14:16+13:00[Pacific/Auckland],2026-02-25T20:14:33+13:00[Pacific/Auckland],Yes
C,16,2026-02-25T20:14:33+13:00[Pacific/Auckland],2026-02-25T20:14:49+13:00[Pacific/Auckland],Yes
D,16,2026-02-25T20:14:49+13:00[Pacific/Auckland],2026-02-25T20:15:05+13:00[Pacific/Auckland],Yes
<A>,20,2026-02-25T20:15:05+13:00[Pacific/Auckland],2026-02-25T20:15:25+13:00[Pacific/Auckland],Yes
B,17,2026-02-25T20:15:25+13:00[Pacific/Auckland],2026-02-25T20:15:42+13:00[Pacific/Auckland],Yes
C,16,2026-02-25T20:15:42+13:00[Pacific/Auckland],2026-02-25T20:15:58+13:00[Pacific/Auckland],Yes
<A>,31,2026-02-25T20:15:58+13:00[Pacific/Auckland],2026-02-25T20:16:29+13:00[Pacific/Auckland],Yes
C,15,2026-02-25T20:16:29+13:00[Pacific/Auckland],2026-02-25T20:16:44+13:00[Pacific/Auckland],Yes
<A>,23,2026-02-25T20:16:44+13:00[Pacific/Auckland],2026-02-25T20:17:07+13:00[Pacific/Auckland],
B,16,2026-02-25T20:17:07+13:00[Pacific/Auckland],2026-02-25T20:17:23+13:00[Pacific/Auckland],Yes
<A>,19,2026-02-25T20:17:23+13:00[Pacific/Auckland],2026-02-25T20:17:42+13:00[Pacific/Auckland],Yes
C,30,2026-02-25T20:17:42+13:00[Pacific/Auckland],2026-02-25T20:18:12+13:00[Pacific/Auckland],Yes
<A>,21,2026-02-25T20:18:12+13:00[Pacific/Auckland],2026-02-25T20:18:33+13:00[Pacific/Auckland],
C,20,2026-02-25T20:18:33+13:00[Pacific/Auckland],2026-02-25T20:18:53+13:00[Pacific/Auckland],Yes
D,16,2026-02-25T20:18:53+13:00[Pacific/Auckland],2026-02-25T20:19:09+13:00[Pacific/Auckland],Yes
<A>,14,2026-02-25T20:19:09+13:00[Pacific/Auckland],2026-02-25T20:19:23+13:00[Pacific/Auckland],Yes
C,18,2026-02-25T20:19:23+13:00[Pacific/Auckland],2026-02-25T20:19:41+13:00[Pacific/Auckland],Yes
<A>,16,2026-02-25T20:19:41+13:00[Pacific/Auckland],2026-02-25T20:19:57+13:00[Pacific/Auckland],Yes
B,16,2026-02-25T20:19:57+13:00[Pacific/Auckland],2026-02-25T20:20:13+13:00[Pacific/Auckland],Yes
C,19,2026-02-25T20:20:13+13:00[Pacific/Auckland],2026-02-25T20:20:32+13:00[Pacific/Auckland],Yes
<A>,52,2026-02-25T20:20:32+13:00[Pacific/Auckland],2026-02-25T20:21:24+13:00[Pacific/Auckland],Yes
C,13,2026-02-25T20:21:24+13:00[Pacific/Auckland],2026-02-25T20:21:37+13:00[Pacific/Auckland],Yes
<A>,14,2026-02-25T20:21:37+13:00[Pacific/Auckland],2026-02-25T20:21:51+13:00[Pacific/Auckland],Yes
B,16,2026-02-25T20:21:51+13:00[Pacific/Auckland],2026-02-25T20:22:07+13:00[Pacific/Auckland],Yes
C,16,2026-02-25T20:22:07+13:00[Pacific/Auckland],2026-02-25T20:22:23+13:00[Pacific/Auckland],Yes
<A>,15,2026-02-25T20:22:23+13:00[Pacific/Auckland],2026-02-25T20:22:38+13:00[Pacific/Auckland],Yes
C,13,2026-02-25T20:22:38+13:00[Pacific/Auckland],2026-02-25T20:22:51+13:00[Pacific/Auckland],Yes
<A>,30,2026-02-25T20:22:51+13:00[Pacific/Auckland],2026-02-25T20:23:21+13:00[Pacific/Auckland],
B,19,2026-02-25T20:23:21+13:00[Pacific/Auckland],2026-02-25T20:23:40+13:00[Pacific/Auckland],Yes
<A>,12,2026-02-25T20:23:40+13:00[Pacific/Auckland],2026-02-25T20:23:52+13:00[Pacific/Auckland],Yes
D,16,2026-02-25T20:23:52+13:00[Pacific/Auckland],2026-02-25T20:24:08+13:00[Pacific/Auckland],Yes
<A>,12,2026-02-25T20:24:08+13:00[Pacific/Auckland],2026-02-25T20:24:20+13:00[Pacific/Auckland],Yes
B,16,2026-02-25T20:24:20+13:00[Pacific/Auckland],2026-02-25T20:24:36+13:00[Pacific/Auckland],Yes
D,16,2026-02-25T20:24:36+13:00[Pacific/Auckland],2026-02-25T20:24:52+13:00[Pacific/Auckland],Yes
<A>,11,2026-02-25T20:24:52+13:00[Pacific/Auckland],2026-02-25T20:25:03+13:00[Pacific/Auckland],Yes
C,15,2026-02-25T20:25:03+13:00[Pacific/Auckland],2026-02-25T20:25:18+13:00[Pacific/Auckland],Yes
<A>,14,2026-02-25T20:25:18+13:00[Pacific/Auckland],2026-02-25T20:25:32+13:00[Pacific/Auckland],Yes
D,19,2026-02-25T20:25:32+13:00[Pacific/Auckland],2026-02-25T20:25:51+13:00[Pacific/Auckland],Yes
<A>,13,2026-02-25T20:25:51+13:00[Pacific/Auckland],2026-02-25T20:26:04+13:00[Pacific/Auckland],Yes
B,16,2026-02-25T20:26:04+13:00[Pacific/Auckland],2026-02-25T20:26:20+13:00[Pacific/Auckland],Yes
C,19,2026-02-25T20:26:20+13:00[Pacific/Auckland],2026-02-25T20:26:39+13:00[Pacific/Auckland],Yes
<A>,13,2026-02-25T20:26:39+13:00[Pacific/Auckland],2026-02-25T20:26:52+13:00[Pacific/Auckland],Yes
C,24,2026-02-25T20:26:52+13:00[Pacific/Auckland],2026-02-25T20:27:16+13:00[Pacific/Auckland],Yes
<A>,14,2026-02-25T20:27:16+13:00[Pacific/Auckland],2026-02-25T20:27:30+13:00[Pacific/Auckland],Yes
C,13,2026-02-25T20:27:30+13:00[Pacific/Auckland],2026-02-25T20:27:43+13:00[Pacific/Auckland],Yes
<A>,11,2026-02-25T20:27:43+13:00[Pacific/Auckland],2026-02-25T20:27:54+13:00[Pacific/Auckland],Yes
D,16,2026-02-25T20:27:54+13:00[Pacific/Auckland],2026-02-25T20:28:10+13:00[Pacific/Auckland],Yes
<A>,14,2026-02-25T20:28:10+13:00[Pacific/Auckland],2026-02-25T20:28:24+13:00[Pacific/Auckland],Yes
C,26,2026-02-25T20:28:24+13:00[Pacific/Auckland],2026-02-25T20:28:50+13:00[Pacific/Auckland],Yes
D,15,2026-02-25T20:28:50+13:00[Pacific/Auckland],2026-02-25T20:29:05+13:00[Pacific/Auckland],Yes
<A>,11,2026-02-25T20:29:05+13:00[Pacific/Auckland],2026-02-25T20:29:16+13:00[Pacific/Auckland],Yes
C,26,2026-02-25T20:29:16+13:00[Pacific/Auckland],2026-02-25T20:29:42+13:00[Pacific/Auckland],Yes
<A>,13,2026-02-25T20:29:42+13:00[Pacific/Auckland],2026-02-25T20:29:55+13:00[Pacific/Auckland],Yes
D,20,2026-02-25T20:29:55+13:00[Pacific/Auckland],2026-02-25T20:30:15+13:00[Pacific/Auckland],Yes
<A>,18,2026-02-25T20:30:15+13:00[Pacific/Auckland],2026-02-25T20:30:33+13:00[Pacific/Auckland],Yes
B,16,2026-02-25T20:30:33+13:00[Pacific/Auckland],2026-02-25T20:30:49+13:00[Pacific/Auckland],Yes
C,27,2026-02-25T20:30:49+13:00[Pacific/Auckland],2026-02-25T20:31:16+13:00[Pacific/Auckland],Yes
<A>,26,2026-02-25T20:31:16+13:00[Pacific/Auckland],2026-02-25T20:31:42+13:00[Pacific/Auckland],Yes
C,16,2026-02-25T20:31:42+13:00[Pacific/Auckland],2026-02-25T20:31:58+13:00[Pacific/Auckland],Yes
<A>,12,2026-02-25T20:31:58+13:00[Pacific/Auckland],2026-02-25T20:32:10+13:00[Pacific/Auckland],Yes
C,13,2026-02-25T20:32:10+13:00[Pacific/Auckland],2026-02-25T20:32:23+13:00[Pacific/Auckland],Yes
<A>,11,2026-02-25T20:32:23+13:00[Pacific/Auckland],2026-02-25T20:32:34+13:00[Pacific/Auckland],Yes
C,13,2026-02-25T20:32:34+13:00[Pacific/Auckland],2026-02-25T20:32:47+13:00[Pacific/Auckland],Yes
D,15,2026-02-25T20:32:47+13:00[Pacific/Auckland],2026-02-25T20:33:02+13:00[Pacific/Auckland],Yes
<A>,19,2026-02-25T20:33:02+13:00[Pacific/Auckland],2026-02-25T20:33:21+13:00[Pacific/Auckland],Yes
C,12,2026-02-25T20:33:21+13:00[Pacific/Auckland],2026-02-25T20:33:33+13:00[Pacific/Auckland],Yes
D,16,2026-02-25T20:33:33+13:00[Pacific/Auckland],2026-02-25T20:33:49+13:00[Pacific/Auckland],Yes
<A>,12,2026-02-25T20:33:49+13:00[Pacific/Auckland],2026-02-25T20:34:01+13:00[Pacific/Auckland],Yes
C,13,2026-02-25T20:34:01+13:00[Pacific/Auckland],2026-02-25T20:34:14+13:00[Pacific/Auckland],Yes
<A>,31,2026-02-25T20:34:14+13:00[Pacific/Auckland],2026-02-25T20:34:45+13:00[Pacific/Auckland],Yes
C,11,2026-02-25T20:34:45+13:00[Pacific/Auckland],2026-02-25T20:34:56+13:00[Pacific/Auckland],Yes
<A>,15,2026-02-25T20:34:56+13:00[Pacific/Auckland],2026-02-25T20:35:11+13:00[Pacific/Auckland],Yes
D,17,2026-02-25T20:35:11+13:00[Pacific/Auckland],2026-02-25T20:35:28+13:00[Pacific/Auckland],Yes
<A>,15,2026-02-25T20:35:28+13:00[Pacific/Auckland],2026-02-25T20:35:43+13:00[Pacific/Auckland],Yes
C,20,2026-02-25T20:35:43+13:00[Pacific/Auckland],2026-02-25T20:36:03+13:00[Pacific/Auckland],Yes
D,16,2026-02-25T20:36:03+13:00[Pacific/Auckland],2026-02-25T20:36:19+13:00[Pacific/Auckland],Yes
<A>,11,2026-02-25T20:36:19+13:00[Pacific/Auckland],2026-02-25T20:36:30+13:00[Pacific/Auckland],Yes
C,12,2026-02-25T20:36:30+13:00[Pacific/Auckland],2026-02-25T20:36:42+13:00[Pacific/Auckland],Yes
<A>,27,2026-02-25T20:36:42+13:00[Pacific/Auckland],2026-02-25T20:37:09+13:00[Pacific/Auckland],
B,16,2026-02-25T20:37:09+13:00[Pacific/Auckland],2026-02-25T20:37:25+13:00[Pacific/Auckland],Yes
C,17,2026-02-25T20:37:25+13:00[Pacific/Auckland],2026-02-25T20:37:42+13:00[Pacific/Auckland],Yes
<A>,23,2026-02-25T20:37:42+13:00[Pacific/Auckland],2026-02-25T20:38:05+13:00[Pacific/Auckland],Yes
C,17,2026-02-25T20:38:05+13:00[Pacific/Auckland],2026-02-25T20:38:22+13:00[Pacific/Auckland],Yes
<A>,31,2026-02-25T20:38:22+13:00[Pacific/Auckland],2026-02-25T20:38:53+13:00[Pacific/Auckland],
B,16,2026-02-25T20:38:53+13:00[Pacific/Auckland],2026-02-25T20:39:09+13:00[Pacific/Auckland],Yes
C,17,2026-02-25T20:39:09+13:00[Pacific/Auckland],2026-02-25T20:39:26+13:00[Pacific/Auckland],Yes
D,16,2026-02-25T20:39:26+13:00[Pacific/Auckland],2026-02-25T20:39:42+13:00[Pacific/Auckland],Yes
<A>,16,2026-02-25T20:39:42+13:00[Pacific/Auckland],2026-02-25T20:39:58+13:00[Pacific/Auckland],Yes
B,16,2026-02-25T20:39:58+13:00[Pacific/Auckland],2026-02-25T20:40:14+13:00[Pacific/Auckland],Yes
C,17,2026-02-25T20:40:14+13:00[Pacific/Auckland],2026-02-25T20:40:31+13:00[Pacific/Auckland],Yes
D,16,2026-02-25T20:40:31+13:00[Pacific/Auckland],2026-02-25T20:40:47+13:00[Pacific/Auckland],Yes
<A>,14,2026-02-25T20:40:47+13:00[Pacific/Auckland],2026-02-25T20:41:01+13:00[Pacific/Auckland],Yes
C,15,2026-02-25T20:41:01+13:00[Pacific/Auckland],2026-02-25T20:41:16+13:00[Pacific/Auckland],Yes
<A>,24,2026-02-25T20:41:16+13:00[Pacific/Auckland],2026-02-25T20:41:40+13:00[Pacific/Auckland],
B,16,2026-02-25T20:41:40+13:00[Pacific/Auckland],2026-02-25T20:41:56+13:00[Pacific/Auckland],Yes
<A>,55,2026-02-25T20:41:56+13:00[Pacific/Auckland],2026-02-25T20:42:51+13:00[Pacific/Auckland],Yes
C,14,2026-02-25T20:42:51+13:00[Pacific/Auckland],2026-02-25T20:43:05+13:00[Pacific/Auckland],Yes
<A>,48,2026-02-25T20:43:05+13:00[Pacific/Auckland],2026-02-25T20:43:53+13:00[Pacific/Auckland],
B,16,2026-02-25T20:43:53+13:00[Pacific/Auckland],2026-02-25T20:44:09+13:00[Pacific/Auckland],Yes
<A>,18,2026-02-25T20:44:09+13:00[Pacific/Auckland],2026-02-25T20:44:27+13:00[Pacific/Auckland],Yes
C,13,2026-02-25T20:44:27+13:00[Pacific/Auckland],2026-02-25T20:44:40+13:00[Pacific/Auckland],Yes
<A>,45,2026-02-25T20:44:40+13:00[Pacific/Auckland],2026-02-25T20:45:25+13:00[Pacific/Auckland],
B,16,2026-02-25T20:45:25+13:00[Pacific/Auckland],2026-02-25T20:45:41+13:00[Pacific/Auckland],Yes
C,17,2026-02-25T20:45:41+13:00[Pacific/Auckland],2026-02-25T20:45:58+13:00[Pacific/Auckland],Yes
D,16,2026-02-25T20:45:58+13:00[Pacific/Auckland],2026-02-25T20:46:14+13:00[Pacific/Auckland],Yes
<A>,11,2026-02-25T20:46:14+13:00[Pacific/Auckland],2026-02-25T20:46:25+13:00[Pacific/Auckland],Yes
C,15,2026-02-25T20:46:25+13:00[Pacific/Auckland],2026-02-25T20:46:40+13:00[Pacific/Auckland],Yes
<A>,25,2026-02-25T20:46:40+13:00[Pacific/Auckland],2026-02-25T20:47:05+13:00[Pacific/Auckland],
B,16,2026-02-25T20:47:05+13:00[Pacific/Auckland],2026-02-25T20:47:21+13:00[Pacific/Auckland],Yes
C,17,2026-02-25T20:47:21+13:00[Pacific/Auckland],2026-02-25T20:47:38+13:00[Pacific/Auckland],Yes
<A>,12,2026-02-25T20:47:38+13:00[Pacific/Auckland],2026-02-25T20:47:50+13:00[Pacific/Auckland],Yes
B,17,2026-02-25T20:47:50+13:00[Pacific/Auckland],2026-02-25T20:48:07+13:00[Pacific/Auckland],Yes
C,16,2026-02-25T20:48:07+13:00[Pacific/Auckland],2026-02-25T20:48:23+13:00[Pacific/Auckland],Yes
<A>,11,2026-02-25T20:48:23+13:00[Pacific/Auckland],2026-02-25T20:48:34+13:00[Pacific/Auckland],Yes
C,15,2026-02-25T20:48:34+13:00[Pacific/Auckland],2026-02-25T20:48:49+13:00[Pacific/Auckland],Yes
<A>,18,2026-02-25T20:48:49+13:00[Pacific/Auckland],2026-02-25T20:49:07+13:00[Pacific/Auckland],Yes
D,17,2026-02-25T20:49:07+13:00[Pacific/Auckland],2026-02-25T20:49:24+13:00[Pacific/Auckland],Yes
<A>,24,2026-02-25T20:49:24+13:00[Pacific/Auckland],2026-02-25T20:49:48+13:00[Pacific/Auckland],Yes
C,18,2026-02-25T20:49:48+13:00[Pacific/Auckland],2026-02-25T20:50:06+13:00[Pacific/Auckland],Yes
<A>,20,2026-02-25T20:50:06+13:00[Pacific/Auckland],2026-02-25T20:50:26+13:00[Pacific/Auckland],
B,16,2026-02-25T20:50:26+13:00[Pacific/Auckland],2026-02-25T20:50:42+13:00[Pacific/Auckland],Yes
<A>,13,2026-02-25T20:50:42+13:00[Pacific/Auckland],2026-02-25T20:50:55+13:00[Pacific/Auckland],Yes
C,16,2026-02-25T20:50:55+13:00[Pacific/Auckland],2026-02-25T20:51:11+13:00[Pacific/Auckland],Yes
D,16,2026-02-25T20:51:11+13:00[Pacific/Auckland],2026-02-25T20:51:27+13:00[Pacific/Auckland],Yes
<A>,11,2026-02-25T20:51:27+13:00[Pacific/Auckland],2026-02-25T20:51:38+13:00[Pacific/Auckland],Yes
B,17,2026-02-25T20:51:38+13:00[Pacific/Auckland],2026-02-25T20:51:55+13:00[Pacific/Auckland],Yes
C,17,2026-02-25T20:51:55+13:00[Pacific/Auckland],2026-02-25T20:52:12+13:00[Pacific/Auckland],Yes
<A>,19,2026-02-25T20:52:12+13:00[Pacific/Auckland],2026-02-25T20:52:31+13:00[Pacific/Auckland],Yes
C,21,2026-02-25T20:52:31+13:00[Pacific/Auckland],2026-02-25T20:52:52+13:00[Pacific/Auckland],Yes
D,15,2026-02-25T20:52:52+13:00[Pacific/Auckland],2026-02-25T20:53:07+13:00[Pacific/Auckland],Yes
<A>,15,2026-02-25T20:53:07+13:00[Pacific/Auckland],2026-02-25T20:53:22+13:00[Pacific/Auckland],Yes
C,15,2026-02-25T20:53:22+13:00[Pacific/Auckland],2026-02-25T20:53:37+13:00[Pacific/Auckland],Yes
<A>,12,2026-02-25T20:53:37+13:00[Pacific/Auckland],2026-02-25T20:53:49+13:00[Pacific/Auckland],Yes
C,16,2026-02-25T20:53:49+13:00[Pacific/Auckland],2026-02-25T20:54:05+13:00[Pacific/Auckland],Yes
D,16,2026-02-25T20:54:05+13:00[Pacific/Auckland],2026-02-25T20:54:21+13:00[Pacific/Auckland],Yes
<A>,12,2026-02-25T20:54:21+13:00[Pacific/Auckland],2026-02-25T20:54:33+13:00[Pacific/Auckland],Yes
B,19,2026-02-25T20:54:33+13:00[Pacific/Auckland],2026-02-25T20:54:52+13:00[Pacific/Auckland],Yes
<A>,14,2026-02-25T20:54:52+13:00[Pacific/Auckland],2026-02-25T20:55:06+13:00[Pacific/Auckland],Yes
C,16,2026-02-25T20:55:06+13:00[Pacific/Auckland],2026-02-25T20:55:22+13:00[Pacific/Auckland],Yes
<A>,16,2026-02-25T20:55:22+13:00[Pacific/Auckland],2026-02-25T20:55:38+13:00[Pacific/Auckland],Yes
C,12,2026-02-25T20:55:38+13:00[Pacific/Auckland],2026-02-25T20:55:50+13:00[Pacific/Auckland],Yes
D,16,2026-02-25T20:55:50+13:00[Pacific/Auckland],2026-02-25T20:56:06+13:00[Pacific/Auckland],Yes
<A>,11,2026-02-25T20:56:06+13:00[Pacific/Auckland],2026-02-25T20:56:17+13:00[Pacific/Auckland],Yes
C,16,2026-02-25T20:56:17+13:00[Pacific/Auckland],2026-02-25T20:56:33+13:00[Pacific/Auckland],Yes
<A>,11,2026-02-25T20:56:33+13:00[Pacific/Auckland],2026-02-25T20:56:44+13:00[Pacific/Auckland],Yes
C,14,2026-02-25T20:56:44+13:00[Pacific/Auckland],2026-02-25T20:56:58+13:00[Pacific/Auckland],Yes
<A>,16,2026-02-25T20:56:58+13:00[Pacific/Auckland],2026-02-25T20:57:14+13:00[Pacific/Auckland],Yes
B,16,2026-02-25T20:57:14+13:00[Pacific/Auckland],2026-02-25T20:57:30+13:00[Pacific/Auckland],Yes
<A>,11,2026-02-25T20:57:30+13:00[Pacific/Auckland],2026-02-25T20:57:41+13:00[Pacific/Auckland],Yes
C,21,2026-02-25T20:57:41+13:00[Pacific/Auckland],2026-02-25T20:58:02+13:00[Pacific/Auckland],Yes
<A>,12,2026-02-25T20:58:02+13:00[Pacific/Auckland],2026-02-25T20:58:14+13:00[Pacific/Auckland],Yes
D,17,2026-02-25T20:58:14+13:00[Pacific/Auckland],2026-02-25T20:58:31+13:00[Pacific/Auckland],Yes
<A>,14,2026-02-25T20:58:31+13:00[Pacific/Auckland],2026-02-25T20:58:45+13:00[Pacific/Auckland],Yes
C,14,2026-02-25T20:58:45+13:00[Pacific/Auckland],2026-02-25T20:58:59+13:00[Pacific/Auckland],Yes
<A>,18,2026-02-25T20:58:59+13:00[Pacific/Auckland],2026-02-25T20:59:17+13:00[Pacific/Auckland],Yes
C,25,2026-02-25T20:59:17+13:00[Pacific/Auckland],2026-02-25T20:59:42+13:00[Pacific/Auckland],Yes
<A>,18,2026-02-25T20:59:42+13:00[Pacific/Auckland],2026-02-25T21:00:00+13:00[Pacific/Auckland],Yes
B,16,2026-02-25T21:00:00+13:00[Pacific/Auckland],2026-02-25T21:00:16+13:00[Pacific/Auckland],Yes
D,16,2026-02-25T21:00:16+13:00[Pacific/Auckland],2026-02-25T21:00:32+13:00[Pacific/Auckland],Yes
<A>,13,2026-02-25T21:00:32+13:00[Pacific/Auckland],2026-02-25T21:00:45+13:00[Pacific/Auckland],Yes
C,14,2026-02-25T21:00:45+13:00[Pacific/Auckland],2026-02-25T21:00:59+13:00[Pacific/Auckland],Yes
D,15,2026-02-25T21:00:59+13:00[Pacific/Auckland],2026-02-25T21:01:14+13:00[Pacific/Auckland],Yes
<A>,11,2026-02-25T21:01:14+13:00[Pacific/Auckland],2026-02-25T21:01:25+13:00[Pacific/Auckland],Yes
C,17,2026-02-25T21:01:25+13:00[Pacific/Auckland],2026-02-25T21:01:42+13:00[Pacific/Auckland],Yes
<A>,14,2026-02-25T21:01:42+13:00[Pacific/Auckland],2026-02-25T21:01:56+13:00[Pacific/Auckland],Yes
C,14,2026-02-25T21:01:56+13:00[Pacific/Auckland],2026-02-25T21:02:10+13:00[Pacific/Auckland],Yes
<A>,19,2026-02-25T21:02:10+13:00[Pacific/Auckland],2026-02-25T21:02:29+13:00[Pacific/Auckland],Yes
C,15,2026-02-25T21:02:29+13:00[Pacific/Auckland],2026-02-25T21:02:44+13:00[Pacific/Auckland],Yes
<A>,15,2026-02-25T21:02:44+13:00[Pacific/Auckland],2026-02-25T21:02:59+13:00[Pacific/Auckland],Yes
D,19,2026-02-25T21:02:59+13:00[Pacific/Auckland],2026-02-25T21:03:18+13:00[Pacific/Auckland],Yes
<A>,13,2026-02-25T21:03:18+13:00[Pacific/Auckland],2026-02-25T21:03:31+13:00[Pacific/Auckland],Yes
B,16,2026-02-25T21:03:31+13:00[Pacific/Auckland],2026-02-25T21:03:47+13:00[Pacific/Auckland],Yes
C,19,2026-02-25T21:03:47+13:00[Pacific/Auckland],2026-02-25T21:04:06+13:00[Pacific/Auckland],Yes
D,19,2026-02-25T21:04:06+13:00[Pacific/Auckland],2026-02-25T21:04:25+13:00[Pacific/Auckland],Yes
<A>,15,2026-02-25T21:04:25+13:00[Pacific/Auckland],2026-02-25T21:04:40+13:00[Pacific/Auckland],Yes
C,12,2026-02-25T21:04:40+13:00[Pacific/Auckland],2026-02-25T21:04:52+13:00[Pacific/Auckland],Yes
<A>,13,2026-02-25T21:04:52+13:00[Pacific/Auckland],2026-02-25T21:05:05+13:00[Pacific/Auckland],Yes
C,28,2026-02-25T21:05:05+13:00[Pacific/Auckland],2026-02-25T21:05:33+13:00[Pacific/Auckland],Yes
<A>,13,2026-02-25T21:05:33+13:00[Pacific/Auckland],2026-02-25T21:05:46+13:00[Pacific/Auckland],Yes
C,12,2026-02-25T21:05:46+13:00[Pacific/Auckland],2026-02-25T21:05:58+13:00[Pacific/Auckland],Yes
D,19,2026-02-25T21:05:58+13:00[Pacific/Auckland],2026-02-25T21:06:17+13:00[Pacific/Auckland],Yes
<A>,13,2026-02-25T21:06:17+13:00[Pacific/Auckland],2026-02-25T21:06:30+13:00[Pacific/Auckland],Yes
B,16,2026-02-25T21:06:30+13:00[Pacific/Auckland],2026-02-25T21:06:46+13:00[Pacific/Auckland],Yes
C,16,2026-02-25T21:06:46+13:00[Pacific/Auckland],2026-02-25T21:07:02+13:00[Pacific/Auckland],Yes
D,16,2026-02-25T21:07:02+13:00[Pacific/Auckland],2026-02-25T21:07:18+13:00[Pacific/Auckland],Yes
<A>,22,2026-02-25T21:07:18+13:00[Pacific/Auckland],2026-02-25T21:07:40+13:00[Pacific/Auckland],Yes
C,16,2026-02-25T21:07:40+13:00[Pacific/Auckland],2026-02-25T21:07:56+13:00[Pacific/Auckland],Yes
D,16,2026-02-25T21:07:56+13:00[Pacific/Auckland],2026-02-25T21:08:12+13:00[Pacific/Auckland],Yes
<A>,12,2026-02-25T21:08:12+13:00[Pacific/Auckland],2026-02-25T21:08:24+13:00[Pacific/Auckland],Yes
C,23,2026-02-25T21:08:24+13:00[Pacific/Auckland],2026-02-25T21:08:47+13:00[Pacific/Auckland],Yes
<A>,32,2026-02-25T21:08:47+13:00[Pacific/Auckland],2026-02-25T21:09:19+13:00[Pacific/Auckland],Yes
C,17,2026-02-25T21:09:19+13:00[Pacific/Auckland],2026-02-25T21:09:36+13:00[Pacific/Auckland],Yes
<A>,20,2026-02-25T21:09:36+13:00[Pacific/Auckland],2026-02-25T21:09:56+13:00[Pacific/Auckland],
B,17,2026-02-25T21:09:56+13:00[Pacific/Auckland],2026-02-25T21:10:13+13:00[Pacific/Auckland],Yes
D,16,2026-02-25T21:10:13+13:00[Pacific/Auckland],2026-02-25T21:10:29+13:00[Pacific/Auckland],Yes
<A>,11,2026-02-25T21:10:29+13:00[Pacific/Auckland],2026-02-25T21:10:40+13:00[Pacific/Auckland],Yes
C,13,2026-02-25T21:10:40+13:00[Pacific/Auckland],2026-02-25T21:10:53+13:00[Pacific/Auckland],Yes
D,16,2026-02-25T21:10:53+13:00[Pacific/Auckland],2026-02-25T21:11:09+13:00[Pacific/Auckland],Yes
<A>,15,2026-02-25T21:11:09+13:00[Pacific/Auckland],2026-02-25T21:11:24+13:00[Pacific/Auckland],Yes
C,23,2026-02-25T21:11:24+13:00[Pacific/Auckland],2026-02-25T21:11:47+13:00[Pacific/Auckland],Yes
D,16,2026-02-25T21:11:47+13:00[Pacific/Auckland],2026-02-25T21:12:03+13:00[Pacific/Auckland],Yes
<A>,28,2026-02-25T21:12:03+13:00[Pacific/Auckland],2026-02-25T21:12:31+13:00[Pacific/Auckland],Yes
C,12,2026-02-25T21:12:31+13:00[Pacific/Auckland],2026-02-25T21:12:43+13:00[Pacific/Auckland],Yes
D,16,2026-02-25T21:12:43+13:00[Pacific/Auckland],2026-02-25T21:12:59+13:00[Pacific/Auckland],Yes
<A>,23,2026-02-25T21:12:59+13:00[Pacific/Auckland],2026-02-25T21:13:22+13:00[Pacific/Auckland],
B,17,2026-02-25T21:13:22+13:00[Pacific/Auckland],2026-02-25T21:13:39+13:00[Pacific/Auckland],Yes
C,16,2026-02-25T21:13:39+13:00[Pacific/Auckland],2026-02-25T21:13:55+13:00[Pacific/Auckland],Yes
D,16,2026-02-25T21:13:55+13:00[Pacific/Auckland],2026-02-25T21:14:11+13:00[Pacific/Auckland],Yes
<A>,11,2026-02-25T21:14:11+13:00[Pacific/Auckland],2026-02-25T21:14:22+13:00[Pacific/Auckland],Yes
C,22,2026-02-25T21:14:22+13:00[Pacific/Auckland],2026-02-25T21:14:44+13:00[Pacific/Auckland],Yes
<A>,21,2026-02-25T21:14:44+13:00[Pacific/Auckland],2026-02-25T21:15:05+13:00[Pacific/Auckland],
C,17,2026-02-25T21:15:05+13:00[Pacific/Auckland],2026-02-25T21:15:22+13:00[Pacific/Auckland],Yes
D,16,2026-02-25T21:15:22+13:00[Pacific/Auckland],2026-02-25T21:15:38+13:00[Pacific/Auckland],Yes
<A>,14,2026-02-25T21:15:38+13:00[Pacific/Auckland],2026-02-25T21:15:52+13:00[Pacific/Auckland],Yes
C,12,2026-02-25T21:15:52+13:00[Pacific/Auckland],2026-02-25T21:16:04+13:00[Pacific/Auckland],Yes
<A>,16,2026-02-25T21:16:04+13:00[Pacific/Auckland],2026-02-25T21:16:20+13:00[Pacific/Auckland],Yes
B,16,2026-02-25T21:16:20+13:00[Pacific/Auckland],2026-02-25T21:16:36+13:00[Pacific/Auckland],Yes
C,17,2026-02-25T21:16:36+13:00[Pacific/Auckland],2026-02-25T21:16:53+13:00[Pacific/Auckland],Yes
D,16,2026-02-25T21:16:53+13:00[Pacific/Auckland],2026-02-25T21:17:09+13:00[Pacific/Auckland],Yes
<A>,15,2026-02-25T21:17:09+13:00[Pacific/Auckland],2026-02-25T21:17:24+13:00[Pacific/Auckland],Yes
C,30,2026-02-25T21:17:24+13:00[Pacific/Auckland],2026-02-25T21:17:54+13:00[Pacific/Auckland],Yes
<A>,12,2026-02-25T21:17:54+13:00[Pacific/Auckland],2026-02-25T21:18:06+13:00[Pacific/Auckland],Yes
C,14,2026-02-25T21:18:06+13:00[Pacific/Auckland],2026-02-25T21:18:20+13:00[Pacific/Auckland],Yes
<A>,49,2026-02-25T21:18:20+13:00[Pacific/Auckland],2026-02-25T21:19:09+13:00[Pacific/Auckland],Yes
C,30,2026-02-25T21:19:09+13:00[Pacific/Auckland],2026-02-25T21:19:39+13:00[Pacific/Auckland],Yes
D,16,2026-02-25T21:19:39+13:00[Pacific/Auckland],2026-02-25T21:19:55+13:00[Pacific/Auckland],Yes
<A>,13,2026-02-25T21:19:55+13:00[Pacific/Auckland],2026-02-25T21:20:08+13:00[Pacific/Auckland],Yes
C,13,2026-02-25T21:20:08+13:00[Pacific/Auckland],2026-02-25T21:20:21+13:00[Pacific/Auckland],Yes
<A>,12,2026-02-25T21:20:21+13:00[Pacific/Auckland],2026-02-25T21:20:33+13:00[Pacific/Auckland],Yes
C,16,2026-02-25T21:20:33+13:00[Pacific/Auckland],2026-02-25T21:20:49+13:00[Pacific/Auckland],Yes
<A>,15,2026-02-25T21:20:49+13:00[Pacific/Auckland],2026-02-25T21:21:04+13:00[Pacific/Auckland],Yes
C,15,2026-02-25T21:21:04+13:00[Pacific/Auckland],2026-02-25T21:21:19+13:00[Pacific/Auckland],Yes
<A>,17,2026-02-25T21:21:19+13:00[Pacific/Auckland],2026-02-25T21:21:36+13:00[Pacific/Auckland],Yes
B,16,2026-02-25T21:21:36+13:00[Pacific/Auckland],2026-02-25T21:21:52+13:00[Pacific/Auckland],Yes
C,18,2026-02-25T21:21:52+13:00[Pacific/Auckland],2026-02-25T21:22:10+13:00[Pacific/Auckland],Yes
D,16,2026-02-25T21:22:10+13:00[Pacific/Auckland],2026-02-25T21:22:26+13:00[Pacific/Auckland],Yes
<A>,17,2026-02-25T21:22:26+13:00[Pacific/Auckland],2026-02-25T21:22:43+13:00[Pacific/Auckland],Yes
C,16,2026-02-25T21:22:43+13:00[Pacific/Auckland],2026-02-25T21:22:59+13:00[Pacific/Auckland],Yes
D,16,2026-02-25T21:22:59+13:00[Pacific/Auckland],2026-02-25T21:23:15+13:00[Pacific/Auckland],Yes
<A>,12,2026-02-25T21:23:15+13:00[Pacific/Auckland],2026-02-25T21:23:27+13:00[Pacific/Auckland],Yes
B,16,2026-02-25T21:23:27+13:00[Pacific/Auckland],2026-02-25T21:23:43+13:00[Pacific/Auckland],Yes
C,17,2026-02-25T21:23:43+13:00[Pacific/Auckland],2026-02-25T21:24:00+13:00[Pacific/Auckland],Yes
<A>,12,2026-02-25T21:24:00+13:00[Pacific/Auckland],2026-02-25T21:24:12+13:00[Pacific/Auckland],Yes
B,16,2026-02-25T21:24:12+13:00[Pacific/Auckland],2026-02-25T21:24:28+13:00[Pacific/Auckland],Yes
<A>,18,2026-02-25T21:24:28+13:00[Pacific/Auckland],2026-02-25T21:24:46+13:00[Pacific/Auckland],Yes
C,13,2026-02-25T21:24:46+13:00[Pacific/Auckland],2026-02-25T21:24:59+13:00[Pacific/Auckland],Yes
D,16,2026-02-25T21:24:59+13:00[Pacific/Auckland],2026-02-25T21:25:15+13:00[Pacific/Auckland],Yes
<A>,12,2026-02-25T21:25:15+13:00[Pacific/Auckland],2026-02-25T21:25:27+13:00[Pacific/Auckland],Yes
C,20,2026-02-25T21:25:27+13:00[Pacific/Auckland],2026-02-25T21:25:47+13:00[Pacific/Auckland],Yes
<A>,12,2026-02-25T21:25:47+13:00[Pacific/Auckland],2026-02-25T21:25:59+13:00[Pacific/Auckland],Yes
C,15,2026-02-25T21:25:59+13:00[Pacific/Auckland],2026-02-25T21:26:14+13:00[Pacific/Auckland],Yes
<A>,30,2026-02-25T21:26:14+13:00[Pacific/Auckland],2026-02-25T21:26:44+13:00[Pacific/Auckland],Yes
C,12,2026-02-25T21:26:44+13:00[Pacific/Auckland],2026-02-25T21:26:56+13:00[Pacific/Auckland],Yes
<A>,21,2026-02-25T21:26:56+13:00[Pacific/Auckland],2026-02-25T21:27:17+13:00[Pacific/Auckland],
B,16,2026-02-25T21:27:17+13:00[Pacific/Auckland],2026-02-25T21:27:33+13:00[Pacific/Auckland],Yes
<A>,21,2026-02-25T21:27:33+13:00[Pacific/Auckland],2026-02-25T21:27:54+13:00[Pacific/Auckland],Yes
C,12,2026-02-25T21:27:54+13:00[Pacific/Auckland],2026-02-25T21:28:06+13:00[Pacific/Auckland],Yes
<A>,17,2026-02-25T21:28:06+13:00[Pacific/Auckland],2026-02-25T21:28:23+13:00[Pacific/Auckland],Yes
B,17,2026-02-25T21:28:23+13:00[Pacific/Auckland],2026-02-25T21:28:40+13:00[Pacific/Auckland],Yes
<A>,16,2026-02-25T21:28:40+13:00[Pacific/Auckland],2026-02-25T21:28:56+13:00[Pacific/Auckland],Yes
C,11,2026-02-25T21:28:56+13:00[Pacific/Auckland],2026-02-25T21:29:07+13:00[Pacific/Auckland],Yes
<A>,15,2026-02-25T21:29:07+13:00[Pacific/Auckland],2026-02-25T21:29:22+13:00[Pacific/Auckland],Yes
C,16,2026-02-25T21:29:22+13:00[Pacific/Auckland],2026-02-25T21:29:38+13:00[Pacific/Auckland],Yes
<A>,11,2026-02-25T21:29:38+13:00[Pacific/Auckland],2026-02-25T21:29:49+13:00[Pacific/Auckland],Yes
C,15,2026-02-25T21:29:49+13:00[Pacific/Auckland],2026-02-25T21:30:04+13:00[Pacific/Auckland],Yes
D,15,2026-02-25T21:30:04+13:00[Pacific/Auckland],2026-02-25T21:30:19+13:00[Pacific/Auckland],Yes
<A>,21,2026-02-25T21:30:19+13:00[Pacific/Auckland],2026-02-25T21:30:40+13:00[Pacific/Auckland],Yes
C,12,2026-02-25T21:30:40+13:00[Pacific/Auckland],2026-02-25T21:30:52+13:00[Pacific/Auckland],Yes
D,15,2026-02-25T21:30:52+13:00[Pacific/Auckland],2026-02-25T21:31:07+13:00[Pacific/Auckland],Yes
<A>,12,2026-02-25T21:31:07+13:00[Pacific/Auckland],2026-02-25T21:31:19+13:00[Pacific/Auckland],Yes
C,16,2026-02-25T21:31:19+13:00[Pacific/Auckland],2026-02-25T21:31:35+13:00[Pacific/Auckland],Yes
<A>,22,2026-02-25T21:31:35+13:00[Pacific/Auckland],2026-02-25T21:31:57+13:00[Pacific/Auckland],Yes
D,18,2026-02-25T21:31:57+13:00[Pacific/Auckland],2026-02-25T21:32:15+13:00[Pacific/Auckland],Yes
<A>,57,2026-02-25T21:32:15+13:00[Pacific/Auckland],2026-02-25T21:33:12+13:00[Pacific/Auckland],
B,16,2026-02-25T21:33:12+13:00[Pacific/Auckland],2026-02-25T21:33:28+13:00[Pacific/Auckland],Yes
C,17,2026-02-25T21:33:28+13:00[Pacific/Auckland],2026-02-25T21:33:45+13:00[Pacific/Auckland],Yes
<A>,53,2026-02-25T21:33:45+13:00[Pacific/Auckland],2026-02-25T21:34:38+13:00[Pacific/Auckland],Yes
C,12,2026-02-25T21:34:38+13:00[Pacific/Auckland],2026-02-25T21:34:50+13:00[Pacific/Auckland],Yes
<A>,11,2026-02-25T21:34:50+13:00[Pacific/Auckland],2026-02-25T21:35:01+13:00[Pacific/Auckland],Yes
C,14,2026-02-25T21:35:01+13:00[Pacific/Auckland],2026-02-25T21:35:15+13:00[Pacific/Auckland],Yes
<A>,12,2026-02-25T21:35:15+13:00[Pacific/Auckland],2026-02-25T21:35:27+13:00[Pacific/Auckland],Yes
D,17,2026-02-25T21:35:27+13:00[Pacific/Auckland],2026-02-25T21:35:44+13:00[Pacific/Auckland],Yes
<A>,19,2026-02-25T21:35:44+13:00[Pacific/Auckland],2026-02-25T21:36:03+13:00[Pacific/Auckland],Yes
C,13,2026-02-25T21:36:03+13:00[Pacific/Auckland],2026-02-25T21:36:16+13:00[Pacific/Auckland],Yes
<A>,88,2026-02-25T21:36:16+13:00[Pacific/Auckland],2026-02-25T21:37:44+13:00[Pacific/Auckland],Yes
C,13,2026-02-25T21:37:44+13:00[Pacific/Auckland],2026-02-25T21:37:57+13:00[Pacific/Auckland],Yes
<A>,87,2026-02-25T21:37:57+13:00[Pacific/Auckland],2026-02-25T21:39:24+13:00[Pacific/Auckland],Yes
B,16,2026-02-25T21:39:24+13:00[Pacific/Auckland],2026-02-25T21:39:40+13:00[Pacific/Auckland],Yes
<A>,11,2026-02-25T21:39:40+13:00[Pacific/Auckland],2026-02-25T21:39:51+13:00[Pacific/Auckland],Yes
B,17,2026-02-25T21:39:51+13:00[Pacific/Auckland],2026-02-25T21:40:08+13:00[Pacific/Auckland],Yes
C,17,2026-02-25T21:40:08+13:00[Pacific/Auckland],2026-02-25T21:40:25+13:00[Pacific/Auckland],Yes
<A>,39,2026-02-25T21:40:25+13:00[Pacific/Auckland],2026-02-25T21:41:04+13:00[Pacific/Auckland],Yes
C,12,2026-02-25T21:41:04+13:00[Pacific/Auckland],2026-02-25T21:41:16+13:00[Pacific/Auckland],Yes
<A>,11,2026-02-25T21:41:16+13:00[Pacific/Auckland],2026-02-25T21:41:27+13:00[Pacific/Auckland],Yes
C,13,2026-02-25T21:41:27+13:00[Pacific/Auckland],2026-02-25T21:41:40+13:00[Pacific/Auckland],Yes
D,16,2026-02-25T21:41:40+13:00[Pacific/Auckland],2026-02-25T21:41:56+13:00[Pacific/Auckland],Yes
<A>,11,2026-02-25T21:41:56+13:00[Pacific/Auckland],2026-02-25T21:42:07+13:00[Pacific/Auckland],Yes
C,12,2026-02-25T21:42:07+13:00[Pacific/Auckland],2026-02-25T21:42:19+13:00[Pacific/Auckland],Yes
D,16,2026-02-25T21:42:19+13:00[Pacific/Auckland],2026-02-25T21:42:35+13:00[Pacific/Auckland],Yes
<A>,11,2026-02-25T21:42:35+13:00[Pacific/Auckland],2026-02-25T21:42:46+13:00[Pacific/Auckland],Yes
B,16,2026-02-25T21:42:46+13:00[Pacific/Auckland],2026-02-25T21:43:02+13:00[Pacific/Auckland],Yes
<A>,26,2026-02-25T21:43:02+13:00[Pacific/Auckland],2026-02-25T21:43:28+13:00[Pacific/Auckland],Yes
C,18,2026-02-25T21:43:28+13:00[Pacific/Auckland],2026-02-25T21:43:46+13:00[Pacific/Auckland],Yes
<A>,16,2026-02-25T21:43:46+13:00[Pacific/Auckland],2026-02-25T21:44:02+13:00[Pacific/Auckland],Yes
B,16,2026-02-25T21:44:02+13:00[Pacific/Auckland],2026-02-25T21:44:18+13:00[Pacific/Auckland],Yes
C,17,2026-02-25T21:44:18+13:00[Pacific/Auckland],2026-02-25T21:44:35+13:00[Pacific/Auckland],Yes
<A>,75,2026-02-25T21:44:35+13:00[Pacific/Auckland],2026-02-25T21:45:50+13:00[Pacific/Auckland],
B,16,2026-02-25T21:45:50+13:00[Pacific/Auckland],2026-02-25T21:46:06+13:00[Pacific/Auckland],Yes
<A>,37,2026-02-25T21:46:06+13:00[Pacific/Auckland],2026-02-25T21:46:43+13:00[Pacific/Auckland],Yes
C,15,2026-02-25T21:46:43+13:00[Pacific/Auckland],2026-02-25T21:46:58+13:00[Pacific/Auckland],Yes
<A>,14,2026-02-25T21:46:58+13:00[Pacific/Auckland],2026-02-25T21:47:12+13:00[Pacific/Auckland],Yes
C,14,2026-02-25T21:47:12+13:00[Pacific/Auckland],2026-02-25T21:47:26+13:00[Pacific/Auckland],Yes
<A>,23,2026-02-25T21:47:26+13:00[Pacific/Auckland],2026-02-25T21:47:49+13:00[Pacific/Auckland],Yes
D,17,2026-02-25T21:47:49+13:00[Pacific/Auckland],2026-02-25T21:48:06+13:00[Pacific/Auckland],Yes
<A>,11,2026-02-25T21:48:06+13:00[Pacific/Auckland],2026-02-25T21:48:17+13:00[Pacific/Auckland],Yes
C,12,2026-02-25T21:48:17+13:00[Pacific/Auckland],2026-02-25T21:48:29+13:00[Pacific/Auckland],Yes
<A>,16,2026-02-25T21:48:29+13:00[Pacific/Auckland],2026-02-25T21:48:45+13:00[Pacific/Auckland],Yes
B,16,2026-02-25T21:48:45+13:00[Pacific/Auckland],2026-02-25T21:49:01+13:00[Pacific/Auckland],Yes
C,21,2026-02-25T21:49:01+13:00[Pacific/Auckland],2026-02-25T21:49:22+13:00[Pacific/Auckland],Yes
<A>,11,2026-02-25T21:49:22+13:00[Pacific/Auckland],2026-02-25T21:49:33+13:00[Pacific/Auckland],Yes
C,12,2026-02-25T21:49:33+13:00[Pacific/Auckland],2026-02-25T21:49:45+13:00[Pacific/Auckland],Yes
<A>,38,2026-02-25T21:49:45+13:00[Pacific/Auckland],2026-02-25T21:50:23+13:00[Pacific/Auckland],
B,16,2026-02-25T21:50:23+13:00[Pacific/Auckland],2026-02-25T21:50:39+13:00[Pacific/Auckland],Yes
<A>,46,2026-02-25T21:50:39+13:00[Pacific/Auckland],2026-02-25T21:51:25+13:00[Pacific/Auckland],Yes
C,12,2026-02-25T21:51:25+13:00[Pacific/Auckland],2026-02-25T21:51:37+13:00[Pacific/Auckland],Yes
<A>,33,2026-02-25T21:51:37+13:00[Pacific/Auckland],2026-02-25T21:52:10+13:00[Pacific/Auckland],
B,16,2026-02-25T21:52:10+13:00[Pacific/Auckland],2026-02-25T21:52:26+13:00[Pacific/Auckland],Yes
C,17,2026-02-25T21:52:26+13:00[Pacific/Auckland],2026-02-25T21:52:43+13:00[Pacific/Auckland],Yes
<A>,11,2026-02-25T21:52:43+13:00[Pacific/Auckland],2026-02-25T21:52:54+13:00[Pacific/Auckland],Yes
B,16,2026-02-25T21:52:54+13:00[Pacific/Auckland],2026-02-25T21:53:10+13:00[Pacific/Auckland],Yes
D,16,2026-02-25T21:53:10+13:00[Pacific/Auckland],2026-02-25T21:53:26+13:00[Pacific/Auckland],Yes
<A>,11,2026-02-25T21:53:26+13:00[Pacific/Auckland],2026-02-25T21:53:37+13:00[Pacific/Auckland],Yes
C,11,2026-02-25T21:53:37+13:00[Pacific/Auckland],2026-02-25T21:53:48+13:00[Pacific/Auckland],Yes
<A>,17,2026-02-25T21:53:48+13:00[Pacific/Auckland],2026-02-25T21:54:05+13:00[Pacific/Auckland],Yes
B,17,2026-02-25T21:54:05+13:00[Pacific/Auckland],2026-02-25T21:54:22+13:00[Pacific/Auckland],Yes
<A>,28,2026-02-25T21:54:22+13:00[Pacific/Auckland],2026-02-25T21:54:50+13:00[Pacific/Auckland],Yes
C,13,2026-02-25T21:54:50+13:00[Pacific/Auckland],2026-02-25T21:55:03+13:00[Pacific/Auckland],Yes
<A>,33,2026-02-25T21:55:03+13:00[Pacific/Auckland],2026-02-25T21:55:36+13:00[Pacific/Auckland],
B,16,2026-02-25T21:55:36+13:00[Pacific/Auckland],2026-02-25T21:55:52+13:00[Pacific/Auckland],Yes
C,17,2026-02-25T21:55:52+13:00[Pacific/Auckland],2026-02-25T21:56:09+13:00[Pacific/Auckland],Yes
D,15,2026-02-25T21:56:09+13:00[Pacific/Auckland],2026-02-25T21:56:24+13:00[Pacific/Auckland],Yes
<A>,13,2026-02-25T21:56:24+13:00[Pacific/Auckland],2026-02-25T21:56:37+13:00[Pacific/Auckland],Yes
C,16,2026-02-25T21:56:37+13:00[Pacific/Auckland],2026-02-25T21:56:53+13:00[Pacific/Auckland],Yes
<A>,12,2026-02-25T21:56:53+13:00[Pacific/Auckland],2026-02-25T21:57:05+13:00[Pacific/Auckland],Yes
C,13,2026-02-25T21:57:05+13:00[Pacific/Auckland],2026-02-25T21:57:18+13:00[Pacific/Auckland],Yes
<A>,12,2026-02-25T21:57:18+13:00[Pacific/Auckland],2026-02-25T21:57:30+13:00[Pacific/Auckland],Yes
B,16,2026-02-25T21:57:30+13:00[Pacific/Auckland],2026-02-25T21:57:46+13:00[Pacific/Auckland],Yes
<A>,50,2026-02-25T21:57:46+13:00[Pacific/Auckland],2026-02-25T21:58:36+13:00[Pacific/Auckland],Yes
C,15,2026-02-25T21:58:36+13:00[Pacific/Auckland],2026-02-25T21:58:51+13:00[Pacific/Auckland],Yes
<A>,11,2026-02-25T21:58:51+13:00[Pacific/Auckland],2026-02-25T21:59:02+13:00[Pacific/Auckland],Yes
D,17,2026-02-25T21:59:02+13:00[Pacific/Auckland],2026-02-25T21:59:19+13:00[Pacific/Auckland],Yes
<A>,11,2026-02-25T21:59:19+13:00[Pacific/Auckland],2026-02-25T21:59:30+13:00[Pacific/Auckland],Yes
B,17,2026-02-25T21:59:30+13:00[Pacific/Auckland],2026-02-25T21:59:47+13:00[Pacific/Auckland],Yes
<A>,46,2026-02-25T21:59:47+13:00[Pacific/Auckland],2026-02-25T22:00:33+13:00[Pacific/Auckland],Yes
C,18,2026-02-25T22:00:33+13:00[Pacific/Auckland],2026-02-25T22:00:51+13:00[Pacific/Auckland],Yes
<A>,34,2026-02-25T22:00:51+13:00[Pacific/Auckland],2026-02-25T22:01:25+13:00[Pacific/Auckland],
B,16,2026-02-25T22:01:25+13:00[Pacific/Auckland],2026-02-25T22:01:41+13:00[Pacific/Auckland],Yes
C,17,2026-02-25T22:01:41+13:00[Pacific/Auckland],2026-02-25T22:01:58+13:00[Pacific/Auckland],Yes
<A>,46,2026-02-25T22:01:58+13:00[Pacific/Auckland],2026-02-25T22:02:44+13:00[Pacific/Auckland],Yes
C,13,2026-02-25T22:02:44+13:00[Pacific/Auckland],2026-02-25T22:02:57+13:00[Pacific/Auckland],Yes
<A>,18,2026-02-25T22:02:57+13:00[Pacific/Auckland],2026-02-25T22:03:15+13:00[Pacific/Auckland],Yes
B,16,2026-02-25T22:03:15+13:00[Pacific/Auckland],2026-02-25T22:03:31+13:00[Pacific/Auckland],Yes
C,17,2026-02-25T22:03:31+13:00[Pacific/Auckland],2026-02-25T22:03:48+13:00[Pacific/Auckland],Yes
D,16,2026-02-25T22:03:48+13:00[Pacific/Auckland],2026-02-25T22:04:04+13:00[Pacific/Auckland],Yes
<A>,11,2026-02-25T22:04:04+13:00[Pacific/Auckland],2026-02-25T22:04:15+13:00[Pacific/Auckland],Yes
C,12,2026-02-25T22:04:15+13:00[Pacific/Auckland],2026-02-25T22:04:27+13:00[Pacific/Auckland],Yes
D,16,2026-02-25T22:04:27+13:00[Pacific/Auckland],2026-02-25T22:04:43+13:00[Pacific/Auckland],Yes
<A>,67,2026-02-25T22:04:43+13:00[Pacific/Auckland],2026-02-25T22:05:50+13:00[Pacific/Auckland],
B,16,2026-02-25T22:05:50+13:00[Pacific/Auckland],2026-02-25T22:06:06+13:00[Pacific/Auckland],Yes
<A>,157,2026-02-25T22:06:06+13:00[Pacific/Auckland],2026-02-25T22:08:43+13:00[Pacific/Auckland],
B,16,2026-02-25T22:08:43+13:00[Pacific/Auckland],2026-02-25T22:08:59+13:00[Pacific/Auckland],Yes
C,17,2026-02-25T22:08:59+13:00[Pacific/Auckland],2026-02-25T22:09:16+13:00[Pacific/Auckland],Yes
<A>,18,2026-02-25T22:09:16+13:00[Pacific/Auckland],2026-02-25T22:09:34+13:00[Pacific/Auckland],Yes
C,14,2026-02-25T22:09:34+13:00[Pacific/Auckland],2026-02-25T22:09:48+13:00[Pacific/Auckland],Yes
D,16,2026-02-25T22:09:48+13:00[Pacific/Auckland],2026-02-25T22:10:04+13:00[Pacific/Auckland],Yes
<A>,35,2026-02-25T22:10:04+13:00[Pacific/Auckland],2026-02-25T22:10:39+13:00[Pacific/Auckland],
B,16,2026-02-25T22:10:39+13:00[Pacific/Auckland],2026-02-25T22:10:55+13:00[Pacific/Auckland],Yes
C,17,2026-02-25T22:10:55+13:00[Pacific/Auckland],2026-02-25T22:11:12+13:00[Pacific/Auckland],Yes
<A>,13,2026-02-25T22:11:12+13:00[Pacific/Auckland],2026-02-25T22:11:25+13:00[Pacific/Auckland],Yes
C,12,2026-02-25T22:11:25+13:00[Pacific/Auckland],2026-02-25T22:11:37+13:00[Pacific/Auckland],Yes
<A>,33,2026-02-25T22:11:37+13:00[Pacific/Auckland],2026-02-25T22:12:10+13:00[Pacific/Auckland],
B,16,2026-02-25T22:12:10+13:00[Pacific/Auckland],2026-02-25T22:12:26+13:00[Pacific/Auckland],Yes
C,17,2026-02-25T22:12:26+13:00[Pacific/Auckland],2026-02-25T22:12:43+13:00[Pacific/Auckland],Yes
<A>,15,2026-02-25T22:12:43+13:00[Pacific/Auckland],2026-02-25T22:12:58+13:00[Pacific/Auckland],Yes
C,12,2026-02-25T22:12:58+13:00[Pacific/Auckland],2026-02-25T22:13:10+13:00[Pacific/Auckland],Yes
<A>,87,2026-02-25T22:13:10+13:00[Pacific/Auckland],2026-02-25T22:14:37+13:00[Pacific/Auckland],
B,16,2026-02-25T22:14:37+13:00[Pacific/Auckland],2026-02-25T22:14:53+13:00[Pacific/Auckland],Yes
C,19,2026-02-25T22:14:53+13:00[Pacific/Auckland],2026-02-25T22:15:12+13:00[Pacific/Auckland],Yes
<A>,19,2026-02-25T22:15:12+13:00[Pacific/Auckland],2026-02-25T22:15:31+13:00[Pacific/Auckland],Yes
C,12,2026-02-25T22:15:31+13:00[Pacific/Auckland],2026-02-25T22:15:43+13:00[Pacific/Auckland],Yes
<A>,17,2026-02-25T22:15:43+13:00[Pacific/Auckland],2026-02-25T22:16:00+13:00[Pacific/Auckland],Yes
B,16,2026-02-25T22:16:00+13:00[Pacific/Auckland],2026-02-25T22:16:16+13:00[Pacific/Auckland],Yes
<A>,11,2026-02-25T22:16:16+13:00[Pacific/Auckland],2026-02-25T22:16:27+13:00[Pacific/Auckland],Yes
B,17,2026-02-25T22:16:27+13:00[Pacific/Auckland],2026-02-25T22:16:44+13:00[Pacific/Auckland],Yes
<A>,29,2026-02-25T22:16:44+13:00[Pacific/Auckland],2026-02-25T22:17:13+13:00[Pacific/Auckland],Yes
C,12,2026-02-25T22:17:13+13:00[Pacific/Auckland],2026-02-25T22:17:25+13:00[Pacific/Auckland],Yes
<A>,192,2026-02-25T22:17:25+13:00[Pacific/Auckland],2026-02-25T22:20:37+13:00[Pacific/Auckland],
B,16,2026-02-25T22:20:37+13:00[Pacific/Auckland],2026-02-25T22:20:53+13:00[Pacific/Auckland],Yes
C,17,2026-02-25T22:20:53+13:00[Pacific/Auckland],2026-02-25T22:21:10+13:00[Pacific/Auckland],Yes
<A>,57,2026-02-25T22:21:10+13:00[Pacific/Auckland],2026-02-25T22:22:07+13:00[Pacific/Auckland],Yes
C,13,2026-02-25T22:22:07+13:00[Pacific/Auckland],2026-02-25T22:22:20+13:00[Pacific/Auckland],Yes
<A>,62,2026-02-25T22:22:20+13:00[Pacific/Auckland],2026-02-25T22:23:22+13:00[Pacific/Auckland],Yes
C,12,2026-02-25T22:23:22+13:00[Pacific/Auckland],2026-02-25T22:23:34+13:00[Pacific/Auckland],Yes
<A>,11,2026-02-25T22:23:34+13:00[Pacific/Auckland],2026-02-25T22:23:45+13:00[Pacific/Auckland],Yes
C,19,2026-02-25T22:23:45+13:00[Pacific/Auckland],2026-02-25T22:24:04+13:00[Pacific/Auckland],Yes
<A>,11,2026-02-25T22:24:04+13:00[Pacific/Auckland],2026-02-25T22:24:15+13:00[Pacific/Auckland],Yes
C,12,2026-02-25T22:24:15+13:00[Pacific/Auckland],2026-02-25T22:24:27+13:00[Pacific/Auckland],Yes
<A>,12,2026-02-25T22:24:27+13:00[Pacific/Auckland],2026-02-25T22:24:39+13:00[Pacific/Auckland],Yes
C,13,2026-02-25T22:24:39+13:00[Pacific/Auckland],2026-02-25T22:24:52+13:00[Pacific/Auckland],Yes
<A>,41,2026-02-25T22:24:52+13:00[Pacific/Auckland],2026-02-25T22:25:33+13:00[Pacific/Auckland],
B,16,2026-02-25T22:25:33+13:00[Pacific/Auckland],2026-02-25T22:25:49+13:00[Pacific/Auckland],Yes
<A>,16,2026-02-25T22:25:49+13:00[Pacific/Auckland],2026-02-25T22:26:05+13:00[Pacific/Auckland],Yes
C,12,2026-02-25T22:26:05+13:00[Pacific/Auckland],2026-02-25T22:26:17+13:00[Pacific/Auckland],Yes
<A>,44,2026-02-25T22:26:17+13:00[Pacific/Auckland],2026-02-25T22:27:01+13:00[Pacific/Auckland],
B,16,2026-02-25T22:27:01+13:00[Pacific/Auckland],2026-02-25T22:27:17+13:00[Pacific/Auckland],Yes
<A>,66,2026-02-25T22:27:17+13:00[Pacific/Auckland],2026-02-25T22:28:23+13:00[Pacific/Auckland],Yes
C,13,2026-02-25T22:28:23+13:00[Pacific/Auckland],2026-02-25T22:28:36+13:00[Pacific/Auckland],Yes
<A>,55,2026-02-25T22:28:36+13:00[Pacific/Auckland],2026-02-25T22:29:31+13:00[Pacific/Auckland],
B,16,2026-02-25T22:29:31+13:00[Pacific/Auckland],2026-02-25T22:29:47+13:00[Pacific/Auckland],Yes
<A>,15,2026-02-25T22:29:47+13:00[Pacific/Auckland],2026-02-25T22:30:02+13:00[Pacific/Auckland],Yes
D,15,2026-02-25T22:30:02+13:00[Pacific/Auckland],2026-02-25T22:30:17+13:00[Pacific/Auckland],Yes
<A>,30,2026-02-25T22:30:17+13:00[Pacific/Auckland],2026-02-25T22:30:47+13:00[Pacific/Auckland],
B,16,2026-02-25T22:30:47+13:00[Pacific/Auckland],2026-02-25T22:31:03+13:00[Pacific/Auckland],Yes
D,16,2026-02-25T22:31:03+13:00[Pacific/Auckland],2026-02-25T22:31:19+13:00[Pacific/Auckland],Yes
<A>,19,2026-02-25T22:31:19+13:00[Pacific/Auckland],2026-02-25T22:31:38+13:00[Pacific/Auckland],Yes
B,16,2026-02-25T22:31:38+13:00[Pacific/Auckland],2026-02-25T22:31:54+13:00[Pacific/Auckland],Yes
C,17,2026-02-25T22:31:54+13:00[Pacific/Auckland],2026-02-25T22:32:11+13:00[Pacific/Auckland],Yes
D,16,2026-02-25T22:32:11+13:00[Pacific/Auckland],2026-02-25T22:32:27+13:00[Pacific/Auckland],Yes
<A>,12,2026-02-25T22:32:27+13:00[Pacific/Auckland],2026-02-25T22:32:39+13:00[Pacific/Auckland],Yes
B,16,2026-02-25T22:32:39+13:00[Pacific/Auckland],2026-02-25T22:32:55+13:00[Pacific/Auckland],Yes
C,16,2026-02-25T22:32:55+13:00[Pacific/Auckland],2026-02-25T22:33:11+13:00[Pacific/Auckland],Yes
<A>,91,2026-02-25T22:33:11+13:00[Pacific/Auckland],2026-02-25T22:34:42+13:00[Pacific/Auckland],
B,16,2026-02-25T22:34:42+13:00[Pacific/Auckland],2026-02-25T22:34:58+13:00[Pacific/Auckland],Yes
C,17,2026-02-25T22:34:58+13:00[Pacific/Auckland],2026-02-25T22:35:15+13:00[Pacific/Auckland],Yes
<A>,40,2026-02-25T22:35:15+13:00[Pacific/Auckland],2026-02-25T22:35:55+13:00[Pacific/Auckland],Yes
C,13,2026-02-25T22:35:55+13:00[Pacific/Auckland],2026-02-25T22:36:08+13:00[Pacific/Auckland],Yes
<A>,46,2026-02-25T22:36:08+13:00[Pacific/Auckland],2026-02-25T22:36:54+13:00[Pacific/Auckland],
B,16,2026-02-25T22:36:54+13:00[Pacific/Auckland],2026-02-25T22:37:10+13:00[Pacific/Auckland],Yes
D,16,2026-02-25T22:37:10+13:00[Pacific/Auckland],2026-02-25T22:37:26+13:00[Pacific/Auckland],Yes
<A>,11,2026-02-25T22:37:26+13:00[Pacific/Auckland],2026-02-25T22:37:37+13:00[Pacific/Auckland],Yes
B,17,2026-02-25T22:37:37+13:00[Pacific/Auckland],2026-02-25T22:37:54+13:00[Pacific/Auckland],Yes
D,15,2026-02-25T22:37:54+13:00[Pacific/Auckland],2026-02-25T22:38:09+13:00[Pacific/Auckland],Yes
<A>,12,2026-02-25T22:38:09+13:00[Pacific/Auckland],2026-02-25T22:38:21+13:00[Pacific/Auckland],Yes
C,17,2026-02-25T22:38:21+13:00[Pacific/Auckland],2026-02-25T22:38:38+13:00[Pacific/Auckland],Yes
<A>,52,2026-02-25T22:38:38+13:00[Pacific/Auckland],2026-02-25T22:39:30+13:00[Pacific/Auckland],
B,16,2026-02-25T22:39:30+13:00[Pacific/Auckland],2026-02-25T22:39:46+13:00[Pacific/Auckland],Yes
<A>,46,2026-02-25T22:39:46+13:00[Pacific/Auckland],2026-02-25T22:40:32+13:00[Pacific/Auckland],Yes
C,19,2026-02-25T22:40:32+13:00[Pacific/Auckland],2026-02-25T22:40:51+13:00[Pacific/Auckland],Yes
<A>,24,2026-02-25T22:40:51+13:00[Pacific/Auckland],2026-02-25T22:41:15+13:00[Pacific/Auckland],
B,16,2026-02-25T22:41:15+13:00[Pacific/Auckland],2026-02-25T22:41:31+13:00[Pacific/Auckland],Yes
C,17,2026-02-25T22:41:31+13:00[Pacific/Auckland],2026-02-25T22:41:48+13:00[Pacific/Auckland],Yes
<A>,23,2026-02-25T22:41:48+13:00[Pacific/Auckland],2026-02-25T22:42:11+13:00[Pacific/Auckland],Yes
C,13,2026-02-25T22:42:11+13:00[Pacific/Auckland],2026-02-25T22:42:24+13:00[Pacific/Auckland],Yes
<A>,14,2026-02-25T22:42:24+13:00[Pacific/Auckland],2026-02-25T22:42:38+13:00[Pacific/Auckland],Yes
C,13,2026-02-25T22:42:38+13:00[Pacific/Auckland],2026-02-25T22:42:51+13:00[Pacific/Auckland],Yes
<A>,52,2026-02-25T22:42:51+13:00[Pacific/Auckland],2026-02-25T22:43:43+13:00[Pacific/Auckland],Yes
B,16,2026-02-25T22:43:43+13:00[Pacific/Auckland],2026-02-25T22:43:59+13:00[Pacific/Auckland],Yes
<A>,106,2026-02-25T22:43:59+13:00[Pacific/Auckland],2026-02-25T22:45:45+13:00[Pacific/Auckland],
B,16,2026-02-25T22:45:45+13:00[Pacific/Auckland],2026-02-25T22:46:01+13:00[Pacific/Auckland],Yes
<A>,59,2026-02-25T22:46:01+13:00[Pacific/Auckland],2026-02-25T22:47:00+13:00[Pacific/Auckland],Yes
C,13,2026-02-25T22:47:00+13:00[Pacific/Auckland],2026-02-25T22:47:13+13:00[Pacific/Auckland],Yes
<A>,31,2026-02-25T22:47:13+13:00[Pacific/Auckland],2026-02-25T22:47:44+13:00[Pacific/Auckland],
B,16,2026-02-25T22:47:44+13:00[Pacific/Auckland],2026-02-25T22:48:00+13:00[Pacific/Auckland],Yes
C,26,2026-02-25T22:48:00+13:00[Pacific/Auckland],2026-02-25T22:48:26+13:00[Pacific/Auckland],Yes
<A>,35,2026-02-25T22:48:26+13:00[Pacific/Auckland],2026-02-25T22:49:01+13:00[Pacific/Auckland],Yes
C,13,2026-02-25T22:49:01+13:00[Pacific/Auckland],2026-02-25T22:49:14+13:00[Pacific/Auckland],Yes
<A>,156,2026-02-25T22:49:14+13:00[Pacific/Auckland],2026-02-25T22:51:50+13:00[Pacific/Auckland],
B,16,2026-02-25T22:51:50+13:00[Pacific/Auckland],2026-02-25T22:52:06+13:00[Pacific/Auckland],Yes
<A>,101,2026-02-25T22:52:06+13:00[Pacific/Auckland],2026-02-25T22:53:47+13:00[Pacific/Auckland],
B,16,2026-02-25T22:53:47+13:00[Pacific/Auckland],2026-02-25T22:54:03+13:00[Pacific/Auckland],Yes
C,17,2026-02-25T22:54:03+13:00[Pacific/Auckland],2026-02-25T22:54:20+13:00[Pacific/Auckland],Yes
<A>,16,2026-02-25T22:54:20+13:00[Pacific/Auckland],2026-02-25T22:54:36+13:00[Pacific/Auckland],Yes
C,13,2026-02-25T22:54:36+13:00[Pacific/Auckland],2026-02-25T22:54:49+13:00[Pacific/Auckland],Yes
<A>,27,2026-02-25T22:54:49+13:00[Pacific/Auckland],2026-02-25T22:55:16+13:00[Pacific/Auckland],
B,16,2026-02-25T22:55:16+13:00[Pacific/Auckland],2026-02-25T22:55:32+13:00[Pacific/Auckland],Yes
C,17,2026-02-25T22:55:32+13:00[Pacific/Auckland],2026-02-25T22:55:49+13:00[Pacific/Auckland],Yes
<A>,32,2026-02-25T22:55:49+13:00[Pacific/Auckland],2026-02-25T22:56:21+13:00[Pacific/Auckland],Yes
C,12,2026-02-25T22:56:21+13:00[Pacific/Auckland],2026-02-25T22:56:33+13:00[Pacific/Auckland],Yes
<A>,13,2026-02-25T22:56:33+13:00[Pacific/Auckland],2026-02-25T22:56:46+13:00[Pacific/Auckland],Yes
C,14,2026-02-25T22:56:46+13:00[Pacific/Auckland],2026-02-25T22:57:00+13:00[Pacific/Auckland],Yes
<A>,209,2026-02-25T22:57:00+13:00[Pacific/Auckland],2026-02-25T23:00:29+13:00[Pacific/Auckland],Yes
C,13,2026-02-25T23:00:29+13:00[Pacific/Auckland],2026-02-25T23:00:42+13:00[Pacific/Auckland],Yes
<A>,53,2026-02-25T23:00:42+13:00[Pacific/Auckland],2026-02-25T23:01:35+13:00[Pacific/Auckland],Yes
C,18,2026-02-25T23:01:35+13:00[Pacific/Auckland],2026-02-25T23:01:53+13:00[Pacific/Auckland],Yes
<A>,11,2026-02-25T23:01:53+13:00[Pacific/Auckland],2026-02-25T23:02:04+13:00[Pacific/Auckland],Yes
B,16,2026-02-25T23:02:04+13:00[Pacific/Auckland],2026-02-25T23:02:20+13:00[Pacific/Auckland],Yes
<A>,16,2026-02-25T23:02:20+13:00[Pacific/Auckland],2026-02-25T23:02:36+13:00[Pacific/Auckland],Yes
C,15,2026-02-25T23:02:36+13:00[Pacific/Auckland],2026-02-25T23:02:51+13:00[Pacific/Auckland],Yes
<A>,29,2026-02-25T23:02:51+13:00[Pacific/Auckland],2026-02-25T23:03:20+13:00[Pacific/Auckland],Yes
C,13,2026-02-25T23:03:20+13:00[Pacific/Auckland],2026-02-25T23:03:33+13:00[Pacific/Auckland],Yes
<A>,107,2026-02-25T23:03:33+13:00[Pacific/Auckland],2026-02-25T23:05:20+13:00[Pacific/Auckland],Yes
C,19,2026-02-25T23:05:20+13:00[Pacific/Auckland],2026-02-25T23:05:39+13:00[Pacific/Auckland],Yes
<A>,50,2026-02-25T23:05:39+13:00[Pacific/Auckland],2026-02-25T23:06:29+13:00[Pacific/Auckland],Yes
C,16,2026-02-25T23:06:29+13:00[Pacific/Auckland],2026-02-25T23:06:45+13:00[Pacific/Auckland],Yes
<A>,179,2026-02-25T23:06:45+13:00[Pacific/Auckland],2026-02-25T23:09:44+13:00[Pacific/Auckland],
B,16,2026-02-25T23:09:44+13:00[Pacific/Auckland],2026-02-25T23:10:00+13:00[Pacific/Auckland],Yes
<A>,47,2026-02-25T23:10:00+13:00[Pacific/Auckland],2026-02-25T23:10:47+13:00[Pacific/Auckland],Yes
C,16,2026-02-25T23:10:47+13:00[Pacific/Auckland],2026-02-25T23:11:03+13:00[Pacific/Auckland],Yes
<A>,130,2026-02-25T23:11:03+13:00[Pacific/Auckland],2026-02-25T23:13:13+13:00[Pacific/Auckland],
B,16,2026-02-25T23:13:13+13:00[Pacific/Auckland],2026-02-25T23:13:29+13:00[Pacific/Auckland],Yes
<A>,32,2026-02-25T23:13:29+13:00[Pacific/Auckland],2026-02-25T23:14:01+13:00[Pacific/Auckland],Yes
C,12,2026-02-25T23:14:01+13:00[Pacific/Auckland],2026-02-25T23:14:13+13:00[Pacific/Auckland],Yes
<A>,120,2026-02-25T23:14:13+13:00[Pacific/Auckland],2026-02-25T23:16:13+13:00[Pacific/Auckland],
B,16,2026-02-25T23:16:13+13:00[Pacific/Auckland],2026-02-25T23:16:29+13:00[Pacific/Auckland],Yes
C,17,2026-02-25T23:16:29+13:00[Pacific/Auckland],2026-02-25T23:16:46+13:00[Pacific/Auckland],Yes
D,16,2026-02-25T23:16:46+13:00[Pacific/Auckland],2026-02-25T23:17:02+13:00[Pacific/Auckland],Yes
<A>,78,2026-02-25T23:17:02+13:00[Pacific/Auckland],2026-02-25T23:18:20+13:00[Pacific/Auckland],
B,23,2026-02-25T23:18:20+13:00[Pacific/Auckland],2026-02-25T23:18:43+13:00[Pacific/Auckland],Yes
<A>,115,2026-02-25T23:18:43+13:00[Pacific/Auckland],2026-02-25T23:20:38+13:00[Pacific/Auckland],Yes
C,13,2026-02-25T23:20:38+13:00[Pacific/Auckland],2026-02-25T23:20:51+13:00[Pacific/Auckland],Yes
<A>,34,2026-02-25T23:20:51+13:00[Pacific/Auckland],2026-02-25T23:21:25+13:00[Pacific/Auckland],Yes
C,13,2026-02-25T23:21:25+13:00[Pacific/Auckland],2026-02-25T23:21:38+13:00[Pacific/Auckland],Yes
<A>,11,2026-02-25T23:21:38+13:00[Pacific/Auckland],2026-02-25T23:21:49+13:00[Pacific/Auckland],Yes
C,18,2026-02-25T23:21:49+13:00[Pacific/Auckland],2026-02-25T23:22:07+13:00[Pacific/Auckland],Yes
D,16,2026-02-25T23:22:07+13:00[Pacific/Auckland],2026-02-25T23:22:23+13:00[Pacific/Auckland],Yes
<A>,85,2026-02-25T23:22:23+13:00[Pacific/Auckland],2026-02-25T23:23:48+13:00[Pacific/Auckland],
B,16,2026-02-25T23:23:48+13:00[Pacific/Auckland],2026-02-25T23:24:04+13:00[Pacific/Auckland],Yes
C,17,2026-02-25T23:24:04+13:00[Pacific/Auckland],2026-02-25T23:24:21+13:00[Pacific/Auckland],Yes
<A>,89,2026-02-25T23:24:21+13:00[Pacific/Auckland],2026-02-25T23:25:50+13:00[Pacific/Auckland],
B,16,2026-02-25T23:25:50+13:00[Pacific/Auckland],2026-02-25T23:26:06+13:00[Pacific/Auckland],Yes
<A>,57,2026-02-25T23:26:06+13:00[Pacific/Auckland],2026-02-25T23:27:03+13:00[Pacific/Auckland],Yes
C,14,2026-02-25T23:27:03+13:00[Pacific/Auckland],2026-02-25T23:27:17+13:00[Pacific/Auckland],Yes
<A>,62,2026-02-25T23:27:17+13:00[Pacific/Auckland],2026-02-25T23:28:19+13:00[Pacific/Auckland],
B,17,2026-02-25T23:28:19+13:00[Pacific/Auckland],2026-02-25T23:28:36+13:00[Pacific/Auckland],Yes
D,15,2026-02-25T23:28:36+13:00[Pacific/Auckland],2026-02-25T23:28:51+13:00[Pacific/Auckland],Yes
<A>,142,2026-02-25T23:28:51+13:00[Pacific/Auckland],2026-02-25T23:31:13+13:00[Pacific/Auckland],
B,16,2026-02-25T23:31:13+13:00[Pacific/Auckland],2026-02-25T23:31:29+13:00[Pacific/Auckland],Yes
<A>,32,2026-02-25T23:31:29+13:00[Pacific/Auckland],2026-02-25T23:32:01+13:00[Pacific/Auckland],Yes
C,13,2026-02-25T23:32:01+13:00[Pacific/Auckland],2026-02-25T23:32:14+13:00[Pacific/Auckland],Yes
<A>,38,2026-02-25T23:32:14+13:00[Pacific/Auckland],2026-02-25T23:32:52+13:00[Pacific/Auckland],
B,22,2026-02-25T23:32:52+13:00[Pacific/Auckland],2026-02-25T23:33:14+13:00[Pacific/Auckland],Yes
D,16,2026-02-25T23:33:14+13:00[Pacific/Auckland],2026-02-25T23:33:30+13:00[Pacific/Auckland],Yes
<A>,109,2026-02-25T23:33:30+13:00[Pacific/Auckland],2026-02-25T23:35:19+13:00[Pacific/Auckland],Yes
C,16,2026-02-25T23:35:19+13:00[Pacific/Auckland],2026-02-25T23:35:35+13:00[Pacific/Auckland],Yes
D,16,2026-02-25T23:35:35+13:00[Pacific/Auckland],2026-02-25T23:35:51+13:00[Pacific/Auckland],Yes
<A>,29,2026-02-25T23:35:51+13:00[Pacific/Auckland],2026-02-25T23:36:20+13:00[Pacific/Auckland],Yes
C,12,2026-02-25T23:36:20+13:00[Pacific/Auckland],2026-02-25T23:36:32+13:00[Pacific/Auckland],Yes
<A>,19,2026-02-25T23:36:32+13:00[Pacific/Auckland],2026-02-25T23:36:51+13:00[Pacific/Auckland],Yes
B,16,2026-02-25T23:36:51+13:00[Pacific/Auckland],2026-02-25T23:37:07+13:00[Pacific/Auckland],Yes
C,17,2026-02-25T23:37:07+13:00[Pacific/Auckland],2026-02-25T23:37:24+13:00[Pacific/Auckland],Yes
<A>,40,2026-02-25T23:37:24+13:00[Pacific/Auckland],2026-02-25T23:38:04+13:00[Pacific/Auckland],Yes
C,18,2026-02-25T23:38:04+13:00[Pacific/Auckland],2026-02-25T23:38:22+13:00[Pacific/Auckland],Yes
<A>,35,2026-02-25T23:38:22+13:00[Pacific/Auckland],2026-02-25T23:38:57+13:00[Pacific/Auckland],
B,16,2026-02-25T23:38:57+13:00[Pacific/Auckland],2026-02-25T23:39:13+13:00[Pacific/Auckland],Yes
<A>,11,2026-02-25T23:39:13+13:00[Pacific/Auckland],2026-02-25T23:39:24+13:00[Pacific/Auckland],Yes
C,12,2026-02-25T23:39:24+13:00[Pacific/Auckland],2026-02-25T23:39:36+13:00[Pacific/Auckland],Yes
<A>,80,2026-02-25T23:39:36+13:00[Pacific/Auckland],2026-02-25T23:40:56+13:00[Pacific/Auckland],
B,16,2026-02-25T23:40:56+13:00[Pacific/Auckland],2026-02-25T23:41:12+13:00[Pacific/Auckland],Yes
C,17,2026-02-25T23:41:12+13:00[Pacific/Auckland],2026-02-25T23:41:29+13:00[Pacific/Auckland],Yes
D,16,2026-02-25T23:41:29+13:00[Pacific/Auckland],2026-02-25T23:41:45+13:00[Pacific/Auckland],Yes
<A>,80,2026-02-25T23:41:45+13:00[Pacific/Auckland],2026-02-25T23:43:05+13:00[Pacific/Auckland],
B,16,2026-02-25T23:43:05+13:00[Pacific/Auckland],2026-02-25T23:43:21+13:00[Pacific/Auckland],Yes
<A>,11,2026-02-25T23:43:21+13:00[Pacific/Auckland],2026-02-25T23:43:32+13:00[Pacific/Auckland],Yes
C,13,2026-02-25T23:43:32+13:00[Pacific/Auckland],2026-02-25T23:43:45+13:00[Pacific/Auckland],Yes
<A>,60,2026-02-25T23:43:45+13:00[Pacific/Auckland],2026-02-25T23:44:45+13:00[Pacific/Auckland],
B,16,2026-02-25T23:44:45+13:00[Pacific/Auckland],2026-02-25T23:45:01+13:00[Pacific/Auckland],Yes
<A>,138,2026-02-25T23:45:01+13:00[Pacific/Auckland],2026-02-25T23:47:19+13:00[Pacific/Auckland],
B,16,2026-02-25T23:47:19+13:00[Pacific/Auckland],2026-02-25T23:47:35+13:00[Pacific/Auckland],Yes
C,17,2026-02-25T23:47:35+13:00[Pacific/Auckland],2026-02-25T23:47:52+13:00[Pacific/Auckland],Yes
<A>,12,2026-02-25T23:47:52+13:00[Pacific/Auckland],2026-02-25T23:48:04+13:00[Pacific/Auckland],Yes
C,14,2026-02-25T23:48:04+13:00[Pacific/Auckland],2026-02-25T23:48:18+13:00[Pacific/Auckland],Yes
D,15,2026-02-25T23:48:18+13:00[Pacific/Auckland],2026-02-25T23:48:33+13:00[Pacific/Auckland],Yes
<A>,112,2026-02-25T23:48:33+13:00[Pacific/Auckland],2026-02-25T23:50:25+13:00[Pacific/Auckland],Yes
C,13,2026-02-25T23:50:25+13:00[Pacific/Auckland],2026-02-25T23:50:38+13:00[Pacific/Auckland],Yes
<A>,95,2026-02-25T23:50:38+13:00[Pacific/Auckland],2026-02-25T23:52:13+13:00[Pacific/Auckland],
B,16,2026-02-25T23:52:13+13:00[Pacific/Auckland],2026-02-25T23:52:29+13:00[Pacific/Auckland],Yes
C,17,2026-02-25T23:52:29+13:00[Pacific/Auckland],2026-02-25T23:52:46+13:00[Pacific/Auckland],Yes
<A>,384,2026-02-25T23:52:46+13:00[Pacific/Auckland],2026-02-25T23:59:10+13:00[Pacific/Auckland],
B,16,2026-02-25T23:59:10+13:00[Pacific/Auckland],2026-02-25T23:59:26+13:00[Pacific/Auckland],Yes
C,20,2026-02-25T23:59:26+13:00[Pacific/Auckland],2026-02-25T23:59:46+13:00[Pacific/Auckland],Yes
<A>,13,2026-02-25T23:59:46+13:00[Pacific/Auckland],2026-02-25T23:59:59+13:00[Pacific/Auckland],
